Date,Category,Price,Is_Promotion,Competitor_Price_Index,Units_Sold,Revenue
2021-01-01,Clothing,49.52,0,105.05,219,10844.88
2021-01-01,Electronics,301.9,0,94.44,137,41360.3
2021-01-01,Groceries,12.27,0,97.14,376,4613.52
2021-01-01,Home & Kitchen,88.17,0,104.75,166,14636.22
2021-01-02,Clothing,49.45,0,102.99,224,11076.8
2021-01-02,Electronics,287.15,0,96.48,134,38478.1
2021-01-02,Groceries,12.74,0,97.0,512,6522.88
2021-01-02,Home & Kitchen,89.97,0,96.82,159,14305.23
2021-01-03,Clothing,48.66,0,105.46,227,11045.82
2021-01-03,Electronics,272.33,1,98.85,166,45206.78
2021-01-03,Groceries,12.72,0,101.09,460,5851.2
2021-01-03,Home & Kitchen,89.16,0,92.08,201,17921.16
2021-01-04,Clothing,49.15,0,104.44,189,9289.35
2021-01-04,Electronics,300.8,0,94.35,145,43616.0
2021-01-04,Groceries,12.77,0,92.46,473,6040.21
2021-01-04,Home & Kitchen,91.45,0,97.95,187,17101.15
2021-01-05,Clothing,49.95,0,103.98,255,12737.25
2021-01-05,Electronics,299.54,0,94.81,155,46428.7
2021-01-05,Groceries,12.48,0,98.01,424,5291.52
2021-01-05,Home & Kitchen,89.59,0,105.21,167,14961.53
2021-01-06,Clothing,50.91,0,97.87,212,10792.92
2021-01-06,Electronics,304.45,0,96.05,125,38056.25
2021-01-06,Groceries,12.54,0,106.86,468,5868.72
2021-01-06,Home & Kitchen,80.29,1,103.37,164,13167.56
2021-01-07,Clothing,49.83,0,98.55,215,10713.45
2021-01-07,Electronics,302.06,0,86.72,121,36549.26
2021-01-07,Groceries,12.85,0,95.28,480,6168.0
2021-01-07,Home & Kitchen,90.1,0,91.63,210,18921.0
2021-01-08,Clothing,51.13,0,97.89,227,11606.51
2021-01-08,Electronics,268.44,1,102.39,163,43755.72
2021-01-08,Groceries,12.85,0,95.99,537,6900.45
2021-01-08,Home & Kitchen,88.21,0,106.96,149,13143.29
2021-01-09,Clothing,48.93,0,98.17,237,11596.41
2021-01-09,Electronics,275.23,1,108.53,211,58073.53
2021-01-09,Groceries,12.46,0,103.1,485,6043.1
2021-01-09,Home & Kitchen,82.46,1,95.57,195,16079.7
2021-01-10,Clothing,50.25,0,98.97,248,12462.0
2021-01-10,Electronics,315.22,0,106.82,143,45076.46
2021-01-10,Groceries,12.28,0,106.5,526,6459.28
2021-01-10,Home & Kitchen,81.52,1,106.09,208,16956.16
2021-01-11,Clothing,49.02,0,106.63,229,11225.58
2021-01-11,Electronics,262.69,1,100.87,220,57791.8
2021-01-11,Groceries,12.82,0,103.85,498,6384.36
2021-01-11,Home & Kitchen,89.55,0,104.7,146,13074.3
2021-01-12,Clothing,49.73,0,102.69,296,14720.08
2021-01-12,Electronics,298.55,0,104.39,161,48066.55
2021-01-12,Groceries,12.74,0,95.18,483,6153.42
2021-01-12,Home & Kitchen,89.59,0,99.31,175,15678.25
2021-01-13,Clothing,49.54,0,103.89,231,11443.74
2021-01-13,Electronics,274.43,1,99.38,168,46104.24
2021-01-13,Groceries,12.52,0,103.55,507,6347.64
2021-01-13,Home & Kitchen,81.1,1,108.81,173,14030.3
2021-01-14,Clothing,50.5,0,106.91,219,11059.5
2021-01-14,Electronics,306.39,0,104.36,107,32783.73
2021-01-14,Groceries,12.72,0,100.12,539,6856.08
2021-01-14,Home & Kitchen,91.71,0,100.04,174,15957.54
2021-01-15,Clothing,47.31,1,95.72,177,8373.87
2021-01-15,Electronics,290.99,0,94.24,136,39574.64
2021-01-15,Groceries,12.52,0,97.93,446,5583.92
2021-01-15,Home & Kitchen,88.7,0,98.33,175,15522.5
2021-01-16,Clothing,47.97,0,104.14,228,10937.16
2021-01-16,Electronics,311.05,0,111.95,186,57855.3
2021-01-16,Groceries,12.08,0,97.78,471,5689.68
2021-01-16,Home & Kitchen,89.14,0,108.31,169,15064.66
2021-01-17,Clothing,48.47,0,108.26,205,9936.35
2021-01-17,Electronics,307.59,0,104.73,161,49521.99
2021-01-17,Groceries,12.97,0,98.81,501,6497.97
2021-01-17,Home & Kitchen,89.54,0,95.34,157,14057.78
2021-01-18,Clothing,51.15,0,97.67,202,10332.3
2021-01-18,Electronics,307.93,0,107.72,129,39722.97
2021-01-18,Groceries,12.52,0,98.99,508,6360.16
2021-01-18,Home & Kitchen,92.84,0,100.63,137,12719.08
2021-01-19,Clothing,50.27,0,99.46,180,9048.6
2021-01-19,Electronics,300.42,0,103.43,143,42960.06
2021-01-19,Groceries,11.13,1,104.42,526,5854.38
2021-01-19,Home & Kitchen,91.61,0,98.22,168,15390.48
2021-01-20,Clothing,49.97,0,96.45,207,10343.79
2021-01-20,Electronics,305.25,0,96.85,146,44566.5
2021-01-20,Groceries,12.79,0,96.65,545,6970.55
2021-01-20,Home & Kitchen,92.34,0,97.8,163,15051.42
2021-01-21,Clothing,50.09,0,96.93,223,11170.07
2021-01-21,Electronics,305.11,0,98.8,126,38443.86
2021-01-21,Groceries,12.39,0,91.04,531,6579.09
2021-01-21,Home & Kitchen,91.11,0,94.02,175,15944.25
2021-01-22,Clothing,49.16,0,108.85,192,9438.72
2021-01-22,Electronics,269.94,1,96.5,113,30503.22
2021-01-22,Groceries,11.59,1,103.07,535,6200.65
2021-01-22,Home & Kitchen,89.14,0,101.02,167,14886.38
2021-01-23,Clothing,45.3,1,106.8,357,16172.1
2021-01-23,Electronics,267.13,1,105.77,191,51021.83
2021-01-23,Groceries,12.5,0,98.49,476,5950.0
2021-01-23,Home & Kitchen,81.57,1,99.76,208,16966.56
2021-01-24,Clothing,50.21,0,95.78,224,11247.04
2021-01-24,Electronics,300.52,0,102.46,117,35160.84
2021-01-24,Groceries,11.26,1,102.37,683,7690.58
2021-01-24,Home & Kitchen,93.87,0,102.03,168,15770.16
2021-01-25,Clothing,47.87,0,103.92,185,8855.95
2021-01-25,Electronics,305.85,0,99.45,97,29667.45
2021-01-25,Groceries,12.59,0,90.44,506,6370.54
2021-01-25,Home & Kitchen,87.61,0,104.85,200,17522.0
2021-01-26,Clothing,49.88,0,94.51,247,12320.36
2021-01-26,Electronics,298.3,0,99.63,141,42060.3
2021-01-26,Groceries,12.49,0,99.46,494,6170.06
2021-01-26,Home & Kitchen,90.0,0,101.51,165,14850.0
2021-01-27,Clothing,48.46,0,102.68,249,12066.54
2021-01-27,Electronics,290.4,0,98.43,100,29040.0
2021-01-27,Groceries,11.76,1,101.21,562,6609.12
2021-01-27,Home & Kitchen,93.7,0,107.76,199,18646.3
2021-01-28,Clothing,49.81,0,104.39,143,7122.83
2021-01-28,Electronics,298.38,0,94.9,171,51022.98
2021-01-28,Groceries,12.47,0,104.43,492,6135.24
2021-01-28,Home & Kitchen,92.92,0,89.15,137,12730.04
2021-01-29,Clothing,47.92,0,91.68,201,9631.92
2021-01-29,Electronics,304.77,0,99.93,127,38705.79
2021-01-29,Groceries,12.48,0,99.39,440,5491.2
2021-01-29,Home & Kitchen,89.88,0,102.44,183,16448.04
2021-01-30,Clothing,44.88,1,97.2,245,10995.6
2021-01-30,Electronics,297.14,0,97.77,134,39816.76
2021-01-30,Groceries,11.93,0,100.29,501,5976.93
2021-01-30,Home & Kitchen,88.73,0,100.21,189,16769.97
2021-01-31,Clothing,49.72,0,102.9,144,7159.68
2021-01-31,Electronics,298.32,0,104.26,136,40571.52
2021-01-31,Groceries,11.95,0,96.87,539,6441.05
2021-01-31,Home & Kitchen,95.53,0,95.06,207,19774.71
2021-02-01,Clothing,49.34,0,95.48,167,8239.78
2021-02-01,Electronics,255.25,1,107.62,161,41095.25
2021-02-01,Groceries,11.48,1,101.09,606,6956.88
2021-02-01,Home & Kitchen,90.13,0,103.27,148,13339.24
2021-02-02,Clothing,50.92,0,96.66,272,13850.24
2021-02-02,Electronics,309.48,0,97.8,126,38994.48
2021-02-02,Groceries,12.53,0,100.14,471,5901.63
2021-02-02,Home & Kitchen,88.82,0,98.81,156,13855.92
2021-02-03,Clothing,49.75,0,103.42,174,8656.5
2021-02-03,Electronics,296.72,0,95.86,73,21660.56
2021-02-03,Groceries,12.57,0,101.19,457,5744.49
2021-02-03,Home & Kitchen,90.17,0,97.34,181,16320.77
2021-02-04,Clothing,48.36,0,94.99,208,10058.88
2021-02-04,Electronics,295.42,0,104.67,122,36041.24
2021-02-04,Groceries,11.45,1,92.38,506,5793.7
2021-02-04,Home & Kitchen,88.82,0,101.34,167,14832.94
2021-02-05,Clothing,47.52,0,103.86,178,8458.56
2021-02-05,Electronics,304.55,0,96.99,164,49946.2
2021-02-05,Groceries,12.52,0,100.85,506,6335.12
2021-02-05,Home & Kitchen,90.6,0,107.9,158,14314.8
2021-02-06,Clothing,50.86,0,105.17,215,10934.9
2021-02-06,Electronics,298.08,0,98.41,170,50673.6
2021-02-06,Groceries,12.83,0,98.75,479,6145.57
2021-02-06,Home & Kitchen,90.02,0,88.85,220,19804.4
2021-02-07,Clothing,49.81,0,100.48,267,13299.27
2021-02-07,Electronics,304.93,0,98.8,179,54582.47
2021-02-07,Groceries,11.56,1,102.55,627,7248.12
2021-02-07,Home & Kitchen,89.69,0,100.41,170,15247.3
2021-02-08,Clothing,49.72,0,104.15,173,8601.56
2021-02-08,Electronics,302.4,0,107.55,128,38707.2
2021-02-08,Groceries,12.36,0,97.86,525,6489.0
2021-02-08,Home & Kitchen,90.73,0,104.87,204,18508.92
2021-02-09,Clothing,50.64,0,104.18,205,10381.2
2021-02-09,Electronics,296.91,0,94.71,141,41864.31
2021-02-09,Groceries,13.16,0,100.9,479,6303.64
2021-02-09,Home & Kitchen,90.19,0,100.23,182,16414.58
2021-02-10,Clothing,51.58,0,94.3,190,9800.2
2021-02-10,Electronics,302.64,0,101.08,144,43580.16
2021-02-10,Groceries,12.7,0,99.55,589,7480.3
2021-02-10,Home & Kitchen,89.71,0,102.62,159,14263.89
2021-02-11,Clothing,49.65,0,103.14,266,13206.9
2021-02-11,Electronics,286.07,0,104.26,132,37761.24
2021-02-11,Groceries,12.46,0,94.37,488,6080.48
2021-02-11,Home & Kitchen,89.57,0,93.4,182,16301.74
2021-02-12,Clothing,52.56,0,99.18,210,11037.6
2021-02-12,Electronics,303.09,0,94.91,118,35764.62
2021-02-12,Groceries,11.42,1,96.09,556,6349.52
2021-02-12,Home & Kitchen,89.93,0,100.78,157,14119.01
2021-02-13,Clothing,49.65,0,93.8,215,10674.75
2021-02-13,Electronics,284.03,0,106.94,106,30107.18
2021-02-13,Groceries,12.63,0,99.25,542,6845.46
2021-02-13,Home & Kitchen,89.69,0,93.37,214,19193.66
2021-02-14,Clothing,48.77,0,99.35,254,12387.58
2021-02-14,Electronics,265.62,1,96.48,226,60030.12
2021-02-14,Groceries,11.01,1,104.07,596,6561.96
2021-02-14,Home & Kitchen,88.04,0,101.26,201,17696.04
2021-02-15,Clothing,48.43,0,95.92,230,11138.9
2021-02-15,Electronics,310.58,0,91.65,108,33542.64
2021-02-15,Groceries,11.96,0,106.23,419,5011.24
2021-02-15,Home & Kitchen,89.01,0,97.28,177,15754.77
2021-02-16,Clothing,45.3,1,106.73,194,8788.2
2021-02-16,Electronics,299.8,0,104.86,131,39273.8
2021-02-16,Groceries,12.4,0,96.89,438,5431.2
2021-02-16,Home & Kitchen,90.34,0,100.5,150,13551.0
2021-02-17,Clothing,45.25,1,102.63,317,14344.25
2021-02-17,Electronics,304.3,0,110.03,128,38950.4
2021-02-17,Groceries,12.63,0,94.98,483,6100.29
2021-02-17,Home & Kitchen,88.87,0,104.03,170,15107.9
2021-02-18,Clothing,49.07,0,102.91,163,7998.41
2021-02-18,Electronics,301.18,0,98.26,104,31322.72
2021-02-18,Groceries,12.06,0,102.87,573,6910.38
2021-02-18,Home & Kitchen,88.45,0,98.48,184,16274.8
2021-02-19,Clothing,51.14,0,96.71,186,9512.04
2021-02-19,Electronics,260.88,1,103.04,196,51132.48
2021-02-19,Groceries,11.17,1,100.9,655,7316.35
2021-02-19,Home & Kitchen,91.26,0,99.76,159,14510.34
2021-02-20,Clothing,44.92,1,105.72,328,14733.76
2021-02-20,Electronics,305.57,0,94.56,117,35751.69
2021-02-20,Groceries,12.53,0,105.32,543,6803.79
2021-02-20,Home & Kitchen,91.49,0,103.09,200,18298.0
2021-02-21,Clothing,43.91,1,100.67,348,15280.68
2021-02-21,Electronics,299.64,0,92.37,181,54234.84
2021-02-21,Groceries,12.48,0,105.65,492,6140.16
2021-02-21,Home & Kitchen,90.16,0,104.43,182,16409.12
2021-02-22,Clothing,51.44,0,100.67,218,11213.92
2021-02-22,Electronics,307.66,0,94.79,135,41534.1
2021-02-22,Groceries,12.57,0,104.34,437,5493.09
2021-02-22,Home & Kitchen,81.14,1,102.93,241,19554.74
2021-02-23,Clothing,49.54,0,87.58,263,13029.02
2021-02-23,Electronics,295.89,0,106.12,129,38169.81
2021-02-23,Groceries,12.7,0,95.64,480,6096.0
2021-02-23,Home & Kitchen,88.18,0,95.98,156,13756.08
2021-02-24,Clothing,50.97,0,103.41,205,10448.85
2021-02-24,Electronics,262.75,1,90.33,161,42302.75
2021-02-24,Groceries,12.33,0,111.55,539,6645.87
2021-02-24,Home & Kitchen,88.84,0,108.11,161,14303.24
2021-02-25,Clothing,51.41,0,99.16,192,9870.72
2021-02-25,Electronics,296.25,0,102.78,130,38512.5
2021-02-25,Groceries,12.41,0,101.72,464,5758.24
2021-02-25,Home & Kitchen,92.78,0,96.48,208,19298.24
2021-02-26,Clothing,49.81,0,105.42,185,9214.85
2021-02-26,Electronics,273.49,1,98.19,219,59894.31
2021-02-26,Groceries,12.26,0,104.42,459,5627.34
2021-02-26,Home & Kitchen,89.06,0,99.96,177,15763.62
2021-02-27,Clothing,50.67,0,101.72,298,15099.66
2021-02-27,Electronics,294.77,0,82.6,193,56890.61
2021-02-27,Groceries,12.58,0,101.2,550,6919.0
2021-02-27,Home & Kitchen,91.47,0,102.11,203,18568.41
2021-02-28,Clothing,49.82,0,102.4,239,11906.98
2021-02-28,Electronics,309.18,0,105.04,147,45449.46
2021-02-28,Groceries,12.62,0,96.55,530,6688.6
2021-02-28,Home & Kitchen,90.33,0,102.0,194,17524.02
2021-03-01,Clothing,45.24,1,101.07,350,15834.0
2021-03-01,Electronics,291.89,0,103.77,181,52832.09
2021-03-01,Groceries,12.14,0,106.04,501,6082.14
2021-03-01,Home & Kitchen,82.92,1,102.04,192,15920.64
2021-03-02,Clothing,49.43,0,100.64,227,11220.61
2021-03-02,Electronics,275.78,1,90.95,185,51019.3
2021-03-02,Groceries,11.99,0,99.34,523,6270.77
2021-03-02,Home & Kitchen,87.38,0,105.4,130,11359.4
2021-03-03,Clothing,50.64,0,106.55,211,10685.04
2021-03-03,Electronics,305.91,0,103.24,173,52922.43
2021-03-03,Groceries,12.92,0,93.86,530,6847.6
2021-03-03,Home & Kitchen,87.74,0,98.97,203,17811.22
2021-03-04,Clothing,50.56,0,98.85,231,11679.36
2021-03-04,Electronics,299.82,0,102.53,152,45572.64
2021-03-04,Groceries,12.58,0,95.28,545,6856.1
2021-03-04,Home & Kitchen,88.77,0,102.46,211,18730.47
2021-03-05,Clothing,49.54,0,102.82,149,7381.46
2021-03-05,Electronics,299.9,0,96.3,105,31489.5
2021-03-05,Groceries,11.08,1,99.13,683,7567.64
2021-03-05,Home & Kitchen,91.4,0,97.52,184,16817.6
2021-03-06,Clothing,49.99,0,97.98,195,9748.05
2021-03-06,Electronics,296.56,0,99.88,159,47153.04
2021-03-06,Groceries,12.95,0,102.62,481,6228.95
2021-03-06,Home & Kitchen,88.19,0,100.19,190,16756.1
2021-03-07,Clothing,46.39,1,97.78,349,16190.11
2021-03-07,Electronics,303.73,0,104.94,154,46774.42
2021-03-07,Groceries,11.34,1,109.06,612,6940.08
2021-03-07,Home & Kitchen,91.88,0,103.41,185,16997.8
2021-03-08,Clothing,51.73,0,106.59,223,11535.79
2021-03-08,Electronics,275.69,1,100.57,198,54586.62
2021-03-08,Groceries,11.12,1,94.84,599,6660.88
2021-03-08,Home & Kitchen,93.1,0,105.65,185,17223.5
2021-03-09,Clothing,44.73,1,101.06,206,9214.38
2021-03-09,Electronics,303.38,0,94.36,134,40652.92
2021-03-09,Groceries,12.72,0,104.66,422,5367.84
2021-03-09,Home & Kitchen,90.39,0,95.49,198,17897.22
2021-03-10,Clothing,51.47,0,97.14,265,13639.55
2021-03-10,Electronics,310.67,0,99.47,106,32931.02
2021-03-10,Groceries,12.33,0,102.01,510,6288.3
2021-03-10,Home & Kitchen,90.97,0,98.54,170,15464.9
2021-03-11,Clothing,48.7,0,101.6,258,12564.6
2021-03-11,Electronics,301.4,0,88.83,119,35866.6
2021-03-11,Groceries,12.43,0,92.22,414,5146.02
2021-03-11,Home & Kitchen,87.19,0,101.27,169,14735.11
2021-03-12,Clothing,50.37,0,106.11,233,11736.21
2021-03-12,Electronics,303.11,0,95.81,169,51225.59
2021-03-12,Groceries,12.59,0,98.48,485,6106.15
2021-03-12,Home & Kitchen,82.3,1,97.25,224,18435.2
2021-03-13,Clothing,50.91,0,102.24,250,12727.5
2021-03-13,Electronics,263.78,1,99.35,229,60405.62
2021-03-13,Groceries,13.23,0,89.5,483,6390.09
2021-03-13,Home & Kitchen,82.99,1,102.02,222,18423.78
2021-03-14,Clothing,50.86,0,99.18,256,13020.16
2021-03-14,Electronics,296.09,0,101.38,196,58033.64
2021-03-14,Groceries,13.0,0,99.85,557,7241.0
2021-03-14,Home & Kitchen,91.98,0,101.54,222,20419.56
2021-03-15,Clothing,49.93,0,101.48,231,11533.83
2021-03-15,Electronics,309.78,0,94.55,130,40271.4
2021-03-15,Groceries,12.86,0,101.7,522,6712.92
2021-03-15,Home & Kitchen,92.13,0,101.78,155,14280.15
2021-03-16,Clothing,44.82,1,98.69,286,12818.52
2021-03-16,Electronics,303.8,0,103.61,182,55291.6
2021-03-16,Groceries,12.09,0,93.61,464,5609.76
2021-03-16,Home & Kitchen,88.84,0,107.76,153,13592.52
2021-03-17,Clothing,50.97,0,107.67,209,10652.73
2021-03-17,Electronics,295.79,0,100.85,177,52354.83
2021-03-17,Groceries,12.5,0,97.73,454,5675.0
2021-03-17,Home & Kitchen,91.83,0,92.34,229,21029.07
2021-03-18,Clothing,49.24,0,101.96,211,10389.64
2021-03-18,Electronics,303.44,0,103.4,144,43695.36
2021-03-18,Groceries,12.25,0,95.65,539,6602.75
2021-03-18,Home & Kitchen,91.64,0,96.91,149,13654.36
2021-03-19,Clothing,50.1,0,99.2,174,8717.4
2021-03-19,Electronics,290.47,0,96.98,147,42699.09
2021-03-19,Groceries,12.27,0,100.8,557,6834.39
2021-03-19,Home & Kitchen,90.22,0,99.62,172,15517.84
2021-03-20,Clothing,48.59,0,102.01,302,14674.18
2021-03-20,Electronics,302.29,0,106.03,164,49575.56
2021-03-20,Groceries,12.69,0,98.62,551,6992.19
2021-03-20,Home & Kitchen,89.46,0,96.5,226,20217.96
2021-03-21,Clothing,50.62,0,93.81,256,12958.72
2021-03-21,Electronics,295.3,0,101.2,227,67033.1
2021-03-21,Groceries,12.91,0,106.12,460,5938.6
2021-03-21,Home & Kitchen,89.83,0,101.34,253,22726.99
2021-03-22,Clothing,50.56,0,90.43,279,14106.24
2021-03-22,Electronics,295.36,0,102.07,116,34261.76
2021-03-22,Groceries,12.32,0,94.5,478,5888.96
2021-03-22,Home & Kitchen,90.41,0,99.01,151,13651.91
2021-03-23,Clothing,51.66,0,93.83,237,12243.42
2021-03-23,Electronics,312.7,0,102.31,123,38462.1
2021-03-23,Groceries,12.33,0,100.48,463,5708.79
2021-03-23,Home & Kitchen,89.79,0,103.15,164,14725.56
2021-03-24,Clothing,51.2,0,92.96,228,11673.6
2021-03-24,Electronics,292.7,0,106.57,139,40685.3
2021-03-24,Groceries,12.56,0,96.25,482,6053.92
2021-03-24,Home & Kitchen,91.26,0,101.81,202,18434.52
2021-03-25,Clothing,48.15,0,98.81,241,11604.15
2021-03-25,Electronics,264.65,1,94.65,190,50283.5
2021-03-25,Groceries,12.22,0,110.78,537,6562.14
2021-03-25,Home & Kitchen,90.14,0,100.16,181,16315.34
2021-03-26,Clothing,50.53,0,98.82,192,9701.76
2021-03-26,Electronics,303.59,0,102.84,141,42806.19
2021-03-26,Groceries,12.54,0,100.25,495,6207.3
2021-03-26,Home & Kitchen,89.94,0,100.99,200,17988.0
2021-03-27,Clothing,44.38,1,100.32,309,13713.42
2021-03-27,Electronics,303.17,0,96.75,111,33651.87
2021-03-27,Groceries,11.26,1,102.54,520,5855.2
2021-03-27,Home & Kitchen,88.3,0,96.77,201,17748.3
2021-03-28,Clothing,44.78,1,102.09,386,17285.08
2021-03-28,Electronics,292.3,0,102.7,150,43845.0
2021-03-28,Groceries,11.15,1,97.18,586,6533.9
2021-03-28,Home & Kitchen,80.29,1,96.47,260,20875.4
2021-03-29,Clothing,48.62,0,111.44,217,10550.54
2021-03-29,Electronics,305.46,0,92.33,167,51011.82
2021-03-29,Groceries,12.42,0,106.04,540,6706.8
2021-03-29,Home & Kitchen,79.95,1,103.81,166,13271.7
2021-03-30,Clothing,49.97,0,94.41,246,12292.62
2021-03-30,Electronics,265.21,1,104.32,221,58611.41
2021-03-30,Groceries,11.77,1,90.2,526,6191.02
2021-03-30,Home & Kitchen,89.68,0,99.8,219,19639.92
2021-03-31,Clothing,49.32,0,101.04,262,12921.84
2021-03-31,Electronics,286.33,0,95.63,163,46671.79
2021-03-31,Groceries,12.4,0,92.0,502,6224.8
2021-03-31,Home & Kitchen,91.33,0,104.61,192,17535.36
2021-04-01,Clothing,52.0,0,100.31,231,12012.0
2021-04-01,Electronics,301.0,0,96.8,126,37926.0
2021-04-01,Groceries,11.14,1,101.18,545,6071.3
2021-04-01,Home & Kitchen,92.15,0,106.49,173,15941.95
2021-04-02,Clothing,50.99,0,96.46,200,10198.0
2021-04-02,Electronics,297.37,0,97.74,164,48768.68
2021-04-02,Groceries,12.37,0,93.74,518,6407.66
2021-04-02,Home & Kitchen,90.81,0,95.37,230,20886.3
2021-04-03,Clothing,49.63,0,102.97,218,10819.34
2021-04-03,Electronics,280.79,1,107.28,274,76936.46
2021-04-03,Groceries,12.18,0,97.03,457,5566.26
2021-04-03,Home & Kitchen,89.59,0,90.26,201,18007.59
2021-04-04,Clothing,49.82,0,101.33,257,12803.74
2021-04-04,Electronics,305.47,0,93.3,185,56511.95
2021-04-04,Groceries,12.46,0,106.07,563,7014.98
2021-04-04,Home & Kitchen,90.32,0,103.67,181,16347.92
2021-04-05,Clothing,51.23,0,102.89,228,11680.44
2021-04-05,Electronics,299.47,0,99.53,178,53305.66
2021-04-05,Groceries,12.77,0,111.5,432,5516.64
2021-04-05,Home & Kitchen,91.35,0,100.39,195,17813.25
2021-04-06,Clothing,49.78,0,99.9,198,9856.44
2021-04-06,Electronics,302.86,0,96.89,152,46034.72
2021-04-06,Groceries,12.15,0,101.3,537,6524.55
2021-04-06,Home & Kitchen,92.14,0,107.23,176,16216.64
2021-04-07,Clothing,51.72,0,95.9,215,11119.8
2021-04-07,Electronics,293.35,0,92.75,147,43122.45
2021-04-07,Groceries,12.86,0,91.51,576,7407.36
2021-04-07,Home & Kitchen,78.25,1,96.25,267,20892.75
2021-04-08,Clothing,46.53,1,98.52,389,18100.17
2021-04-08,Electronics,294.98,0,100.91,214,63125.72
2021-04-08,Groceries,12.74,0,108.15,484,6166.16
2021-04-08,Home & Kitchen,88.52,0,104.14,189,16730.28
2021-04-09,Clothing,48.85,0,103.41,223,10893.55
2021-04-09,Electronics,266.1,1,105.58,256,68121.6
2021-04-09,Groceries,12.47,0,95.78,529,6596.63
2021-04-09,Home & Kitchen,88.15,0,93.17,226,19921.9
2021-04-10,Clothing,51.87,0,98.48,304,15768.48
2021-04-10,Electronics,301.56,0,98.25,208,62724.48
2021-04-10,Groceries,12.21,0,92.95,509,6214.89
2021-04-10,Home & Kitchen,90.57,0,103.86,207,18747.99
2021-04-11,Clothing,48.82,0,102.01,150,7323.0
2021-04-11,Electronics,298.82,0,105.16,171,51098.22
2021-04-11,Groceries,11.16,1,101.03,478,5334.48
2021-04-11,Home & Kitchen,88.91,0,99.2,220,19560.2
2021-04-12,Clothing,44.89,1,100.61,290,13018.1
2021-04-12,Electronics,296.55,0,101.98,169,50116.95
2021-04-12,Groceries,12.44,0,101.78,477,5933.88
2021-04-12,Home & Kitchen,92.68,0,95.39,185,17145.8
2021-04-13,Clothing,50.73,0,94.34,221,11211.33
2021-04-13,Electronics,269.91,1,97.37,229,61809.39
2021-04-13,Groceries,11.27,1,101.24,620,6987.4
2021-04-13,Home & Kitchen,78.18,1,100.48,225,17590.5
2021-04-14,Clothing,48.38,0,112.07,272,13159.36
2021-04-14,Electronics,303.39,0,94.45,128,38833.92
2021-04-14,Groceries,11.11,1,97.87,617,6854.87
2021-04-14,Home & Kitchen,88.16,0,97.75,193,17014.88
2021-04-15,Clothing,43.92,1,109.06,168,7378.56
2021-04-15,Electronics,300.9,0,98.52,171,51453.9
2021-04-15,Groceries,13.0,0,97.76,583,7579.0
2021-04-15,Home & Kitchen,90.03,0,94.83,177,15935.31
2021-04-16,Clothing,49.51,0,103.01,199,9852.49
2021-04-16,Electronics,299.64,0,96.76,146,43747.44
2021-04-16,Groceries,12.52,0,92.77,498,6234.96
2021-04-16,Home & Kitchen,91.58,0,102.56,191,17491.78
2021-04-17,Clothing,50.1,0,102.53,202,10120.2
2021-04-17,Electronics,299.96,0,95.13,209,62691.64
2021-04-17,Groceries,12.84,0,101.81,580,7447.2
2021-04-17,Home & Kitchen,90.11,0,102.68,230,20725.3
2021-04-18,Clothing,49.66,0,97.86,239,11868.74
2021-04-18,Electronics,303.93,0,104.91,204,62001.72
2021-04-18,Groceries,12.69,0,101.49,525,6662.25
2021-04-18,Home & Kitchen,90.03,0,94.18,241,21697.23
2021-04-19,Clothing,49.8,0,107.16,268,13346.4
2021-04-19,Electronics,299.72,0,101.33,192,57546.24
2021-04-19,Groceries,12.43,0,100.16,585,7271.55
2021-04-19,Home & Kitchen,90.34,0,101.12,186,16803.24
2021-04-20,Clothing,51.31,0,101.75,230,11801.3
2021-04-20,Electronics,301.82,0,101.35,209,63080.38
2021-04-20,Groceries,11.94,0,99.54,494,5898.36
2021-04-20,Home & Kitchen,91.5,0,104.96,205,18757.5
2021-04-21,Clothing,51.21,0,89.85,287,14697.27
2021-04-21,Electronics,267.53,1,97.17,207,55378.71
2021-04-21,Groceries,12.81,0,99.48,516,6609.96
2021-04-21,Home & Kitchen,78.87,1,100.68,272,21452.64
2021-04-22,Clothing,50.12,0,103.89,302,15136.24
2021-04-22,Electronics,303.14,0,97.99,152,46077.28
2021-04-22,Groceries,12.17,0,105.14,544,6620.48
2021-04-22,Home & Kitchen,90.73,0,103.34,190,17238.7
2021-04-23,Clothing,47.82,0,88.62,265,12672.3
2021-04-23,Electronics,300.89,0,95.17,122,36708.58
2021-04-23,Groceries,12.26,0,99.06,506,6203.56
2021-04-23,Home & Kitchen,90.91,0,102.11,190,17272.9
2021-04-24,Clothing,45.36,1,98.07,416,18869.76
2021-04-24,Electronics,296.83,0,104.44,202,59959.66
2021-04-24,Groceries,11.18,1,90.57,542,6059.56
2021-04-24,Home & Kitchen,91.7,0,103.9,250,22925.0
2021-04-25,Clothing,50.06,0,97.66,296,14817.76
2021-04-25,Electronics,296.09,0,103.67,188,55664.92
2021-04-25,Groceries,11.54,1,101.74,628,7247.12
2021-04-25,Home & Kitchen,90.33,0,103.21,236,21317.88
2021-04-26,Clothing,49.85,0,98.24,269,13409.65
2021-04-26,Electronics,295.86,0,90.95,203,60059.58
2021-04-26,Groceries,12.94,0,106.11,476,6159.44
2021-04-26,Home & Kitchen,89.55,0,103.91,179,16029.45
2021-04-27,Clothing,49.37,0,103.06,243,11996.91
2021-04-27,Electronics,300.85,0,102.12,203,61072.55
2021-04-27,Groceries,11.95,0,97.8,508,6070.6
2021-04-27,Home & Kitchen,87.28,0,89.66,212,18503.36
2021-04-28,Clothing,48.12,0,97.11,241,11596.92
2021-04-28,Electronics,300.03,0,98.98,194,58205.82
2021-04-28,Groceries,12.45,0,96.1,481,5988.45
2021-04-28,Home & Kitchen,89.69,0,101.34,197,17668.93
2021-04-29,Clothing,50.26,0,90.71,255,12816.3
2021-04-29,Electronics,296.07,0,98.0,133,39377.31
2021-04-29,Groceries,12.36,0,104.61,523,6464.28
2021-04-29,Home & Kitchen,89.51,0,96.93,179,16022.29
2021-04-30,Clothing,44.77,1,97.55,279,12490.83
2021-04-30,Electronics,298.15,0,95.56,206,61418.9
2021-04-30,Groceries,12.79,0,106.13,565,7226.35
2021-04-30,Home & Kitchen,82.27,1,91.33,253,20814.31
2021-05-01,Clothing,44.96,1,96.28,326,14656.96
2021-05-01,Electronics,303.81,0,101.91,189,57420.09
2021-05-01,Groceries,12.38,0,113.39,460,5694.8
2021-05-01,Home & Kitchen,91.73,0,103.66,227,20822.71
2021-05-02,Clothing,51.38,0,94.53,250,12845.0
2021-05-02,Electronics,295.52,0,109.2,165,48760.8
2021-05-02,Groceries,12.33,0,90.9,465,5733.45
2021-05-02,Home & Kitchen,91.85,0,105.86,241,22135.85
2021-05-03,Clothing,46.3,1,97.85,374,17316.2
2021-05-03,Electronics,292.7,0,98.73,145,42441.5
2021-05-03,Groceries,12.32,0,99.25,563,6936.16
2021-05-03,Home & Kitchen,87.77,0,94.08,187,16412.99
2021-05-04,Clothing,45.54,1,94.27,311,14162.94
2021-05-04,Electronics,297.22,0,109.46,168,49932.96
2021-05-04,Groceries,12.41,0,94.51,447,5547.27
2021-05-04,Home & Kitchen,91.24,0,98.23,192,17518.08
2021-05-05,Clothing,49.81,0,89.81,318,15839.58
2021-05-05,Electronics,291.07,0,92.3,183,53265.81
2021-05-05,Groceries,12.81,0,98.9,477,6110.37
2021-05-05,Home & Kitchen,89.69,0,95.63,190,17041.1
2021-05-06,Clothing,47.06,1,90.88,270,12706.2
2021-05-06,Electronics,302.95,0,100.31,194,58772.3
2021-05-06,Groceries,12.72,0,101.46,598,7606.56
2021-05-06,Home & Kitchen,89.15,0,105.64,198,17651.7
2021-05-07,Clothing,50.3,0,108.85,226,11367.8
2021-05-07,Electronics,301.44,0,92.38,177,53354.88
2021-05-07,Groceries,11.47,1,96.67,592,6790.24
2021-05-07,Home & Kitchen,92.02,0,94.14,199,18311.98
2021-05-08,Clothing,47.85,0,96.37,370,17704.5
2021-05-08,Electronics,294.93,0,92.76,206,60755.58
2021-05-08,Groceries,12.42,0,105.97,557,6917.94
2021-05-08,Home & Kitchen,89.63,0,107.46,217,19449.71
2021-05-09,Clothing,50.65,0,105.02,268,13574.2
2021-05-09,Electronics,298.76,0,105.83,187,55868.12
2021-05-09,Groceries,11.19,1,109.79,666,7452.54
2021-05-09,Home & Kitchen,79.24,1,105.51,242,19176.08
2021-05-10,Clothing,45.72,1,104.28,337,15407.64
2021-05-10,Electronics,295.89,0,95.53,158,46750.62
2021-05-10,Groceries,12.35,0,102.11,549,6780.15
2021-05-10,Home & Kitchen,90.62,0,105.91,223,20208.26
2021-05-11,Clothing,44.2,1,91.84,300,13260.0
2021-05-11,Electronics,269.85,1,95.9,183,49382.55
2021-05-11,Groceries,12.65,0,100.15,503,6362.95
2021-05-11,Home & Kitchen,91.18,0,98.9,220,20059.6
2021-05-12,Clothing,50.82,0,96.18,235,11942.7
2021-05-12,Electronics,265.73,1,99.19,206,54740.38
2021-05-12,Groceries,12.47,0,92.3,525,6546.75
2021-05-12,Home & Kitchen,92.44,0,100.12,176,16269.44
2021-05-13,Clothing,50.2,0,93.55,225,11295.0
2021-05-13,Electronics,276.01,1,100.04,318,87771.18
2021-05-13,Groceries,12.64,0,104.22,532,6724.48
2021-05-13,Home & Kitchen,90.7,0,106.85,192,17414.4
2021-05-14,Clothing,44.17,1,95.26,366,16166.22
2021-05-14,Electronics,299.82,0,90.83,181,54267.42
2021-05-14,Groceries,11.25,1,96.87,645,7256.25
2021-05-14,Home & Kitchen,82.48,1,94.84,231,19052.88
2021-05-15,Clothing,50.25,0,97.56,270,13567.5
2021-05-15,Electronics,295.32,0,98.64,211,62312.52
2021-05-15,Groceries,12.69,0,98.87,540,6852.6
2021-05-15,Home & Kitchen,92.55,0,109.91,241,22304.55
2021-05-16,Clothing,50.08,0,100.34,270,13521.6
2021-05-16,Electronics,265.09,1,102.61,277,73429.93
2021-05-16,Groceries,12.43,0,101.02,526,6538.18
2021-05-16,Home & Kitchen,89.99,0,100.7,235,21147.65
2021-05-17,Clothing,44.54,1,92.92,383,17058.82
2021-05-17,Electronics,298.73,0,92.79,138,41224.74
2021-05-17,Groceries,12.62,0,98.02,509,6423.58
2021-05-17,Home & Kitchen,91.2,0,110.52,182,16598.4
2021-05-18,Clothing,48.8,0,104.05,301,14688.8
2021-05-18,Electronics,297.48,0,96.29,206,61280.88
2021-05-18,Groceries,12.46,0,100.96,489,6092.94
2021-05-18,Home & Kitchen,81.06,1,92.94,230,18643.8
2021-05-19,Clothing,52.4,0,86.81,272,14252.8
2021-05-19,Electronics,293.19,0,92.37,169,49549.11
2021-05-19,Groceries,11.24,1,102.69,696,7823.04
2021-05-19,Home & Kitchen,91.28,0,101.08,218,19899.04
2021-05-20,Clothing,48.75,0,96.29,193,9408.75
2021-05-20,Electronics,301.14,0,98.81,199,59926.86
2021-05-20,Groceries,10.91,1,104.94,634,6916.94
2021-05-20,Home & Kitchen,87.11,0,103.38,188,16376.68
2021-05-21,Clothing,49.81,0,99.46,253,12601.93
2021-05-21,Electronics,265.21,1,96.28,303,80358.63
2021-05-21,Groceries,12.34,0,98.97,498,6145.32
2021-05-21,Home & Kitchen,83.3,1,97.01,270,22491.0
2021-05-22,Clothing,49.18,0,107.89,221,10868.78
2021-05-22,Electronics,297.77,0,101.63,163,48536.51
2021-05-22,Groceries,12.04,0,98.69,558,6718.32
2021-05-22,Home & Kitchen,79.49,1,103.1,333,26470.17
2021-05-23,Clothing,49.8,0,91.87,253,12599.4
2021-05-23,Electronics,273.5,1,100.19,273,74665.5
2021-05-23,Groceries,12.03,0,110.94,523,6291.69
2021-05-23,Home & Kitchen,87.43,0,99.58,220,19234.6
2021-05-24,Clothing,52.01,0,101.66,198,10297.98
2021-05-24,Electronics,272.22,1,102.24,247,67238.34
2021-05-24,Groceries,11.26,1,100.81,630,7093.8
2021-05-24,Home & Kitchen,90.76,0,97.09,206,18696.56
2021-05-25,Clothing,49.03,0,104.15,262,12845.86
2021-05-25,Electronics,292.53,0,99.58,152,44464.56
2021-05-25,Groceries,12.89,0,99.97,551,7102.39
2021-05-25,Home & Kitchen,87.74,0,98.96,218,19127.32
2021-05-26,Clothing,47.09,1,95.64,309,14550.81
2021-05-26,Electronics,304.27,0,102.35,172,52334.44
2021-05-26,Groceries,10.86,1,96.21,543,5896.98
2021-05-26,Home & Kitchen,86.63,0,91.98,226,19578.38
2021-05-27,Clothing,50.0,0,93.78,213,10650.0
2021-05-27,Electronics,290.51,0,102.03,211,61297.61
2021-05-27,Groceries,12.45,0,101.07,465,5789.25
2021-05-27,Home & Kitchen,92.9,0,109.92,208,19323.2
2021-05-28,Clothing,48.54,0,97.97,246,11940.84
2021-05-28,Electronics,298.25,0,103.9,212,63229.0
2021-05-28,Groceries,12.24,0,97.25,512,6266.88
2021-05-28,Home & Kitchen,76.3,1,102.22,263,20066.9
2021-05-29,Clothing,48.21,0,103.7,278,13402.38
2021-05-29,Electronics,305.74,0,97.61,223,68180.02
2021-05-29,Groceries,11.86,0,103.45,518,6143.48
2021-05-29,Home & Kitchen,91.21,0,94.88,204,18606.84
2021-05-30,Clothing,49.53,0,94.01,283,14016.99
2021-05-30,Electronics,306.79,0,98.74,171,52461.09
2021-05-30,Groceries,12.07,0,107.3,523,6312.61
2021-05-30,Home & Kitchen,88.5,0,101.14,238,21063.0
2021-05-31,Clothing,49.61,0,103.96,256,12700.16
2021-05-31,Electronics,300.62,0,102.84,138,41485.56
2021-05-31,Groceries,12.54,0,88.45,571,7160.34
2021-05-31,Home & Kitchen,90.4,0,104.98,217,19616.8
2021-06-01,Clothing,50.43,0,102.7,275,13868.25
2021-06-01,Electronics,304.05,0,97.89,164,49864.2
2021-06-01,Groceries,12.52,0,103.17,432,5408.64
2021-06-01,Home & Kitchen,91.24,0,99.63,225,20529.0
2021-06-02,Clothing,50.49,0,94.99,250,12622.5
2021-06-02,Electronics,302.72,0,99.7,197,59635.84
2021-06-02,Groceries,11.26,1,109.1,596,6710.96
2021-06-02,Home & Kitchen,86.11,0,101.35,230,19805.3
2021-06-03,Clothing,50.67,0,104.05,200,10134.0
2021-06-03,Electronics,263.92,1,94.41,263,69410.96
2021-06-03,Groceries,12.34,0,100.35,488,6021.92
2021-06-03,Home & Kitchen,87.25,0,94.49,230,20067.5
2021-06-04,Clothing,48.87,0,104.66,292,14270.04
2021-06-04,Electronics,299.08,0,96.57,161,48151.88
2021-06-04,Groceries,11.21,1,102.71,671,7521.91
2021-06-04,Home & Kitchen,89.34,0,105.73,182,16259.88
2021-06-05,Clothing,50.02,0,91.66,242,12104.84
2021-06-05,Electronics,296.82,0,98.53,186,55208.52
2021-06-05,Groceries,12.35,0,107.57,523,6459.05
2021-06-05,Home & Kitchen,87.3,0,108.51,216,18856.8
2021-06-06,Clothing,49.27,0,93.57,275,13549.25
2021-06-06,Electronics,299.22,0,91.26,222,66426.84
2021-06-06,Groceries,11.3,1,99.58,640,7232.0
2021-06-06,Home & Kitchen,87.65,0,95.94,245,21474.25
2021-06-07,Clothing,51.01,0,104.63,258,13160.58
2021-06-07,Electronics,276.07,1,105.95,195,53833.65
2021-06-07,Groceries,12.57,0,98.93,596,7491.72
2021-06-07,Home & Kitchen,89.58,0,103.62,208,18632.64
2021-06-08,Clothing,50.55,0,102.49,214,10817.7
2021-06-08,Electronics,290.25,0,98.36,176,51084.0
2021-06-08,Groceries,12.46,0,95.68,542,6753.32
2021-06-08,Home & Kitchen,89.2,0,100.95,177,15788.4
2021-06-09,Clothing,49.49,0,106.45,259,12817.91
2021-06-09,Electronics,299.47,0,100.08,219,65583.93
2021-06-09,Groceries,12.64,0,101.8,501,6332.64
2021-06-09,Home & Kitchen,89.87,0,95.65,195,17524.65
2021-06-10,Clothing,50.07,0,102.26,276,13819.32
2021-06-10,Electronics,305.97,0,108.07,190,58134.3
2021-06-10,Groceries,12.67,0,107.09,536,6791.12
2021-06-10,Home & Kitchen,82.22,1,108.56,257,21130.54
2021-06-11,Clothing,49.76,0,98.65,301,14977.76
2021-06-11,Electronics,301.7,0,91.41,200,60340.0
2021-06-11,Groceries,12.25,0,104.15,465,5696.25
2021-06-11,Home & Kitchen,89.0,0,89.82,227,20203.0
2021-06-12,Clothing,44.5,1,99.92,417,18556.5
2021-06-12,Electronics,300.01,0,96.55,220,66002.2
2021-06-12,Groceries,12.38,0,96.5,572,7081.36
2021-06-12,Home & Kitchen,91.02,0,94.81,249,22663.98
2021-06-13,Clothing,48.64,0,91.7,224,10895.36
2021-06-13,Electronics,263.29,1,94.96,284,74774.36
2021-06-13,Groceries,12.75,0,96.66,504,6426.0
2021-06-13,Home & Kitchen,89.58,0,93.18,213,19080.54
2021-06-14,Clothing,50.41,0,104.23,272,13711.52
2021-06-14,Electronics,300.08,0,93.0,191,57315.28
2021-06-14,Groceries,12.59,0,94.48,491,6181.69
2021-06-14,Home & Kitchen,89.24,0,102.67,204,18204.96
2021-06-15,Clothing,49.77,0,102.12,240,11944.8
2021-06-15,Electronics,310.46,0,100.56,173,53709.58
2021-06-15,Groceries,12.65,0,92.91,525,6641.25
2021-06-15,Home & Kitchen,91.83,0,97.04,252,23141.16
2021-06-16,Clothing,47.35,0,105.28,251,11884.85
2021-06-16,Electronics,286.01,0,106.71,208,59490.08
2021-06-16,Groceries,13.05,0,102.74,541,7060.05
2021-06-16,Home & Kitchen,79.38,1,95.42,253,20083.14
2021-06-17,Clothing,49.69,0,100.88,249,12372.81
2021-06-17,Electronics,292.28,0,97.64,178,52025.84
2021-06-17,Groceries,12.31,0,99.77,612,7533.72
2021-06-17,Home & Kitchen,90.5,0,104.79,246,22263.0
2021-06-18,Clothing,48.67,0,99.07,244,11875.48
2021-06-18,Electronics,302.02,0,101.81,129,38960.58
2021-06-18,Groceries,12.76,0,99.55,524,6686.24
2021-06-18,Home & Kitchen,89.91,0,96.51,212,19060.92
2021-06-19,Clothing,44.38,1,100.22,362,16065.56
2021-06-19,Electronics,275.63,1,98.62,299,82413.37
2021-06-19,Groceries,12.84,0,98.53,508,6522.72
2021-06-19,Home & Kitchen,88.87,0,96.56,227,20173.49
2021-06-20,Clothing,45.64,1,104.84,301,13737.64
2021-06-20,Electronics,298.29,0,108.81,233,69501.57
2021-06-20,Groceries,12.88,0,101.34,607,7818.16
2021-06-20,Home & Kitchen,90.14,0,102.07,259,23346.26
2021-06-21,Clothing,50.29,0,102.64,268,13477.72
2021-06-21,Electronics,279.15,1,105.37,229,63925.35
2021-06-21,Groceries,12.86,0,102.71,563,7240.18
2021-06-21,Home & Kitchen,88.13,0,101.55,219,19300.47
2021-06-22,Clothing,49.62,0,94.96,202,10023.24
2021-06-22,Electronics,305.59,0,95.06,166,50727.94
2021-06-22,Groceries,12.51,0,93.14,540,6755.4
2021-06-22,Home & Kitchen,90.91,0,97.6,232,21091.12
2021-06-23,Clothing,49.81,0,99.74,220,10958.2
2021-06-23,Electronics,293.4,0,104.63,184,53985.6
2021-06-23,Groceries,12.68,0,94.93,471,5972.28
2021-06-23,Home & Kitchen,90.98,0,103.09,224,20379.52
2021-06-24,Clothing,50.34,0,99.67,197,9916.98
2021-06-24,Electronics,308.6,0,95.25,170,52462.0
2021-06-24,Groceries,11.54,1,93.82,642,7408.68
2021-06-24,Home & Kitchen,90.59,0,98.54,218,19748.62
2021-06-25,Clothing,48.97,0,95.94,243,11899.71
2021-06-25,Electronics,300.74,0,96.46,211,63456.14
2021-06-25,Groceries,11.1,1,106.07,528,5860.8
2021-06-25,Home & Kitchen,91.11,0,103.2,238,21684.18
2021-06-26,Clothing,50.13,0,101.65,273,13685.49
2021-06-26,Electronics,312.11,0,105.36,226,70536.86
2021-06-26,Groceries,12.38,0,108.84,498,6165.24
2021-06-26,Home & Kitchen,90.65,0,97.23,190,17223.5
2021-06-27,Clothing,46.94,1,107.99,331,15537.14
2021-06-27,Electronics,303.29,0,105.59,219,66420.51
2021-06-27,Groceries,12.46,0,102.79,552,6877.92
2021-06-27,Home & Kitchen,91.81,0,93.62,259,23778.79
2021-06-28,Clothing,51.98,0,101.87,234,12163.32
2021-06-28,Electronics,293.86,0,102.02,152,44666.72
2021-06-28,Groceries,12.83,0,102.62,566,7261.78
2021-06-28,Home & Kitchen,90.07,0,102.5,223,20085.61
2021-06-29,Clothing,51.75,0,102.69,307,15887.25
2021-06-29,Electronics,298.11,0,94.48,141,42033.51
2021-06-29,Groceries,12.46,0,95.96,570,7102.2
2021-06-29,Home & Kitchen,87.96,0,101.31,225,19791.0
2021-06-30,Clothing,50.24,0,104.98,281,14117.44
2021-06-30,Electronics,301.26,0,99.17,160,48201.6
2021-06-30,Groceries,12.47,0,105.96,525,6546.75
2021-06-30,Home & Kitchen,80.62,1,97.58,247,19913.14
2021-07-01,Clothing,44.73,1,98.85,317,14179.41
2021-07-01,Electronics,265.76,1,96.7,195,51823.2
2021-07-01,Groceries,12.38,0,91.49,508,6289.04
2021-07-01,Home & Kitchen,89.11,0,105.26,205,18267.55
2021-07-02,Clothing,49.96,0,101.66,223,11141.08
2021-07-02,Electronics,293.16,0,106.85,173,50716.68
2021-07-02,Groceries,12.57,0,106.76,542,6812.94
2021-07-02,Home & Kitchen,90.62,0,94.68,192,17399.04
2021-07-03,Clothing,49.87,0,98.03,250,12467.5
2021-07-03,Electronics,299.84,0,95.77,155,46475.2
2021-07-03,Groceries,12.45,0,102.71,598,7445.1
2021-07-03,Home & Kitchen,90.7,0,103.41,194,17595.8
2021-07-04,Clothing,51.24,0,99.63,270,13834.8
2021-07-04,Electronics,296.99,0,94.08,245,72762.55
2021-07-04,Groceries,12.76,0,98.63,532,6788.32
2021-07-04,Home & Kitchen,89.55,0,90.18,227,20327.85
2021-07-05,Clothing,50.29,0,113.42,200,10058.0
2021-07-05,Electronics,292.46,0,101.31,174,50888.04
2021-07-05,Groceries,12.6,0,95.54,481,6060.6
2021-07-05,Home & Kitchen,88.9,0,101.45,202,17957.8
2021-07-06,Clothing,46.21,1,102.23,305,14094.05
2021-07-06,Electronics,298.84,0,101.9,184,54986.56
2021-07-06,Groceries,12.29,0,100.58,549,6747.21
2021-07-06,Home & Kitchen,88.01,0,102.34,226,19890.26
2021-07-07,Clothing,49.35,0,101.88,269,13275.15
2021-07-07,Electronics,303.22,0,98.2,190,57611.8
2021-07-07,Groceries,12.43,0,96.43,566,7035.38
2021-07-07,Home & Kitchen,79.31,1,99.86,249,19748.19
2021-07-08,Clothing,47.24,0,98.97,235,11101.4
2021-07-08,Electronics,305.33,0,99.65,223,68088.59
2021-07-08,Groceries,12.41,0,105.86,509,6316.69
2021-07-08,Home & Kitchen,91.37,0,94.45,217,19827.29
2021-07-09,Clothing,49.7,0,97.44,263,13071.1
2021-07-09,Electronics,300.0,0,96.75,184,55200.0
2021-07-09,Groceries,11.17,1,92.23,624,6970.08
2021-07-09,Home & Kitchen,89.24,0,95.53,190,16955.6
2021-07-10,Clothing,50.68,0,97.77,338,17129.84
2021-07-10,Electronics,296.3,0,107.15,211,62519.3
2021-07-10,Groceries,12.46,0,96.8,614,7650.44
2021-07-10,Home & Kitchen,89.64,0,100.69,232,20796.48
2021-07-11,Clothing,50.86,0,92.69,257,13071.02
2021-07-11,Electronics,301.17,0,102.53,220,66257.4
2021-07-11,Groceries,12.63,0,101.66,514,6491.82
2021-07-11,Home & Kitchen,91.57,0,95.1,262,23991.34
2021-07-12,Clothing,50.99,0,96.0,237,12084.63
2021-07-12,Electronics,292.31,0,94.56,180,52615.8
2021-07-12,Groceries,12.21,0,97.66,489,5970.69
2021-07-12,Home & Kitchen,90.14,0,101.49,153,13791.42
2021-07-13,Clothing,49.04,0,104.08,314,15398.56
2021-07-13,Electronics,297.76,0,110.38,203,60445.28
2021-07-13,Groceries,12.65,0,98.65,489,6185.85
2021-07-13,Home & Kitchen,89.04,0,104.62,192,17095.68
2021-07-14,Clothing,48.62,0,90.75,322,15655.64
2021-07-14,Electronics,310.27,0,101.15,181,56158.87
2021-07-14,Groceries,12.25,0,100.61,522,6394.5
2021-07-14,Home & Kitchen,90.97,0,103.58,217,19740.49
2021-07-15,Clothing,49.87,0,104.3,256,12766.72
2021-07-15,Electronics,304.85,0,109.55,177,53958.45
2021-07-15,Groceries,12.48,0,94.86,539,6726.72
2021-07-15,Home & Kitchen,90.12,0,96.6,209,18835.08
2021-07-16,Clothing,49.58,0,102.25,319,15816.02
2021-07-16,Electronics,303.48,0,91.28,181,54929.88
2021-07-16,Groceries,12.66,0,92.92,458,5798.28
2021-07-16,Home & Kitchen,89.82,0,105.14,239,21466.98
2021-07-17,Clothing,43.47,1,96.82,226,9824.22
2021-07-17,Electronics,296.88,0,105.77,176,52250.88
2021-07-17,Groceries,12.17,0,97.22,572,6961.24
2021-07-17,Home & Kitchen,86.62,0,102.31,225,19489.5
2021-07-18,Clothing,50.44,0,97.43,238,12004.72
2021-07-18,Electronics,311.73,0,101.68,202,62969.46
2021-07-18,Groceries,12.62,0,108.62,547,6903.14
2021-07-18,Home & Kitchen,82.09,1,96.47,295,24216.55
2021-07-19,Clothing,50.42,0,105.72,295,14873.9
2021-07-19,Electronics,296.21,0,98.92,128,37914.88
2021-07-19,Groceries,12.43,0,97.67,490,6090.7
2021-07-19,Home & Kitchen,88.99,0,91.07,217,19310.83
2021-07-20,Clothing,48.48,0,98.54,264,12798.72
2021-07-20,Electronics,297.89,0,98.11,153,45577.17
2021-07-20,Groceries,12.44,0,101.77,588,7314.72
2021-07-20,Home & Kitchen,90.35,0,107.15,245,22135.75
2021-07-21,Clothing,51.19,0,101.37,258,13207.02
2021-07-21,Electronics,296.97,0,108.13,175,51969.75
2021-07-21,Groceries,12.45,0,103.66,559,6959.55
2021-07-21,Home & Kitchen,86.48,0,97.63,216,18679.68
2021-07-22,Clothing,51.03,0,96.54,273,13931.19
2021-07-22,Electronics,299.48,0,98.87,220,65885.6
2021-07-22,Groceries,12.38,0,106.73,536,6635.68
2021-07-22,Home & Kitchen,88.68,0,98.32,220,19509.6
2021-07-23,Clothing,48.83,0,94.86,243,11865.69
2021-07-23,Electronics,293.08,0,102.22,165,48358.2
2021-07-23,Groceries,12.38,0,107.48,499,6177.62
2021-07-23,Home & Kitchen,82.88,1,98.88,307,25444.16
2021-07-24,Clothing,43.08,1,99.47,414,17835.12
2021-07-24,Electronics,296.95,0,98.13,188,55826.6
2021-07-24,Groceries,11.26,1,99.09,604,6801.04
2021-07-24,Home & Kitchen,77.88,1,105.02,328,25544.64
2021-07-25,Clothing,50.84,0,104.67,198,10066.32
2021-07-25,Electronics,302.04,0,91.33,177,53461.08
2021-07-25,Groceries,11.18,1,106.05,608,6797.44
2021-07-25,Home & Kitchen,89.79,0,103.28,215,19304.85
2021-07-26,Clothing,48.95,0,96.71,195,9545.25
2021-07-26,Electronics,295.34,0,103.39,182,53751.88
2021-07-26,Groceries,12.2,0,101.26,557,6795.4
2021-07-26,Home & Kitchen,89.16,0,103.57,198,17653.68
2021-07-27,Clothing,49.81,0,95.7,279,13896.99
2021-07-27,Electronics,294.8,0,108.49,221,65150.8
2021-07-27,Groceries,12.65,0,98.44,514,6502.1
2021-07-27,Home & Kitchen,91.75,0,92.86,223,20460.25
2021-07-28,Clothing,48.79,0,96.52,284,13856.36
2021-07-28,Electronics,307.08,0,98.12,194,59573.52
2021-07-28,Groceries,11.53,1,103.03,660,7609.8
2021-07-28,Home & Kitchen,94.1,0,101.12,200,18820.0
2021-07-29,Clothing,50.18,0,101.05,267,13398.06
2021-07-29,Electronics,295.28,0,90.82,211,62304.08
2021-07-29,Groceries,12.57,0,107.35,559,7026.63
2021-07-29,Home & Kitchen,91.61,0,96.38,221,20245.81
2021-07-30,Clothing,48.33,0,104.59,234,11309.22
2021-07-30,Electronics,310.12,0,104.51,223,69156.76
2021-07-30,Groceries,12.24,0,103.64,557,6817.68
2021-07-30,Home & Kitchen,90.5,0,93.42,192,17376.0
2021-07-31,Clothing,48.92,0,102.67,339,16583.88
2021-07-31,Electronics,287.3,0,98.57,197,56598.1
2021-07-31,Groceries,12.28,0,97.27,561,6889.08
2021-07-31,Home & Kitchen,81.32,1,100.39,313,25453.16
2021-08-01,Clothing,49.82,0,96.01,299,14896.18
2021-08-01,Electronics,299.99,0,96.13,207,62097.93
2021-08-01,Groceries,11.51,1,95.01,722,8310.22
2021-08-01,Home & Kitchen,91.14,0,101.22,253,23058.42
2021-08-02,Clothing,49.75,0,94.31,253,12586.75
2021-08-02,Electronics,301.51,0,99.42,198,59698.98
2021-08-02,Groceries,12.19,0,105.83,453,5522.07
2021-08-02,Home & Kitchen,81.41,1,103.54,281,22876.21
2021-08-03,Clothing,44.07,1,101.38,389,17143.23
2021-08-03,Electronics,266.05,1,107.68,241,64118.05
2021-08-03,Groceries,12.42,0,100.12,556,6905.52
2021-08-03,Home & Kitchen,77.12,1,113.83,286,22056.32
2021-08-04,Clothing,46.41,1,96.9,214,9931.74
2021-08-04,Electronics,296.42,0,93.06,174,51577.08
2021-08-04,Groceries,12.75,0,97.19,499,6362.25
2021-08-04,Home & Kitchen,87.91,0,91.84,234,20570.94
2021-08-05,Clothing,50.52,0,103.51,264,13337.28
2021-08-05,Electronics,271.95,1,95.42,315,85664.25
2021-08-05,Groceries,12.86,0,103.73,513,6597.18
2021-08-05,Home & Kitchen,89.34,0,91.31,220,19654.8
2021-08-06,Clothing,45.19,1,100.43,286,12924.34
2021-08-06,Electronics,266.14,1,112.77,224,59615.36
2021-08-06,Groceries,12.18,0,103.29,610,7429.8
2021-08-06,Home & Kitchen,91.63,0,99.9,180,16493.4
2021-08-07,Clothing,48.62,0,106.83,266,12932.92
2021-08-07,Electronics,307.71,0,101.73,181,55695.51
2021-08-07,Groceries,12.7,0,89.87,536,6807.2
2021-08-07,Home & Kitchen,88.14,0,99.22,256,22563.84
2021-08-08,Clothing,49.47,0,94.11,259,12812.73
2021-08-08,Electronics,296.52,0,107.13,145,42995.4
2021-08-08,Groceries,12.58,0,99.56,544,6843.52
2021-08-08,Home & Kitchen,90.81,0,97.53,211,19160.91
2021-08-09,Clothing,48.2,0,98.8,203,9784.6
2021-08-09,Electronics,295.87,0,89.68,158,46747.46
2021-08-09,Groceries,12.31,0,109.96,538,6622.78
2021-08-09,Home & Kitchen,89.85,0,102.55,187,16801.95
2021-08-10,Clothing,50.5,0,98.19,225,11362.5
2021-08-10,Electronics,308.93,0,91.02,160,49428.8
2021-08-10,Groceries,12.33,0,100.4,571,7040.43
2021-08-10,Home & Kitchen,91.98,0,101.27,199,18304.02
2021-08-11,Clothing,49.92,0,104.02,248,12380.16
2021-08-11,Electronics,295.24,0,100.62,175,51667.0
2021-08-11,Groceries,12.54,0,96.22,579,7260.66
2021-08-11,Home & Kitchen,85.08,1,101.59,253,21525.24
2021-08-12,Clothing,45.43,1,95.93,210,9540.3
2021-08-12,Electronics,305.38,0,96.47,194,59243.72
2021-08-12,Groceries,12.62,0,100.93,586,7395.32
2021-08-12,Home & Kitchen,88.78,0,99.58,202,17933.56
2021-08-13,Clothing,48.7,0,97.05,232,11298.4
2021-08-13,Electronics,309.17,0,93.68,184,56887.28
2021-08-13,Groceries,12.8,0,101.63,576,7372.8
2021-08-13,Home & Kitchen,90.79,0,97.2,232,21063.28
2021-08-14,Clothing,50.56,0,102.88,225,11376.0
2021-08-14,Electronics,310.47,0,92.39,201,62404.47
2021-08-14,Groceries,12.64,0,107.0,488,6168.32
2021-08-14,Home & Kitchen,89.79,0,100.66,214,19215.06
2021-08-15,Clothing,47.06,0,99.32,342,16094.52
2021-08-15,Electronics,296.7,0,97.41,186,55186.2
2021-08-15,Groceries,12.55,0,99.01,521,6538.55
2021-08-15,Home & Kitchen,84.04,1,100.05,335,28153.4
2021-08-16,Clothing,44.54,1,102.98,315,14030.1
2021-08-16,Electronics,300.4,0,102.73,232,69692.8
2021-08-16,Groceries,12.53,0,91.81,543,6803.79
2021-08-16,Home & Kitchen,82.75,1,100.66,210,17377.5
2021-08-17,Clothing,43.98,1,98.38,301,13237.98
2021-08-17,Electronics,280.61,1,94.43,159,44616.99
2021-08-17,Groceries,11.38,1,100.55,567,6452.46
2021-08-17,Home & Kitchen,89.4,0,105.67,205,18327.0
2021-08-18,Clothing,49.81,0,113.23,237,11804.97
2021-08-18,Electronics,306.23,0,103.1,144,44097.12
2021-08-18,Groceries,12.41,0,102.51,510,6329.1
2021-08-18,Home & Kitchen,90.57,0,102.98,208,18838.56
2021-08-19,Clothing,50.42,0,108.0,266,13411.72
2021-08-19,Electronics,306.46,0,97.01,165,50565.9
2021-08-19,Groceries,12.41,0,100.8,519,6440.79
2021-08-19,Home & Kitchen,90.89,0,94.65,159,14451.51
2021-08-20,Clothing,49.41,0,98.58,208,10277.28
2021-08-20,Electronics,295.02,0,101.99,154,45433.08
2021-08-20,Groceries,12.37,0,86.86,575,7112.75
2021-08-20,Home & Kitchen,89.8,0,91.34,184,16523.2
2021-08-21,Clothing,50.87,0,96.88,231,11750.97
2021-08-21,Electronics,302.02,0,93.02,229,69162.58
2021-08-21,Groceries,12.71,0,103.28,538,6837.98
2021-08-21,Home & Kitchen,80.03,1,112.21,247,19767.41
2021-08-22,Clothing,50.63,0,98.86,273,13821.99
2021-08-22,Electronics,300.71,0,90.76,199,59841.29
2021-08-22,Groceries,12.48,0,95.54,583,7275.84
2021-08-22,Home & Kitchen,91.71,0,110.6,230,21093.3
2021-08-23,Clothing,50.31,0,101.96,255,12829.05
2021-08-23,Electronics,301.1,0,104.68,210,63231.0
2021-08-23,Groceries,12.3,0,97.14,503,6186.9
2021-08-23,Home & Kitchen,93.81,0,96.25,235,22045.35
2021-08-24,Clothing,51.23,0,100.47,234,11987.82
2021-08-24,Electronics,301.19,0,96.37,141,42467.79
2021-08-24,Groceries,11.55,1,106.68,603,6964.65
2021-08-24,Home & Kitchen,92.26,0,105.0,231,21312.06
2021-08-25,Clothing,52.04,0,102.25,248,12905.92
2021-08-25,Electronics,297.81,0,103.25,171,50925.51
2021-08-25,Groceries,12.7,0,103.96,496,6299.2
2021-08-25,Home & Kitchen,90.05,0,91.54,210,18910.5
2021-08-26,Clothing,49.81,0,105.27,238,11854.78
2021-08-26,Electronics,295.79,0,105.02,197,58270.63
2021-08-26,Groceries,12.91,0,102.66,529,6829.39
2021-08-26,Home & Kitchen,93.41,0,92.7,189,17654.49
2021-08-27,Clothing,49.75,0,96.81,274,13631.5
2021-08-27,Electronics,291.48,0,97.49,157,45762.36
2021-08-27,Groceries,12.21,0,92.46,527,6434.67
2021-08-27,Home & Kitchen,79.53,1,96.36,232,18450.96
2021-08-28,Clothing,50.14,0,102.12,280,14039.2
2021-08-28,Electronics,304.29,0,98.11,183,55685.07
2021-08-28,Groceries,12.5,0,111.1,506,6325.0
2021-08-28,Home & Kitchen,90.66,0,100.15,234,21214.44
2021-08-29,Clothing,49.85,0,103.88,279,13908.15
2021-08-29,Electronics,272.03,1,99.36,318,86505.54
2021-08-29,Groceries,12.32,0,102.01,581,7157.92
2021-08-29,Home & Kitchen,89.87,0,105.76,229,20580.23
2021-08-30,Clothing,50.17,0,105.25,290,14549.3
2021-08-30,Electronics,280.83,1,98.98,235,65995.05
2021-08-30,Groceries,12.95,0,100.46,493,6384.35
2021-08-30,Home & Kitchen,90.95,0,111.47,224,20372.8
2021-08-31,Clothing,49.42,0,107.03,258,12750.36
2021-08-31,Electronics,275.61,1,102.37,213,58704.93
2021-08-31,Groceries,12.55,0,100.36,471,5911.05
2021-08-31,Home & Kitchen,89.74,0,103.97,213,19114.62
2021-09-01,Clothing,48.55,0,98.68,200,9710.0
2021-09-01,Electronics,298.17,0,94.89,177,52776.09
2021-09-01,Groceries,12.74,0,86.39,527,6713.98
2021-09-01,Home & Kitchen,89.66,0,105.24,204,18290.64
2021-09-02,Clothing,50.49,0,98.09,284,14339.16
2021-09-02,Electronics,310.46,0,92.23,211,65507.06
2021-09-02,Groceries,12.43,0,91.72,530,6587.9
2021-09-02,Home & Kitchen,91.42,0,108.26,204,18649.68
2021-09-03,Clothing,50.31,0,103.4,252,12678.12
2021-09-03,Electronics,297.54,0,92.95,188,55937.52
2021-09-03,Groceries,12.24,0,100.17,477,5838.48
2021-09-03,Home & Kitchen,88.94,0,92.55,213,18944.22
2021-09-04,Clothing,50.09,0,105.47,337,16880.33
2021-09-04,Electronics,267.27,1,99.47,254,67886.58
2021-09-04,Groceries,12.88,0,98.94,545,7019.6
2021-09-04,Home & Kitchen,88.53,0,101.48,242,21424.26
2021-09-05,Clothing,50.99,0,97.41,248,12645.52
2021-09-05,Electronics,296.61,0,101.44,160,47457.6
2021-09-05,Groceries,11.05,1,94.68,638,7049.9
2021-09-05,Home & Kitchen,86.69,0,93.37,201,17424.69
2021-09-06,Clothing,49.84,0,98.44,234,11662.56
2021-09-06,Electronics,305.49,0,99.92,157,47961.93
2021-09-06,Groceries,12.38,0,95.4,510,6313.8
2021-09-06,Home & Kitchen,90.32,0,101.44,231,20863.92
2021-09-07,Clothing,49.83,0,100.34,252,12557.16
2021-09-07,Electronics,271.31,1,98.99,300,81393.0
2021-09-07,Groceries,12.13,0,95.74,562,6817.06
2021-09-07,Home & Kitchen,88.38,0,88.83,215,19001.7
2021-09-08,Clothing,49.13,0,106.5,248,12184.24
2021-09-08,Electronics,300.09,0,107.23,195,58517.55
2021-09-08,Groceries,12.48,0,97.48,519,6477.12
2021-09-08,Home & Kitchen,80.28,1,102.06,226,18143.28
2021-09-09,Clothing,48.81,0,97.17,262,12788.22
2021-09-09,Electronics,296.69,0,102.02,207,61414.83
2021-09-09,Groceries,11.47,1,101.39,546,6262.62
2021-09-09,Home & Kitchen,88.24,0,94.46,197,17383.28
2021-09-10,Clothing,50.97,0,98.31,196,9990.12
2021-09-10,Electronics,307.08,0,97.78,167,51282.36
2021-09-10,Groceries,12.85,0,95.07,505,6489.25
2021-09-10,Home & Kitchen,89.05,0,102.67,214,19056.7
2021-09-11,Clothing,43.6,1,105.74,370,16132.0
2021-09-11,Electronics,274.8,1,98.36,233,64028.4
2021-09-11,Groceries,12.43,0,97.32,502,6239.86
2021-09-11,Home & Kitchen,90.57,0,99.77,257,23276.49
2021-09-12,Clothing,48.89,0,97.85,212,10364.68
2021-09-12,Electronics,314.47,0,107.73,182,57233.54
2021-09-12,Groceries,12.47,0,101.91,569,7095.43
2021-09-12,Home & Kitchen,87.23,0,107.55,220,19190.6
2021-09-13,Clothing,47.79,0,99.49,238,11374.02
2021-09-13,Electronics,304.71,0,99.28,181,55152.51
2021-09-13,Groceries,12.6,0,107.57,502,6325.2
2021-09-13,Home & Kitchen,89.28,0,105.33,224,19998.72
2021-09-14,Clothing,49.43,0,103.11,239,11813.77
2021-09-14,Electronics,303.42,0,100.8,193,58560.06
2021-09-14,Groceries,12.98,0,97.23,494,6412.12
2021-09-14,Home & Kitchen,91.04,0,106.46,189,17206.56
2021-09-15,Clothing,49.9,0,108.32,262,13073.8
2021-09-15,Electronics,294.41,0,96.73,170,50049.7
2021-09-15,Groceries,12.74,0,100.3,482,6140.68
2021-09-15,Home & Kitchen,89.52,0,104.24,196,17545.92
2021-09-16,Clothing,50.66,0,106.07,296,14995.36
2021-09-16,Electronics,262.87,1,103.76,248,65191.76
2021-09-16,Groceries,12.72,0,90.7,500,6360.0
2021-09-16,Home & Kitchen,89.36,0,100.98,187,16710.32
2021-09-17,Clothing,50.53,0,99.56,257,12986.21
2021-09-17,Electronics,309.02,0,91.77,202,62422.04
2021-09-17,Groceries,12.44,0,93.96,535,6655.4
2021-09-17,Home & Kitchen,88.94,0,109.19,190,16898.6
2021-09-18,Clothing,50.04,0,104.4,289,14461.56
2021-09-18,Electronics,258.73,1,103.15,283,73220.59
2021-09-18,Groceries,12.32,0,98.16,642,7909.44
2021-09-18,Home & Kitchen,89.28,0,106.26,200,17856.0
2021-09-19,Clothing,51.35,0,101.9,319,16380.65
2021-09-19,Electronics,300.73,0,100.38,160,48116.8
2021-09-19,Groceries,12.59,0,89.71,485,6106.15
2021-09-19,Home & Kitchen,93.45,0,100.45,206,19250.7
2021-09-20,Clothing,47.93,0,99.03,243,11646.99
2021-09-20,Electronics,289.78,0,102.22,185,53609.3
2021-09-20,Groceries,12.36,0,99.85,546,6748.56
2021-09-20,Home & Kitchen,83.95,1,98.84,261,21910.95
2021-09-21,Clothing,49.5,0,92.02,264,13068.0
2021-09-21,Electronics,302.25,0,111.95,169,51080.25
2021-09-21,Groceries,12.51,0,107.88,526,6580.26
2021-09-21,Home & Kitchen,80.85,1,96.63,237,19161.45
2021-09-22,Clothing,48.14,0,97.24,269,12949.66
2021-09-22,Electronics,290.51,0,97.4,170,49386.7
2021-09-22,Groceries,12.3,0,98.62,530,6519.0
2021-09-22,Home & Kitchen,92.87,0,98.37,217,20152.79
2021-09-23,Clothing,50.51,0,99.43,233,11768.83
2021-09-23,Electronics,312.88,0,96.36,211,66017.68
2021-09-23,Groceries,11.24,1,104.37,642,7216.08
2021-09-23,Home & Kitchen,91.67,0,111.02,193,17692.31
2021-09-24,Clothing,45.45,1,91.84,322,14634.9
2021-09-24,Electronics,300.2,0,95.3,205,61541.0
2021-09-24,Groceries,12.25,0,101.1,501,6137.25
2021-09-24,Home & Kitchen,91.34,0,107.13,206,18816.04
2021-09-25,Clothing,50.56,0,105.64,236,11932.16
2021-09-25,Electronics,295.39,0,98.02,209,61736.51
2021-09-25,Groceries,12.17,0,102.82,537,6535.29
2021-09-25,Home & Kitchen,89.29,0,98.77,214,19108.06
2021-09-26,Clothing,46.3,1,100.25,328,15186.4
2021-09-26,Electronics,308.82,0,97.96,181,55896.42
2021-09-26,Groceries,12.29,0,100.4,532,6538.28
2021-09-26,Home & Kitchen,88.01,0,103.8,248,21826.48
2021-09-27,Clothing,50.59,0,103.85,219,11079.21
2021-09-27,Electronics,292.68,0,95.44,195,57072.6
2021-09-27,Groceries,12.34,0,99.19,481,5935.54
2021-09-27,Home & Kitchen,92.42,0,94.55,218,20147.56
2021-09-28,Clothing,51.14,0,99.07,212,10841.68
2021-09-28,Electronics,297.03,0,106.06,196,58217.88
2021-09-28,Groceries,13.03,0,94.58,486,6332.58
2021-09-28,Home & Kitchen,80.55,1,103.75,202,16271.1
2021-09-29,Clothing,50.3,0,96.82,201,10110.3
2021-09-29,Electronics,289.9,0,94.21,172,49862.8
2021-09-29,Groceries,12.33,0,108.49,525,6473.25
2021-09-29,Home & Kitchen,82.92,1,86.9,281,23300.52
2021-09-30,Clothing,50.61,0,86.43,296,14980.56
2021-09-30,Electronics,269.74,1,100.77,239,64467.86
2021-09-30,Groceries,12.78,0,99.35,425,5431.5
2021-09-30,Home & Kitchen,89.06,0,97.43,204,18168.24
2021-10-01,Clothing,50.52,0,106.6,222,11215.44
2021-10-01,Electronics,299.78,0,96.17,114,34174.92
2021-10-01,Groceries,12.53,0,90.69,565,7079.45
2021-10-01,Home & Kitchen,89.45,0,99.51,194,17353.3
2021-10-02,Clothing,49.81,0,97.56,276,13747.56
2021-10-02,Electronics,309.04,0,99.24,173,53463.92
2021-10-02,Groceries,12.48,0,93.35,534,6664.32
2021-10-02,Home & Kitchen,90.49,0,104.88,208,18821.92
2021-10-03,Clothing,45.39,1,109.67,348,15795.72
2021-10-03,Electronics,293.34,0,99.51,155,45467.7
2021-10-03,Groceries,13.16,0,91.46,574,7553.84
2021-10-03,Home & Kitchen,91.96,0,98.72,187,17196.52
2021-10-04,Clothing,50.23,0,98.14,200,10046.0
2021-10-04,Electronics,303.36,0,100.05,124,37616.64
2021-10-04,Groceries,12.11,0,96.62,486,5885.46
2021-10-04,Home & Kitchen,90.88,0,100.75,141,12814.08
2021-10-05,Clothing,50.04,0,102.15,257,12860.28
2021-10-05,Electronics,298.44,0,97.1,164,48944.16
2021-10-05,Groceries,10.84,1,98.3,645,6991.8
2021-10-05,Home & Kitchen,90.57,0,104.52,161,14581.77
2021-10-06,Clothing,51.86,0,99.8,252,13068.72
2021-10-06,Electronics,297.98,0,94.12,230,68535.4
2021-10-06,Groceries,12.35,0,106.43,501,6187.35
2021-10-06,Home & Kitchen,92.57,0,94.35,190,17588.3
2021-10-07,Clothing,50.02,0,97.27,183,9153.66
2021-10-07,Electronics,308.19,0,101.78,194,59788.86
2021-10-07,Groceries,12.65,0,85.48,520,6578.0
2021-10-07,Home & Kitchen,90.37,0,102.36,175,15814.75
2021-10-08,Clothing,50.99,0,98.81,227,11574.73
2021-10-08,Electronics,303.72,0,108.16,148,44950.56
2021-10-08,Groceries,12.19,0,96.25,441,5375.79
2021-10-08,Home & Kitchen,87.97,0,97.02,215,18913.55
2021-10-09,Clothing,49.39,0,90.03,223,11013.97
2021-10-09,Electronics,292.66,0,92.13,184,53849.44
2021-10-09,Groceries,11.97,0,93.4,548,6559.56
2021-10-09,Home & Kitchen,92.08,0,100.23,236,21730.88
2021-10-10,Clothing,50.5,0,96.71,241,12170.5
2021-10-10,Electronics,296.33,0,101.31,190,56302.7
2021-10-10,Groceries,11.55,1,99.3,596,6883.8
2021-10-10,Home & Kitchen,92.16,0,98.29,186,17141.76
2021-10-11,Clothing,49.02,0,96.6,261,12794.22
2021-10-11,Electronics,295.91,0,98.09,147,43498.77
2021-10-11,Groceries,12.48,0,101.47,470,5865.6
2021-10-11,Home & Kitchen,90.88,0,95.54,204,18539.52
2021-10-12,Clothing,49.97,0,99.16,232,11593.04
2021-10-12,Electronics,293.72,0,106.97,156,45820.32
2021-10-12,Groceries,12.69,0,105.23,553,7017.57
2021-10-12,Home & Kitchen,93.05,0,97.05,188,17493.4
2021-10-13,Clothing,47.93,0,107.78,224,10736.32
2021-10-13,Electronics,309.61,0,105.42,176,54491.36
2021-10-13,Groceries,12.74,0,100.85,528,6726.72
2021-10-13,Home & Kitchen,80.91,1,111.39,205,16586.55
2021-10-14,Clothing,50.39,0,95.77,260,13101.4
2021-10-14,Electronics,291.93,0,100.09,136,39702.48
2021-10-14,Groceries,11.4,1,103.25,574,6543.6
2021-10-14,Home & Kitchen,90.49,0,101.42,219,19817.31
2021-10-15,Clothing,43.25,1,98.38,280,12110.0
2021-10-15,Electronics,285.04,0,108.59,167,47601.68
2021-10-15,Groceries,12.31,0,102.02,495,6093.45
2021-10-15,Home & Kitchen,76.72,1,102.19,295,22632.4
2021-10-16,Clothing,44.38,1,105.54,313,13890.94
2021-10-16,Electronics,272.16,1,104.44,273,74299.68
2021-10-16,Groceries,12.46,0,102.88,579,7214.34
2021-10-16,Home & Kitchen,90.57,0,101.85,204,18476.28
2021-10-17,Clothing,46.07,1,99.18,374,17230.18
2021-10-17,Electronics,307.32,0,93.01,192,59005.44
2021-10-17,Groceries,12.83,0,106.65,548,7030.84
2021-10-17,Home & Kitchen,89.76,0,95.64,231,20734.56
2021-10-18,Clothing,43.93,1,109.24,191,8390.63
2021-10-18,Electronics,267.25,1,105.41,217,57993.25
2021-10-18,Groceries,12.76,0,93.05,484,6175.84
2021-10-18,Home & Kitchen,89.36,0,100.22,150,13404.0
2021-10-19,Clothing,50.34,0,104.6,204,10269.36
2021-10-19,Electronics,307.58,0,105.62,139,42753.62
2021-10-19,Groceries,11.32,1,105.01,585,6622.2
2021-10-19,Home & Kitchen,90.4,0,104.84,183,16543.2
2021-10-20,Clothing,50.54,0,92.11,257,12988.78
2021-10-20,Electronics,290.91,0,97.67,171,49745.61
2021-10-20,Groceries,11.54,1,98.94,618,7131.72
2021-10-20,Home & Kitchen,81.86,1,89.88,279,22838.94
2021-10-21,Clothing,51.26,0,96.87,243,12456.18
2021-10-21,Electronics,297.08,0,97.54,166,49315.28
2021-10-21,Groceries,12.07,0,105.47,543,6554.01
2021-10-21,Home & Kitchen,91.51,0,106.99,217,19857.67
2021-10-22,Clothing,50.1,0,95.98,247,12374.7
2021-10-22,Electronics,297.93,0,95.65,173,51541.89
2021-10-22,Groceries,12.81,0,109.34,541,6930.21
2021-10-22,Home & Kitchen,89.16,0,104.9,208,18545.28
2021-10-23,Clothing,49.15,0,97.69,272,13368.8
2021-10-23,Electronics,299.5,0,101.0,185,55407.5
2021-10-23,Groceries,12.5,0,104.32,514,6425.0
2021-10-23,Home & Kitchen,91.58,0,98.13,213,19506.54
2021-10-24,Clothing,49.18,0,95.59,290,14262.2
2021-10-24,Electronics,274.04,1,93.82,272,74538.88
2021-10-24,Groceries,12.49,0,101.15,491,6132.59
2021-10-24,Home & Kitchen,87.14,0,94.78,221,19257.94
2021-10-25,Clothing,50.65,0,96.29,230,11649.5
2021-10-25,Electronics,298.22,0,102.49,170,50697.4
2021-10-25,Groceries,12.35,0,95.36,489,6039.15
2021-10-25,Home & Kitchen,80.67,1,98.62,218,17586.06
2021-10-26,Clothing,51.17,0,93.69,272,13918.24
2021-10-26,Electronics,303.24,0,94.28,196,59435.04
2021-10-26,Groceries,12.47,0,104.86,561,6995.67
2021-10-26,Home & Kitchen,90.89,0,101.27,174,15814.86
2021-10-27,Clothing,49.77,0,100.69,259,12890.43
2021-10-27,Electronics,304.76,0,94.55,157,47847.32
2021-10-27,Groceries,12.02,0,91.39,555,6671.1
2021-10-27,Home & Kitchen,90.66,0,96.13,203,18403.98
2021-10-28,Clothing,50.86,0,103.6,198,10070.28
2021-10-28,Electronics,298.56,0,99.36,167,49859.52
2021-10-28,Groceries,10.89,1,107.25,601,6544.89
2021-10-28,Home & Kitchen,88.06,0,98.48,226,19901.56
2021-10-29,Clothing,51.44,0,95.78,232,11934.08
2021-10-29,Electronics,302.6,0,98.78,144,43574.4
2021-10-29,Groceries,11.04,1,97.47,575,6348.0
2021-10-29,Home & Kitchen,88.64,0,97.51,187,16575.68
2021-10-30,Clothing,49.42,0,98.51,280,13837.6
2021-10-30,Electronics,300.62,0,100.14,151,45393.62
2021-10-30,Groceries,11.28,1,103.63,667,7523.76
2021-10-30,Home & Kitchen,91.83,0,99.94,229,21029.07
2021-10-31,Clothing,49.98,0,96.95,256,12794.88
2021-10-31,Electronics,291.72,0,106.82,176,51342.72
2021-10-31,Groceries,12.42,0,106.87,568,7054.56
2021-10-31,Home & Kitchen,92.93,0,101.14,237,22024.41
2021-11-01,Clothing,51.43,0,105.74,248,12754.64
2021-11-01,Electronics,295.97,0,96.33,174,51498.78
2021-11-01,Groceries,11.82,1,94.14,616,7281.12
2021-11-01,Home & Kitchen,89.17,0,100.04,260,23184.2
2021-11-02,Clothing,51.09,0,102.07,280,14305.2
2021-11-02,Electronics,296.55,0,103.36,162,48041.1
2021-11-02,Groceries,12.4,0,103.0,522,6472.8
2021-11-02,Home & Kitchen,90.93,0,109.74,201,18276.93
2021-11-03,Clothing,49.76,0,97.03,314,15624.64
2021-11-03,Electronics,301.06,0,99.96,264,79479.84
2021-11-03,Groceries,13.16,0,98.83,539,7093.24
2021-11-03,Home & Kitchen,89.54,0,93.13,238,21310.52
2021-11-04,Clothing,50.24,0,100.62,237,11906.88
2021-11-04,Electronics,303.33,0,111.08,168,50959.44
2021-11-04,Groceries,12.67,0,96.54,532,6740.44
2021-11-04,Home & Kitchen,88.84,0,94.21,258,22920.72
2021-11-05,Clothing,50.47,0,101.01,228,11507.16
2021-11-05,Electronics,305.74,0,93.83,172,52587.28
2021-11-05,Groceries,12.68,0,104.66,586,7430.48
2021-11-05,Home & Kitchen,89.57,0,107.82,213,19078.41
2021-11-06,Clothing,48.55,0,96.28,268,13011.4
2021-11-06,Electronics,306.77,0,104.49,198,60740.46
2021-11-06,Groceries,10.94,1,93.64,636,6957.84
2021-11-06,Home & Kitchen,90.91,0,101.35,270,24545.7
2021-11-07,Clothing,50.57,0,96.87,280,14159.6
2021-11-07,Electronics,275.75,1,92.52,345,95133.75
2021-11-07,Groceries,12.89,0,99.54,584,7527.76
2021-11-07,Home & Kitchen,90.73,0,102.74,251,22773.23
2021-11-08,Clothing,45.71,1,104.89,348,15907.08
2021-11-08,Electronics,292.92,0,100.63,241,70593.72
2021-11-08,Groceries,13.03,0,89.83,513,6684.39
2021-11-08,Home & Kitchen,92.86,0,99.99,225,20893.5
2021-11-09,Clothing,49.2,0,99.41,265,13038.0
2021-11-09,Electronics,294.22,0,102.03,197,57961.34
2021-11-09,Groceries,12.34,0,103.84,420,5182.8
2021-11-09,Home & Kitchen,90.24,0,100.64,202,18228.48
2021-11-10,Clothing,44.46,1,98.15,356,15827.76
2021-11-10,Electronics,295.03,0,99.17,208,61366.24
2021-11-10,Groceries,12.35,0,105.92,570,7039.5
2021-11-10,Home & Kitchen,91.2,0,93.68,231,21067.2
2021-11-11,Clothing,51.02,0,94.85,291,14846.82
2021-11-11,Electronics,276.13,1,101.31,264,72898.32
2021-11-11,Groceries,11.26,1,106.8,626,7048.76
2021-11-11,Home & Kitchen,85.81,0,103.69,239,20508.59
2021-11-12,Clothing,48.3,0,99.83,229,11060.7
2021-11-12,Electronics,295.08,0,83.62,224,66097.92
2021-11-12,Groceries,12.6,0,92.47,541,6816.6
2021-11-12,Home & Kitchen,89.51,0,107.27,215,19244.65
2021-11-13,Clothing,45.48,1,98.07,279,12688.92
2021-11-13,Electronics,296.87,0,95.58,166,49280.42
2021-11-13,Groceries,11.99,0,96.25,559,6702.41
2021-11-13,Home & Kitchen,89.52,0,101.88,211,18888.72
2021-11-14,Clothing,50.75,0,98.32,216,10962.0
2021-11-14,Electronics,294.41,0,103.31,212,62414.92
2021-11-14,Groceries,12.6,0,98.22,549,6917.4
2021-11-14,Home & Kitchen,91.12,0,104.34,237,21595.44
2021-11-15,Clothing,50.91,0,99.01,226,11505.66
2021-11-15,Electronics,262.02,1,99.86,294,77033.88
2021-11-15,Groceries,12.54,0,98.11,545,6834.3
2021-11-15,Home & Kitchen,89.15,0,107.45,208,18543.2
2021-11-16,Clothing,51.16,0,95.59,281,14375.96
2021-11-16,Electronics,309.6,0,101.24,188,58204.8
2021-11-16,Groceries,12.43,0,95.94,554,6886.22
2021-11-16,Home & Kitchen,85.27,0,101.96,274,23363.98
2021-11-17,Clothing,45.86,1,100.28,384,17610.24
2021-11-17,Electronics,303.69,0,100.55,177,53753.13
2021-11-17,Groceries,11.32,1,98.62,576,6520.32
2021-11-17,Home & Kitchen,89.85,0,95.86,189,16981.65
2021-11-18,Clothing,48.75,0,106.29,270,13162.5
2021-11-18,Electronics,300.9,0,97.33,193,58073.7
2021-11-18,Groceries,12.08,0,104.34,530,6402.4
2021-11-18,Home & Kitchen,88.76,0,98.81,242,21479.92
2021-11-19,Clothing,49.14,0,103.05,279,13710.06
2021-11-19,Electronics,298.32,1,102.23,311,92777.52
2021-11-19,Groceries,12.62,0,97.88,550,6941.0
2021-11-19,Home & Kitchen,90.4,0,97.89,235,21244.0
2021-11-20,Clothing,43.3,1,96.71,316,13682.8
2021-11-20,Electronics,298.32,1,94.93,297,88601.04
2021-11-20,Groceries,12.59,0,97.84,507,6383.13
2021-11-20,Home & Kitchen,91.15,0,92.75,261,23790.15
2021-11-21,Clothing,49.47,0,101.52,328,16226.16
2021-11-21,Electronics,298.34,0,95.94,189,56386.26
2021-11-21,Groceries,12.71,0,100.56,545,6926.95
2021-11-21,Home & Kitchen,92.42,0,94.34,268,24768.56
2021-11-22,Clothing,50.44,0,104.05,244,12307.36
2021-11-22,Electronics,294.6,0,100.49,213,62749.8
2021-11-22,Groceries,12.29,0,99.63,522,6415.38
2021-11-22,Home & Kitchen,82.96,1,94.96,222,18417.12
2021-11-23,Clothing,49.99,0,98.62,305,15246.95
2021-11-23,Electronics,302.82,0,104.85,182,55113.24
2021-11-23,Groceries,12.35,0,98.55,486,6002.1
2021-11-23,Home & Kitchen,90.14,0,106.42,207,18658.98
2021-11-24,Clothing,50.23,0,97.98,305,15320.15
2021-11-24,Electronics,304.71,0,93.7,217,66122.07
2021-11-24,Groceries,12.67,0,95.41,584,7399.28
2021-11-24,Home & Kitchen,89.9,0,100.99,231,20766.9
2021-11-25,Clothing,49.33,0,98.04,253,12480.49
2021-11-25,Electronics,269.22,1,102.62,296,79689.12
2021-11-25,Groceries,12.33,0,105.17,512,6312.96
2021-11-25,Home & Kitchen,88.17,0,85.85,180,15870.6
2021-11-26,Clothing,48.79,0,105.7,372,18149.88
2021-11-26,Electronics,286.52,0,102.2,258,73922.16
2021-11-26,Groceries,12.57,0,100.72,695,8736.15
2021-11-26,Home & Kitchen,81.34,1,104.85,417,35464.24
2021-11-27,Clothing,45.7,1,87.98,507,23169.9
2021-11-27,Electronics,298.64,0,96.66,189,56442.96
2021-11-27,Groceries,12.63,0,96.47,554,6997.02
2021-11-27,Home & Kitchen,91.31,0,93.2,215,19631.65
2021-11-28,Clothing,51.59,0,98.37,307,15838.13
2021-11-28,Electronics,307.36,0,98.44,207,63623.52
2021-11-28,Groceries,11.26,1,97.22,681,7668.06
2021-11-28,Home & Kitchen,86.2,0,100.65,282,24308.4
2021-11-29,Clothing,52.27,0,98.95,218,11394.86
2021-11-29,Electronics,301.13,0,97.63,151,45470.63
2021-11-29,Groceries,12.18,0,100.07,560,6820.8
2021-11-29,Home & Kitchen,91.31,0,104.94,232,21183.92
2021-11-30,Clothing,52.17,0,100.15,237,12364.29
2021-11-30,Electronics,305.4,0,101.16,179,54666.6
2021-11-30,Groceries,12.74,0,95.63,507,6459.18
2021-11-30,Home & Kitchen,91.48,0,100.66,242,22138.16
2021-12-01,Clothing,50.72,0,90.47,273,13846.56
2021-12-01,Electronics,289.18,0,99.93,174,50317.32
2021-12-01,Groceries,12.69,0,98.37,546,6928.74
2021-12-01,Home & Kitchen,89.74,0,90.07,212,19024.88
2021-12-02,Clothing,50.02,0,93.75,317,15856.34
2021-12-02,Electronics,297.36,0,93.65,143,42522.48
2021-12-02,Groceries,12.49,0,96.54,523,6532.27
2021-12-02,Home & Kitchen,91.09,0,91.87,189,17216.01
2021-12-03,Clothing,45.08,1,110.27,290,13073.2
2021-12-03,Electronics,300.5,0,107.72,234,70317.0
2021-12-03,Groceries,12.39,0,100.43,560,6938.4
2021-12-03,Home & Kitchen,90.14,0,100.21,206,18568.84
2021-12-04,Clothing,49.87,0,93.95,268,13365.16
2021-12-04,Electronics,298.33,0,103.13,222,66229.26
2021-12-04,Groceries,12.53,0,101.57,592,7417.76
2021-12-04,Home & Kitchen,79.61,1,97.0,302,24042.22
2021-12-05,Clothing,50.39,0,105.31,287,14461.93
2021-12-05,Electronics,307.13,0,103.53,222,68182.86
2021-12-05,Groceries,12.24,0,100.38,570,6976.8
2021-12-05,Home & Kitchen,89.92,0,95.02,212,19063.04
2021-12-06,Clothing,48.61,0,107.75,245,11909.45
2021-12-06,Electronics,288.6,0,93.83,209,60317.4
2021-12-06,Groceries,12.27,0,98.37,514,6306.78
2021-12-06,Home & Kitchen,80.5,1,103.05,275,22137.5
2021-12-07,Clothing,50.38,0,100.69,276,13904.88
2021-12-07,Electronics,273.99,1,102.94,254,69593.46
2021-12-07,Groceries,12.39,0,102.91,522,6467.58
2021-12-07,Home & Kitchen,88.96,0,97.21,231,20549.76
2021-12-08,Clothing,49.87,0,105.99,253,12617.11
2021-12-08,Electronics,276.34,1,97.88,273,75440.82
2021-12-08,Groceries,12.75,0,99.49,491,6260.25
2021-12-08,Home & Kitchen,88.43,0,102.1,220,19454.6
2021-12-09,Clothing,49.9,0,96.63,260,12974.0
2021-12-09,Electronics,300.04,0,94.16,142,42605.68
2021-12-09,Groceries,12.85,0,95.59,500,6425.0
2021-12-09,Home & Kitchen,89.24,0,97.23,200,17848.0
2021-12-10,Clothing,45.21,1,90.02,317,14331.57
2021-12-10,Electronics,306.54,0,89.7,229,70197.66
2021-12-10,Groceries,12.15,0,96.06,579,7034.85
2021-12-10,Home & Kitchen,89.33,0,100.9,224,20009.92
2021-12-11,Clothing,51.02,0,107.19,268,13673.36
2021-12-11,Electronics,285.26,0,95.99,204,58193.04
2021-12-11,Groceries,12.41,0,97.07,570,7073.7
2021-12-11,Home & Kitchen,94.28,0,99.22,256,24135.68
2021-12-12,Clothing,50.35,0,100.31,297,14953.95
2021-12-12,Electronics,308.32,0,100.53,228,70296.96
2021-12-12,Groceries,12.66,0,95.78,561,7102.26
2021-12-12,Home & Kitchen,89.59,0,88.35,221,19799.39
2021-12-13,Clothing,51.8,0,97.63,277,14348.6
2021-12-13,Electronics,301.01,0,106.6,201,60503.01
2021-12-13,Groceries,12.28,0,101.99,628,7711.84
2021-12-13,Home & Kitchen,90.31,0,101.96,236,21313.16
2021-12-14,Clothing,49.39,0,107.28,205,10124.95
2021-12-14,Electronics,268.13,1,107.91,265,71054.45
2021-12-14,Groceries,12.67,0,101.55,524,6639.08
2021-12-14,Home & Kitchen,89.15,0,104.08,190,16938.5
2021-12-15,Clothing,49.81,0,91.37,232,11555.92
2021-12-15,Electronics,297.58,0,95.92,205,61003.9
2021-12-15,Groceries,12.79,0,96.17,513,6561.27
2021-12-15,Home & Kitchen,82.96,1,102.31,261,21652.56
2021-12-16,Clothing,48.79,0,91.94,284,13856.36
2021-12-16,Electronics,305.8,0,101.81,199,60854.2
2021-12-16,Groceries,12.45,0,105.57,564,7021.8
2021-12-16,Home & Kitchen,79.84,1,89.6,291,23233.44
2021-12-17,Clothing,49.38,0,106.12,291,14369.58
2021-12-17,Electronics,308.13,0,101.38,210,64707.3
2021-12-17,Groceries,12.85,0,96.57,524,6733.4
2021-12-17,Home & Kitchen,90.13,0,90.66,235,21180.55
2021-12-18,Clothing,49.86,0,101.29,250,12465.0
2021-12-18,Electronics,294.11,0,103.82,217,63821.87
2021-12-18,Groceries,12.31,0,104.87,636,7829.16
2021-12-18,Home & Kitchen,79.81,1,92.82,293,23384.33
2021-12-19,Clothing,51.07,0,97.74,287,14657.09
2021-12-19,Electronics,308.22,0,99.1,185,57020.7
2021-12-19,Groceries,12.33,0,91.95,487,6004.71
2021-12-19,Home & Kitchen,81.45,1,102.68,329,26797.05
2021-12-20,Clothing,49.64,0,98.5,287,14246.68
2021-12-20,Electronics,294.13,0,94.97,182,53531.66
2021-12-20,Groceries,11.48,1,101.68,609,6991.32
2021-12-20,Home & Kitchen,89.4,0,93.98,253,22618.2
2021-12-21,Clothing,50.6,0,82.09,273,13813.8
2021-12-21,Electronics,297.07,0,99.21,205,60899.35
2021-12-21,Groceries,12.59,0,102.04,591,7440.69
2021-12-21,Home & Kitchen,87.05,0,100.99,201,17497.05
2021-12-22,Clothing,44.8,1,100.21,269,12051.2
2021-12-22,Electronics,298.23,0,96.86,172,51295.56
2021-12-22,Groceries,12.7,0,103.21,466,5918.2
2021-12-22,Home & Kitchen,88.02,0,95.93,218,19188.36
2021-12-23,Clothing,50.6,0,100.1,240,12144.0
2021-12-23,Electronics,311.11,0,99.21,201,62533.11
2021-12-23,Groceries,12.23,0,103.3,567,6934.41
2021-12-23,Home & Kitchen,82.51,1,99.24,275,22690.25
2021-12-24,Clothing,48.66,0,101.89,183,8904.78
2021-12-24,Electronics,293.81,0,98.0,163,47891.03
2021-12-24,Groceries,12.13,0,105.46,558,6768.54
2021-12-24,Home & Kitchen,86.58,0,98.75,226,19567.08
2021-12-25,Clothing,43.46,1,102.96,416,18079.36
2021-12-25,Electronics,292.47,0,101.53,210,61418.7
2021-12-25,Groceries,12.43,0,93.33,583,7246.69
2021-12-25,Home & Kitchen,88.71,0,96.63,253,22443.63
2021-12-26,Clothing,50.92,0,98.02,276,14053.92
2021-12-26,Electronics,299.67,0,103.42,185,55438.95
2021-12-26,Groceries,11.9,0,99.15,501,5961.9
2021-12-26,Home & Kitchen,90.18,0,97.89,233,21011.94
2021-12-27,Clothing,49.39,0,97.37,238,11754.82
2021-12-27,Electronics,302.15,0,102.09,125,37768.75
2021-12-27,Groceries,12.22,0,97.92,548,6696.56
2021-12-27,Home & Kitchen,90.57,0,103.83,192,17389.44
2021-12-28,Clothing,49.36,0,105.04,250,12340.0
2021-12-28,Electronics,297.1,0,99.49,223,66253.3
2021-12-28,Groceries,12.43,0,90.1,539,6699.77
2021-12-28,Home & Kitchen,90.52,0,107.94,225,20367.0
2021-12-29,Clothing,49.82,0,101.93,317,15792.94
2021-12-29,Electronics,296.47,0,100.43,177,52475.19
2021-12-29,Groceries,12.45,0,103.1,587,7308.15
2021-12-29,Home & Kitchen,85.7,0,105.18,235,20139.5
2021-12-30,Clothing,50.42,0,93.96,215,10840.3
2021-12-30,Electronics,305.79,0,93.13,225,68802.75
2021-12-30,Groceries,10.69,1,106.04,694,7418.86
2021-12-30,Home & Kitchen,90.29,0,97.97,192,17335.68
2021-12-31,Clothing,49.76,0,91.21,255,12688.8
2021-12-31,Electronics,301.72,0,101.48,174,52499.28
2021-12-31,Groceries,12.71,0,109.0,530,6736.3
2021-12-31,Home & Kitchen,90.9,0,103.36,232,21088.8
2022-01-01,Clothing,49.13,0,96.09,224,11005.12
2022-01-01,Electronics,286.46,0,103.07,158,45260.68
2022-01-01,Groceries,12.64,0,98.08,516,6522.24
2022-01-01,Home & Kitchen,92.36,0,96.78,209,19303.24
2022-01-02,Clothing,48.93,0,99.96,233,11400.69
2022-01-02,Electronics,307.8,0,102.31,161,49555.8
2022-01-02,Groceries,12.09,0,103.24,472,5706.48
2022-01-02,Home & Kitchen,89.33,0,110.68,172,15364.76
2022-01-03,Clothing,49.82,0,94.09,248,12355.36
2022-01-03,Electronics,303.88,0,105.63,196,59560.48
2022-01-03,Groceries,12.49,0,105.27,536,6694.64
2022-01-03,Home & Kitchen,88.11,0,100.24,185,16300.35
2022-01-04,Clothing,50.26,0,101.15,190,9549.4
2022-01-04,Electronics,298.48,0,101.99,206,61486.88
2022-01-04,Groceries,11.25,1,93.91,559,6288.75
2022-01-04,Home & Kitchen,88.79,0,94.39,189,16781.31
2022-01-05,Clothing,51.16,0,110.18,200,10232.0
2022-01-05,Electronics,292.34,0,101.49,176,51451.84
2022-01-05,Groceries,12.44,0,110.94,445,5535.8
2022-01-05,Home & Kitchen,79.63,1,104.74,241,19190.83
2022-01-06,Clothing,44.78,1,103.43,337,15090.86
2022-01-06,Electronics,301.91,0,105.8,119,35927.29
2022-01-06,Groceries,12.69,0,99.16,509,6459.21
2022-01-06,Home & Kitchen,91.18,0,93.08,221,20150.78
2022-01-07,Clothing,49.82,0,104.85,214,10661.48
2022-01-07,Electronics,293.7,0,100.47,150,44055.0
2022-01-07,Groceries,12.54,0,99.58,585,7335.9
2022-01-07,Home & Kitchen,93.08,0,97.72,184,17126.72
2022-01-08,Clothing,50.14,0,97.65,256,12835.84
2022-01-08,Electronics,306.66,0,107.44,184,56425.44
2022-01-08,Groceries,12.13,0,98.52,579,7023.27
2022-01-08,Home & Kitchen,82.41,1,102.91,243,20025.63
2022-01-09,Clothing,51.44,0,102.82,279,14351.76
2022-01-09,Electronics,297.61,0,90.35,216,64283.76
2022-01-09,Groceries,12.43,0,91.59,522,6488.46
2022-01-09,Home & Kitchen,92.47,0,91.9,192,17754.24
2022-01-10,Clothing,49.5,0,103.29,176,8712.0
2022-01-10,Electronics,269.92,1,101.25,194,52364.48
2022-01-10,Groceries,12.68,0,96.36,512,6492.16
2022-01-10,Home & Kitchen,94.48,0,103.73,187,17667.76
2022-01-11,Clothing,50.35,0,97.67,209,10523.15
2022-01-11,Electronics,278.76,0,106.42,167,46552.92
2022-01-11,Groceries,12.63,0,99.26,508,6416.04
2022-01-11,Home & Kitchen,79.98,1,94.4,195,15596.1
2022-01-12,Clothing,50.32,0,96.21,190,9560.8
2022-01-12,Electronics,308.53,0,98.94,143,44119.79
2022-01-12,Groceries,12.53,0,101.43,484,6064.52
2022-01-12,Home & Kitchen,89.8,0,98.12,198,17780.4
2022-01-13,Clothing,50.96,0,102.74,237,12077.52
2022-01-13,Electronics,269.54,1,97.05,148,39891.92
2022-01-13,Groceries,12.43,0,106.4,434,5394.62
2022-01-13,Home & Kitchen,82.53,1,101.34,243,20054.79
2022-01-14,Clothing,50.55,0,101.92,160,8088.0
2022-01-14,Electronics,301.91,0,101.81,151,45588.41
2022-01-14,Groceries,11.16,1,91.88,609,6796.44
2022-01-14,Home & Kitchen,80.18,1,94.83,203,16276.54
2022-01-15,Clothing,46.01,1,101.67,312,14355.12
2022-01-15,Electronics,293.35,0,93.16,179,52509.65
2022-01-15,Groceries,12.42,0,101.06,578,7178.76
2022-01-15,Home & Kitchen,81.6,1,109.75,233,19012.8
2022-01-16,Clothing,49.61,0,99.72,254,12600.94
2022-01-16,Electronics,301.67,0,115.45,180,54300.6
2022-01-16,Groceries,11.24,1,93.78,501,5631.24
2022-01-16,Home & Kitchen,89.64,0,98.95,186,16673.04
2022-01-17,Clothing,50.1,0,101.29,216,10821.6
2022-01-17,Electronics,295.93,0,104.83,109,32256.37
2022-01-17,Groceries,13.21,0,92.21,491,6486.11
2022-01-17,Home & Kitchen,91.25,0,100.92,170,15512.5
2022-01-18,Clothing,50.45,0,101.37,301,15185.45
2022-01-18,Electronics,302.17,0,92.95,103,31123.51
2022-01-18,Groceries,12.29,0,107.99,620,7619.8
2022-01-18,Home & Kitchen,87.06,0,88.05,137,11927.22
2022-01-19,Clothing,50.5,0,97.03,205,10352.5
2022-01-19,Electronics,302.65,0,99.14,157,47516.05
2022-01-19,Groceries,12.67,0,101.89,584,7399.28
2022-01-19,Home & Kitchen,85.84,0,89.13,180,15451.2
2022-01-20,Clothing,50.21,0,103.36,198,9941.58
2022-01-20,Electronics,301.96,0,93.54,165,49823.4
2022-01-20,Groceries,11.04,1,100.27,655,7231.2
2022-01-20,Home & Kitchen,78.74,1,91.47,228,17952.72
2022-01-21,Clothing,49.39,0,98.6,169,8346.91
2022-01-21,Electronics,303.58,0,109.17,141,42804.78
2022-01-21,Groceries,12.57,0,91.18,520,6536.4
2022-01-21,Home & Kitchen,90.32,0,103.33,179,16167.28
2022-01-22,Clothing,50.35,0,94.47,206,10372.1
2022-01-22,Electronics,292.77,0,91.41,194,56797.38
2022-01-22,Groceries,12.41,0,91.9,525,6515.25
2022-01-22,Home & Kitchen,88.33,0,106.55,197,17401.01
2022-01-23,Clothing,47.77,0,107.86,230,10987.1
2022-01-23,Electronics,273.76,1,95.55,218,59679.68
2022-01-23,Groceries,10.94,1,105.41,550,6017.0
2022-01-23,Home & Kitchen,88.97,0,104.8,196,17438.12
2022-01-24,Clothing,44.36,1,95.37,306,13574.16
2022-01-24,Electronics,271.3,1,99.21,195,52903.5
2022-01-24,Groceries,11.56,1,93.2,607,7016.92
2022-01-24,Home & Kitchen,88.52,0,108.84,195,17261.4
2022-01-25,Clothing,48.51,0,101.37,287,13922.37
2022-01-25,Electronics,297.31,0,91.74,183,54407.73
2022-01-25,Groceries,12.08,0,99.29,537,6486.96
2022-01-25,Home & Kitchen,87.47,0,98.86,158,13820.26
2022-01-26,Clothing,45.03,1,97.33,347,15625.41
2022-01-26,Electronics,309.42,0,105.95,184,56933.28
2022-01-26,Groceries,12.49,0,110.46,429,5358.21
2022-01-26,Home & Kitchen,80.67,1,96.63,163,13149.21
2022-01-27,Clothing,49.76,0,102.35,198,9852.48
2022-01-27,Electronics,310.63,0,96.08,161,50011.43
2022-01-27,Groceries,12.45,0,105.44,493,6137.85
2022-01-27,Home & Kitchen,92.24,0,102.43,192,17710.08
2022-01-28,Clothing,50.66,0,103.04,235,11905.1
2022-01-28,Electronics,263.62,1,100.82,219,57732.78
2022-01-28,Groceries,12.28,0,101.27,486,5968.08
2022-01-28,Home & Kitchen,90.18,0,104.23,143,12895.74
2022-01-29,Clothing,48.67,0,108.96,276,13432.92
2022-01-29,Electronics,307.92,0,95.8,213,65586.96
2022-01-29,Groceries,11.15,1,98.54,666,7425.9
2022-01-29,Home & Kitchen,88.91,0,100.0,233,20716.03
2022-01-30,Clothing,49.27,0,96.76,278,13697.06
2022-01-30,Electronics,297.43,0,93.82,183,54429.69
2022-01-30,Groceries,12.53,0,101.28,599,7505.47
2022-01-30,Home & Kitchen,88.53,0,95.12,252,22309.56
2022-01-31,Clothing,50.33,0,103.98,209,10518.97
2022-01-31,Electronics,305.36,0,116.2,175,53438.0
2022-01-31,Groceries,12.41,0,99.46,463,5745.83
2022-01-31,Home & Kitchen,92.97,0,100.7,202,18779.94
2022-02-01,Clothing,51.58,0,94.82,210,10831.8
2022-02-01,Electronics,307.26,0,105.07,162,49776.12
2022-02-01,Groceries,12.69,0,102.49,548,6954.12
2022-02-01,Home & Kitchen,91.54,0,93.88,194,17758.76
2022-02-02,Clothing,49.05,0,105.72,211,10349.55
2022-02-02,Electronics,303.35,0,94.87,123,37312.05
2022-02-02,Groceries,12.36,0,92.82,434,5364.24
2022-02-02,Home & Kitchen,89.88,0,97.26,199,17886.12
2022-02-03,Clothing,49.84,0,109.78,264,13157.76
2022-02-03,Electronics,301.35,0,94.11,164,49421.4
2022-02-03,Groceries,12.91,0,99.62,445,5744.95
2022-02-03,Home & Kitchen,89.42,0,104.84,193,17258.06
2022-02-04,Clothing,48.36,0,97.93,216,10445.76
2022-02-04,Electronics,300.91,0,97.24,160,48145.6
2022-02-04,Groceries,12.99,0,100.76,486,6313.14
2022-02-04,Home & Kitchen,91.47,0,94.88,207,18934.29
2022-02-05,Clothing,49.99,0,100.55,305,15246.95
2022-02-05,Electronics,312.31,0,98.61,172,53717.32
2022-02-05,Groceries,12.16,0,104.31,561,6821.76
2022-02-05,Home & Kitchen,90.6,0,101.95,241,21834.6
2022-02-06,Clothing,50.04,0,102.4,277,13861.08
2022-02-06,Electronics,316.71,0,108.83,220,69676.2
2022-02-06,Groceries,12.49,0,95.46,562,7019.38
2022-02-06,Home & Kitchen,91.55,0,104.13,201,18401.55
2022-02-07,Clothing,51.7,0,100.71,205,10598.5
2022-02-07,Electronics,273.2,1,98.29,250,68300.0
2022-02-07,Groceries,12.82,0,103.69,494,6333.08
2022-02-07,Home & Kitchen,83.78,1,99.29,248,20777.44
2022-02-08,Clothing,50.25,0,99.53,231,11607.75
2022-02-08,Electronics,296.05,0,93.52,143,42335.15
2022-02-08,Groceries,12.56,0,101.99,540,6782.4
2022-02-08,Home & Kitchen,87.93,0,99.39,194,17058.42
2022-02-09,Clothing,43.86,1,94.49,318,13947.48
2022-02-09,Electronics,271.36,1,103.53,249,67568.64
2022-02-09,Groceries,12.03,0,98.28,465,5593.95
2022-02-09,Home & Kitchen,91.86,0,101.77,167,15340.62
2022-02-10,Clothing,50.54,0,97.73,220,11118.8
2022-02-10,Electronics,302.3,0,96.19,124,37485.2
2022-02-10,Groceries,12.19,0,102.31,504,6143.76
2022-02-10,Home & Kitchen,92.1,0,96.14,222,20446.2
2022-02-11,Clothing,49.19,0,109.08,193,9493.67
2022-02-11,Electronics,298.47,0,95.88,164,48949.08
2022-02-11,Groceries,12.51,0,100.14,400,5004.0
2022-02-11,Home & Kitchen,80.96,1,105.8,258,20887.68
2022-02-12,Clothing,49.22,0,92.84,223,10976.06
2022-02-12,Electronics,313.24,0,106.64,174,54503.76
2022-02-12,Groceries,11.16,1,96.41,628,7008.48
2022-02-12,Home & Kitchen,89.7,0,97.17,195,17491.5
2022-02-13,Clothing,51.57,0,104.45,232,11964.24
2022-02-13,Electronics,300.64,0,91.62,135,40586.4
2022-02-13,Groceries,12.02,0,103.56,480,5769.6
2022-02-13,Home & Kitchen,89.71,0,98.02,189,16955.19
2022-02-14,Clothing,49.93,0,105.27,208,10385.44
2022-02-14,Electronics,309.15,0,95.35,169,52246.35
2022-02-14,Groceries,12.6,0,105.62,472,5947.2
2022-02-14,Home & Kitchen,82.94,1,99.92,215,17832.1
2022-02-15,Clothing,49.69,0,92.08,221,10981.49
2022-02-15,Electronics,288.64,0,99.8,119,34348.16
2022-02-15,Groceries,11.51,1,92.62,533,6134.83
2022-02-15,Home & Kitchen,85.12,1,93.15,289,24599.68
2022-02-16,Clothing,49.51,0,90.69,189,9357.39
2022-02-16,Electronics,292.72,0,107.9,218,63812.96
2022-02-16,Groceries,12.42,0,94.57,571,7091.82
2022-02-16,Home & Kitchen,92.15,0,100.08,194,17877.1
2022-02-17,Clothing,50.82,0,104.82,213,10824.66
2022-02-17,Electronics,299.59,0,91.5,169,50630.71
2022-02-17,Groceries,11.57,1,97.72,640,7404.8
2022-02-17,Home & Kitchen,88.85,0,99.89,196,17414.6
2022-02-18,Clothing,49.39,0,94.68,252,12446.28
2022-02-18,Electronics,263.28,1,103.96,293,77141.04
2022-02-18,Groceries,12.85,0,102.53,466,5988.1
2022-02-18,Home & Kitchen,85.74,1,95.8,251,21520.74
2022-02-19,Clothing,48.99,0,101.33,244,11953.56
2022-02-19,Electronics,297.58,0,88.86,204,60706.32
2022-02-19,Groceries,12.54,0,101.33,541,6784.14
2022-02-19,Home & Kitchen,81.12,1,96.8,293,23768.16
2022-02-20,Clothing,49.59,0,98.07,259,12843.81
2022-02-20,Electronics,301.58,0,98.61,166,50062.28
2022-02-20,Groceries,12.39,0,99.61,494,6120.66
2022-02-20,Home & Kitchen,87.81,0,102.11,217,19054.77
2022-02-21,Clothing,48.95,0,103.2,260,12727.0
2022-02-21,Electronics,305.39,0,104.05,143,43670.77
2022-02-21,Groceries,12.67,0,103.35,573,7259.91
2022-02-21,Home & Kitchen,87.85,0,98.86,210,18448.5
2022-02-22,Clothing,50.95,0,96.6,276,14062.2
2022-02-22,Electronics,297.89,0,96.39,145,43194.05
2022-02-22,Groceries,11.44,1,100.63,654,7481.76
2022-02-22,Home & Kitchen,89.87,0,96.54,197,17704.39
2022-02-23,Clothing,52.31,0,94.56,218,11403.58
2022-02-23,Electronics,295.27,0,110.37,184,54329.68
2022-02-23,Groceries,12.74,0,99.97,533,6790.42
2022-02-23,Home & Kitchen,89.11,0,102.29,168,14970.48
2022-02-24,Clothing,49.55,0,105.62,227,11247.85
2022-02-24,Electronics,290.71,0,100.69,154,44769.34
2022-02-24,Groceries,12.38,0,98.6,501,6202.38
2022-02-24,Home & Kitchen,88.32,0,104.65,195,17222.4
2022-02-25,Clothing,52.77,0,94.83,201,10606.77
2022-02-25,Electronics,303.73,0,104.87,126,38269.98
2022-02-25,Groceries,12.41,0,99.93,493,6118.13
2022-02-25,Home & Kitchen,86.42,0,90.18,167,14432.14
2022-02-26,Clothing,49.74,0,92.87,177,8803.98
2022-02-26,Electronics,303.03,0,104.54,203,61515.09
2022-02-26,Groceries,12.38,0,98.16,550,6809.0
2022-02-26,Home & Kitchen,89.68,0,96.61,240,21523.2
2022-02-27,Clothing,49.47,0,93.31,254,12565.38
2022-02-27,Electronics,302.58,0,100.15,182,55069.56
2022-02-27,Groceries,12.61,0,93.67,606,7641.66
2022-02-27,Home & Kitchen,86.5,0,99.82,218,18857.0
2022-02-28,Clothing,50.11,0,95.38,193,9671.23
2022-02-28,Electronics,310.35,0,95.15,193,59897.55
2022-02-28,Groceries,12.57,0,95.61,467,5870.19
2022-02-28,Home & Kitchen,80.33,1,104.62,261,20966.13
2022-03-01,Clothing,45.43,1,94.84,306,13901.58
2022-03-01,Electronics,300.49,0,101.8,206,61900.94
2022-03-01,Groceries,12.41,0,96.74,557,6912.37
2022-03-01,Home & Kitchen,90.87,0,106.79,194,17628.78
2022-03-02,Clothing,51.34,0,95.7,223,11448.82
2022-03-02,Electronics,290.1,0,101.14,183,53088.3
2022-03-02,Groceries,12.25,0,98.92,426,5218.5
2022-03-02,Home & Kitchen,90.23,0,98.21,193,17414.39
2022-03-03,Clothing,48.61,0,107.07,271,13173.31
2022-03-03,Electronics,296.99,0,102.59,168,49894.32
2022-03-03,Groceries,12.35,0,97.8,521,6434.35
2022-03-03,Home & Kitchen,89.5,0,103.68,219,19600.5
2022-03-04,Clothing,49.29,0,94.1,244,12026.76
2022-03-04,Electronics,292.52,0,97.4,198,57918.96
2022-03-04,Groceries,12.47,0,103.29,580,7232.6
2022-03-04,Home & Kitchen,88.46,0,94.34,190,16807.4
2022-03-05,Clothing,51.03,0,101.49,228,11634.84
2022-03-05,Electronics,305.95,0,89.64,262,80158.9
2022-03-05,Groceries,12.69,0,98.58,458,5812.02
2022-03-05,Home & Kitchen,82.26,1,103.77,338,27803.88
2022-03-06,Clothing,50.95,0,100.96,284,14469.8
2022-03-06,Electronics,298.62,0,107.04,169,50466.78
2022-03-06,Groceries,12.3,0,102.36,471,5793.3
2022-03-06,Home & Kitchen,90.78,0,95.39,193,17520.54
2022-03-07,Clothing,51.26,0,103.02,258,13225.08
2022-03-07,Electronics,310.71,0,93.66,161,50024.31
2022-03-07,Groceries,11.08,1,102.84,659,7301.72
2022-03-07,Home & Kitchen,88.62,0,92.1,195,17280.9
2022-03-08,Clothing,49.64,0,108.5,239,11863.96
2022-03-08,Electronics,285.23,1,102.95,242,69025.66
2022-03-08,Groceries,12.06,0,104.48,514,6198.84
2022-03-08,Home & Kitchen,81.03,1,105.84,232,18798.96
2022-03-09,Clothing,51.53,0,96.7,286,14737.58
2022-03-09,Electronics,301.2,0,97.75,186,56023.2
2022-03-09,Groceries,11.39,1,102.42,640,7289.6
2022-03-09,Home & Kitchen,89.06,0,94.93,181,16119.86
2022-03-10,Clothing,50.38,0,107.83,263,13249.94
2022-03-10,Electronics,307.16,0,83.73,133,40852.28
2022-03-10,Groceries,12.5,0,94.49,483,6037.5
2022-03-10,Home & Kitchen,89.8,0,103.27,224,20115.2
2022-03-11,Clothing,49.97,0,98.31,267,13341.99
2022-03-11,Electronics,302.87,0,106.09,208,62996.96
2022-03-11,Groceries,12.63,0,102.91,471,5948.73
2022-03-11,Home & Kitchen,93.85,0,101.1,193,18113.05
2022-03-12,Clothing,49.7,0,95.18,272,13518.4
2022-03-12,Electronics,301.32,0,93.09,164,49416.48
2022-03-12,Groceries,11.79,0,105.24,531,6260.49
2022-03-12,Home & Kitchen,88.41,0,107.72,228,20157.48
2022-03-13,Clothing,49.49,0,107.75,242,11976.58
2022-03-13,Electronics,292.54,0,89.83,206,60263.24
2022-03-13,Groceries,11.83,0,102.61,563,6660.29
2022-03-13,Home & Kitchen,89.88,0,95.02,189,16987.32
2022-03-14,Clothing,45.67,1,96.05,361,16486.87
2022-03-14,Electronics,289.79,0,104.85,179,51872.41
2022-03-14,Groceries,12.46,0,105.63,524,6529.04
2022-03-14,Home & Kitchen,91.95,0,103.0,251,23079.45
2022-03-15,Clothing,49.34,0,89.35,172,8486.48
2022-03-15,Electronics,290.26,0,100.31,151,43829.26
2022-03-15,Groceries,11.35,1,107.57,613,6957.55
2022-03-15,Home & Kitchen,89.28,0,94.32,189,16873.92
2022-03-16,Clothing,49.59,0,100.68,243,12050.37
2022-03-16,Electronics,267.96,1,98.62,221,59219.16
2022-03-16,Groceries,12.35,0,92.1,548,6767.8
2022-03-16,Home & Kitchen,90.99,0,94.32,186,16924.14
2022-03-17,Clothing,48.72,0,96.57,299,14567.28
2022-03-17,Electronics,306.5,0,103.29,184,56396.0
2022-03-17,Groceries,12.48,0,101.16,514,6414.72
2022-03-17,Home & Kitchen,91.55,0,102.42,151,13824.05
2022-03-18,Clothing,50.23,0,99.53,222,11151.06
2022-03-18,Electronics,289.62,0,97.76,178,51552.36
2022-03-18,Groceries,12.48,0,100.72,532,6639.36
2022-03-18,Home & Kitchen,90.04,0,101.55,187,16837.48
2022-03-19,Clothing,50.01,0,94.44,271,13552.71
2022-03-19,Electronics,297.05,0,102.38,193,57330.65
2022-03-19,Groceries,12.06,0,96.35,501,6042.06
2022-03-19,Home & Kitchen,90.84,0,95.17,212,19258.08
2022-03-20,Clothing,50.99,0,97.06,306,15602.94
2022-03-20,Electronics,271.07,1,103.87,244,66141.08
2022-03-20,Groceries,12.7,0,99.6,540,6858.0
2022-03-20,Home & Kitchen,89.54,0,105.93,203,18176.62
2022-03-21,Clothing,51.42,0,105.35,257,13214.94
2022-03-21,Electronics,297.63,0,99.77,194,57740.22
2022-03-21,Groceries,12.4,0,95.85,524,6497.6
2022-03-21,Home & Kitchen,93.13,0,105.0,224,20861.12
2022-03-22,Clothing,49.18,0,100.32,239,11754.02
2022-03-22,Electronics,309.96,0,94.68,212,65711.52
2022-03-22,Groceries,12.32,0,101.27,458,5642.56
2022-03-22,Home & Kitchen,90.26,0,92.1,193,17420.18
2022-03-23,Clothing,52.92,0,103.7,211,11166.12
2022-03-23,Electronics,302.27,0,98.09,185,55919.95
2022-03-23,Groceries,12.73,0,99.4,499,6352.27
2022-03-23,Home & Kitchen,88.19,0,92.47,189,16667.91
2022-03-24,Clothing,45.89,1,94.87,287,13170.43
2022-03-24,Electronics,297.02,0,101.02,166,49305.32
2022-03-24,Groceries,12.12,0,99.01,571,6920.52
2022-03-24,Home & Kitchen,93.71,0,99.57,211,19772.81
2022-03-25,Clothing,47.87,0,102.03,263,12589.81
2022-03-25,Electronics,299.92,0,99.99,184,55185.28
2022-03-25,Groceries,12.95,0,95.24,557,7213.15
2022-03-25,Home & Kitchen,86.0,0,102.13,185,15910.0
2022-03-26,Clothing,51.19,0,104.96,269,13770.11
2022-03-26,Electronics,292.19,0,103.65,193,56392.67
2022-03-26,Groceries,11.43,1,92.38,611,6983.73
2022-03-26,Home & Kitchen,88.01,0,103.53,242,21298.42
2022-03-27,Clothing,51.53,0,102.77,324,16695.72
2022-03-27,Electronics,265.8,1,91.89,297,78942.6
2022-03-27,Groceries,12.36,0,91.8,559,6909.24
2022-03-27,Home & Kitchen,88.44,0,91.48,226,19987.44
2022-03-28,Clothing,49.15,0,97.72,176,8650.4
2022-03-28,Electronics,296.48,0,96.9,144,42693.12
2022-03-28,Groceries,12.4,0,97.65,522,6472.8
2022-03-28,Home & Kitchen,89.99,0,105.01,199,17908.01
2022-03-29,Clothing,48.49,0,96.4,249,12074.01
2022-03-29,Electronics,303.0,0,108.83,166,50298.0
2022-03-29,Groceries,11.14,1,95.68,623,6940.22
2022-03-29,Home & Kitchen,81.69,1,109.13,233,19033.77
2022-03-30,Clothing,51.86,0,99.4,220,11409.2
2022-03-30,Electronics,304.78,0,91.39,178,54250.84
2022-03-30,Groceries,12.42,0,100.06,548,6806.16
2022-03-30,Home & Kitchen,94.54,0,100.51,190,17962.6
2022-03-31,Clothing,50.01,0,95.64,310,15503.1
2022-03-31,Electronics,305.71,0,97.43,161,49219.31
2022-03-31,Groceries,11.41,1,104.25,655,7473.55
2022-03-31,Home & Kitchen,93.47,0,93.75,216,20189.52
2022-04-01,Clothing,50.4,0,103.56,274,13809.6
2022-04-01,Electronics,299.72,0,90.08,161,48254.92
2022-04-01,Groceries,12.2,0,96.98,498,6075.6
2022-04-01,Home & Kitchen,89.45,0,97.23,179,16011.55
2022-04-02,Clothing,49.36,0,107.73,268,13228.48
2022-04-02,Electronics,301.25,0,99.76,244,73505.0
2022-04-02,Groceries,12.5,0,94.04,561,7012.5
2022-04-02,Home & Kitchen,88.72,0,95.81,221,19607.12
2022-04-03,Clothing,50.94,0,96.8,274,13957.56
2022-04-03,Electronics,303.24,0,97.94,175,53067.0
2022-04-03,Groceries,12.65,0,102.86,541,6843.65
2022-04-03,Home & Kitchen,88.44,0,95.1,214,18926.16
2022-04-04,Clothing,51.06,0,96.38,207,10569.42
2022-04-04,Electronics,299.29,0,102.96,201,60157.29
2022-04-04,Groceries,11.66,0,97.52,516,6016.56
2022-04-04,Home & Kitchen,90.77,0,101.15,198,17972.46
2022-04-05,Clothing,49.21,0,100.1,283,13926.43
2022-04-05,Electronics,298.34,0,94.83,156,46541.04
2022-04-05,Groceries,12.79,0,98.57,523,6689.17
2022-04-05,Home & Kitchen,89.22,0,98.41,232,20699.04
2022-04-06,Clothing,49.62,0,90.66,278,13794.36
2022-04-06,Electronics,309.87,0,103.39,208,64452.96
2022-04-06,Groceries,12.1,0,94.91,500,6050.0
2022-04-06,Home & Kitchen,90.16,0,93.74,249,22449.84
2022-04-07,Clothing,46.11,1,100.77,340,15677.4
2022-04-07,Electronics,296.44,0,100.02,203,60177.32
2022-04-07,Groceries,12.53,0,101.15,503,6302.59
2022-04-07,Home & Kitchen,80.89,1,109.72,288,23296.32
2022-04-08,Clothing,46.9,1,98.09,383,17962.7
2022-04-08,Electronics,281.72,1,99.06,247,69584.84
2022-04-08,Groceries,12.57,0,101.5,505,6347.85
2022-04-08,Home & Kitchen,87.62,0,108.55,240,21028.8
2022-04-09,Clothing,48.59,0,92.56,348,16909.32
2022-04-09,Electronics,294.98,0,101.96,176,51916.48
2022-04-09,Groceries,11.11,1,104.98,689,7654.79
2022-04-09,Home & Kitchen,88.85,0,104.7,228,20257.8
2022-04-10,Clothing,50.7,0,95.8,267,13536.9
2022-04-10,Electronics,299.97,0,98.6,194,58194.18
2022-04-10,Groceries,12.85,0,102.96,613,7877.05
2022-04-10,Home & Kitchen,90.51,0,106.7,235,21269.85
2022-04-11,Clothing,52.04,0,86.37,198,10303.92
2022-04-11,Electronics,301.94,0,102.19,241,72767.54
2022-04-11,Groceries,12.39,0,100.54,522,6467.58
2022-04-11,Home & Kitchen,87.91,0,101.59,222,19516.02
2022-04-12,Clothing,51.6,0,97.46,298,15376.8
2022-04-12,Electronics,271.51,1,99.72,238,64619.38
2022-04-12,Groceries,11.47,1,98.78,598,6859.06
2022-04-12,Home & Kitchen,91.37,0,90.37,207,18913.59
2022-04-13,Clothing,50.96,0,103.85,270,13759.2
2022-04-13,Electronics,303.33,0,91.85,138,41859.54
2022-04-13,Groceries,12.67,0,97.75,425,5384.75
2022-04-13,Home & Kitchen,84.51,1,105.49,287,24254.37
2022-04-14,Clothing,46.6,1,103.33,239,11137.4
2022-04-14,Electronics,309.64,0,102.43,148,45826.72
2022-04-14,Groceries,12.84,0,104.38,583,7485.72
2022-04-14,Home & Kitchen,91.43,0,96.14,258,23588.94
2022-04-15,Clothing,49.68,0,102.67,183,9091.44
2022-04-15,Electronics,278.88,1,95.33,209,58285.92
2022-04-15,Groceries,12.51,0,93.68,608,7606.08
2022-04-15,Home & Kitchen,87.36,0,101.0,241,21053.76
2022-04-16,Clothing,49.77,0,103.1,273,13587.21
2022-04-16,Electronics,316.33,0,99.67,166,52510.78
2022-04-16,Groceries,11.47,1,93.71,639,7329.33
2022-04-16,Home & Kitchen,85.73,0,105.44,244,20918.12
2022-04-17,Clothing,51.74,0,106.98,265,13711.1
2022-04-17,Electronics,294.49,0,90.65,185,54480.65
2022-04-17,Groceries,11.42,1,102.37,620,7080.4
2022-04-17,Home & Kitchen,89.13,0,98.11,237,21123.81
2022-04-18,Clothing,49.92,0,100.35,252,12579.84
2022-04-18,Electronics,300.54,0,102.9,221,66419.34
2022-04-18,Groceries,12.33,0,96.42,554,6830.82
2022-04-18,Home & Kitchen,84.19,0,102.64,226,19026.94
2022-04-19,Clothing,51.36,0,107.66,233,11966.88
2022-04-19,Electronics,300.02,0,97.49,177,53103.54
2022-04-19,Groceries,12.73,0,103.94,514,6543.22
2022-04-19,Home & Kitchen,92.09,0,94.49,203,18694.27
2022-04-20,Clothing,46.89,1,109.94,331,15520.59
2022-04-20,Electronics,293.81,0,98.56,159,46715.79
2022-04-20,Groceries,12.67,0,98.05,586,7424.62
2022-04-20,Home & Kitchen,92.13,0,90.54,199,18333.87
2022-04-21,Clothing,50.03,0,103.18,283,14158.49
2022-04-21,Electronics,267.32,1,96.21,245,65493.4
2022-04-21,Groceries,12.39,0,90.09,636,7880.04
2022-04-21,Home & Kitchen,89.84,0,97.13,239,21471.76
2022-04-22,Clothing,50.13,0,102.47,262,13134.06
2022-04-22,Electronics,305.17,0,98.83,187,57066.79
2022-04-22,Groceries,12.92,0,100.71,575,7429.0
2022-04-22,Home & Kitchen,87.7,0,96.33,243,21311.1
2022-04-23,Clothing,48.88,0,100.43,219,10704.72
2022-04-23,Electronics,310.19,0,93.11,253,78478.07
2022-04-23,Groceries,13.01,0,110.13,515,6700.15
2022-04-23,Home & Kitchen,89.89,0,99.96,239,21483.71
2022-04-24,Clothing,49.36,0,99.03,325,16042.0
2022-04-24,Electronics,306.46,0,108.2,231,70792.26
2022-04-24,Groceries,12.57,0,101.59,539,6775.23
2022-04-24,Home & Kitchen,91.23,0,96.13,231,21074.13
2022-04-25,Clothing,49.87,0,96.53,261,13016.07
2022-04-25,Electronics,267.87,1,99.06,245,65628.15
2022-04-25,Groceries,12.44,0,95.33,588,7314.72
2022-04-25,Home & Kitchen,91.28,0,105.19,257,23458.96
2022-04-26,Clothing,46.97,1,99.79,340,15969.8
2022-04-26,Electronics,292.73,0,110.53,210,61473.3
2022-04-26,Groceries,12.54,0,104.17,528,6621.12
2022-04-26,Home & Kitchen,91.56,0,99.67,223,20417.88
2022-04-27,Clothing,50.89,0,98.6,254,12926.06
2022-04-27,Electronics,314.55,0,104.36,204,64168.2
2022-04-27,Groceries,12.93,0,99.13,609,7874.37
2022-04-27,Home & Kitchen,93.53,0,98.35,221,20670.13
2022-04-28,Clothing,47.04,0,109.46,239,11242.56
2022-04-28,Electronics,306.42,0,105.45,190,58219.8
2022-04-28,Groceries,12.48,0,99.22,489,6102.72
2022-04-28,Home & Kitchen,88.7,0,103.52,244,21642.8
2022-04-29,Clothing,51.01,0,94.63,313,15966.13
2022-04-29,Electronics,296.41,0,102.48,189,56021.49
2022-04-29,Groceries,12.48,0,99.79,513,6402.24
2022-04-29,Home & Kitchen,90.39,0,97.75,183,16541.37
2022-04-30,Clothing,50.63,0,95.11,279,14125.77
2022-04-30,Electronics,295.23,0,107.33,181,53436.63
2022-04-30,Groceries,12.87,0,103.51,548,7052.76
2022-04-30,Home & Kitchen,95.29,0,106.08,257,24489.53
2022-05-01,Clothing,50.01,0,97.68,325,16253.25
2022-05-01,Electronics,300.53,0,103.1,206,61909.18
2022-05-01,Groceries,12.35,0,97.94,533,6582.55
2022-05-01,Home & Kitchen,88.51,0,102.57,217,19206.67
2022-05-02,Clothing,50.3,0,93.65,255,12826.5
2022-05-02,Electronics,287.61,0,104.31,230,66150.3
2022-05-02,Groceries,12.43,0,93.61,519,6451.17
2022-05-02,Home & Kitchen,91.86,0,94.45,239,21954.54
2022-05-03,Clothing,49.6,0,93.88,197,9771.2
2022-05-03,Electronics,308.98,0,96.07,208,64267.84
2022-05-03,Groceries,12.54,0,106.03,559,7009.86
2022-05-03,Home & Kitchen,89.43,0,104.51,208,18601.44
2022-05-04,Clothing,51.27,0,98.98,267,13689.09
2022-05-04,Electronics,302.73,0,102.66,199,60243.27
2022-05-04,Groceries,12.28,0,96.9,675,8289.0
2022-05-04,Home & Kitchen,90.68,0,102.7,251,22760.68
2022-05-05,Clothing,48.12,0,98.82,306,14724.72
2022-05-05,Electronics,293.64,0,104.08,219,64307.16
2022-05-05,Groceries,12.07,0,98.62,570,6879.9
2022-05-05,Home & Kitchen,91.4,0,100.35,206,18828.4
2022-05-06,Clothing,49.66,0,91.17,224,11123.84
2022-05-06,Electronics,281.8,0,95.52,208,58614.4
2022-05-06,Groceries,12.54,0,92.97,496,6219.84
2022-05-06,Home & Kitchen,89.18,0,100.15,231,20600.58
2022-05-07,Clothing,50.08,0,91.42,313,15675.04
2022-05-07,Electronics,295.82,0,100.8,220,65080.4
2022-05-07,Groceries,12.47,0,102.83,536,6683.92
2022-05-07,Home & Kitchen,92.22,0,104.71,240,22132.8
2022-05-08,Clothing,49.08,0,94.72,312,15312.96
2022-05-08,Electronics,294.47,0,102.97,190,55949.3
2022-05-08,Groceries,11.38,1,95.89,639,7271.82
2022-05-08,Home & Kitchen,88.9,0,98.1,245,21780.5
2022-05-09,Clothing,49.67,0,90.5,253,12566.51
2022-05-09,Electronics,307.08,0,95.17,182,55888.56
2022-05-09,Groceries,12.15,0,96.55,561,6816.15
2022-05-09,Home & Kitchen,89.82,0,104.19,260,23353.2
2022-05-10,Clothing,49.76,0,89.18,277,13783.52
2022-05-10,Electronics,305.35,0,100.13,183,55879.05
2022-05-10,Groceries,12.66,0,98.2,579,7330.14
2022-05-10,Home & Kitchen,90.44,0,92.44,242,21886.48
2022-05-11,Clothing,49.47,0,98.14,341,16869.27
2022-05-11,Electronics,256.33,1,100.11,271,69465.43
2022-05-11,Groceries,12.48,0,102.79,550,6864.0
2022-05-11,Home & Kitchen,91.35,0,92.53,229,20919.15
2022-05-12,Clothing,51.73,0,103.94,351,18157.23
2022-05-12,Electronics,299.53,0,95.65,159,47625.27
2022-05-12,Groceries,11.62,1,104.62,623,7239.26
2022-05-12,Home & Kitchen,85.71,0,93.18,240,20570.4
2022-05-13,Clothing,51.01,0,101.1,253,12905.53
2022-05-13,Electronics,300.91,0,103.05,184,55367.44
2022-05-13,Groceries,12.28,0,110.13,497,6103.16
2022-05-13,Home & Kitchen,89.21,0,101.86,185,16503.85
2022-05-14,Clothing,50.0,0,106.58,253,12650.0
2022-05-14,Electronics,296.89,0,99.84,252,74816.28
2022-05-14,Groceries,12.58,0,105.92,576,7246.08
2022-05-14,Home & Kitchen,87.24,0,97.66,224,19541.76
2022-05-15,Clothing,43.46,1,105.97,323,14037.58
2022-05-15,Electronics,305.94,0,99.95,209,63941.46
2022-05-15,Groceries,12.28,0,96.38,522,6410.16
2022-05-15,Home & Kitchen,80.35,1,100.77,279,22417.65
2022-05-16,Clothing,49.26,0,97.05,219,10787.94
2022-05-16,Electronics,308.81,0,100.26,208,64232.48
2022-05-16,Groceries,12.32,0,93.93,538,6628.16
2022-05-16,Home & Kitchen,92.13,0,99.73,241,22203.33
2022-05-17,Clothing,50.39,0,105.29,274,13806.86
2022-05-17,Electronics,299.8,0,92.73,221,66255.8
2022-05-17,Groceries,12.17,0,98.75,541,6583.97
2022-05-17,Home & Kitchen,87.16,0,96.61,207,18042.12
2022-05-18,Clothing,49.09,0,101.59,246,12076.14
2022-05-18,Electronics,297.81,0,94.58,183,54499.23
2022-05-18,Groceries,12.41,0,99.78,548,6800.68
2022-05-18,Home & Kitchen,88.54,0,97.91,221,19567.34
2022-05-19,Clothing,49.19,0,104.17,251,12346.69
2022-05-19,Electronics,304.01,0,105.49,260,79042.6
2022-05-19,Groceries,12.12,0,100.54,575,6969.0
2022-05-19,Home & Kitchen,91.97,0,100.46,239,21980.83
2022-05-20,Clothing,51.84,0,95.15,255,13219.2
2022-05-20,Electronics,294.66,0,95.7,217,63941.22
2022-05-20,Groceries,12.22,0,98.32,574,7014.28
2022-05-20,Home & Kitchen,77.27,1,100.54,289,22331.03
2022-05-21,Clothing,51.09,0,97.97,276,14100.84
2022-05-21,Electronics,307.77,0,101.09,176,54167.52
2022-05-21,Groceries,12.2,0,89.74,560,6832.0
2022-05-21,Home & Kitchen,91.36,0,105.75,233,21286.88
2022-05-22,Clothing,48.96,0,95.38,273,13366.08
2022-05-22,Electronics,303.76,0,102.86,237,71991.12
2022-05-22,Groceries,11.08,1,89.75,594,6581.52
2022-05-22,Home & Kitchen,88.48,0,101.17,235,20792.8
2022-05-23,Clothing,49.77,0,97.34,324,16125.48
2022-05-23,Electronics,299.95,0,92.5,181,54290.95
2022-05-23,Groceries,12.6,0,96.79,528,6652.8
2022-05-23,Home & Kitchen,81.73,1,97.36,273,22312.29
2022-05-24,Clothing,46.02,1,104.51,288,13253.76
2022-05-24,Electronics,304.84,0,103.52,241,73466.44
2022-05-24,Groceries,11.47,1,94.34,680,7799.6
2022-05-24,Home & Kitchen,88.62,0,103.26,225,19939.5
2022-05-25,Clothing,50.32,0,95.94,224,11271.68
2022-05-25,Electronics,304.21,0,96.35,178,54149.38
2022-05-25,Groceries,12.19,0,102.89,573,6984.87
2022-05-25,Home & Kitchen,89.45,0,96.7,206,18426.7
2022-05-26,Clothing,50.36,0,106.62,277,13949.72
2022-05-26,Electronics,287.62,0,111.01,162,46594.44
2022-05-26,Groceries,12.54,0,98.85,552,6922.08
2022-05-26,Home & Kitchen,81.2,1,92.59,247,20056.4
2022-05-27,Clothing,50.7,0,100.65,266,13486.2
2022-05-27,Electronics,259.61,1,100.52,308,79959.88
2022-05-27,Groceries,12.43,0,98.27,577,7172.11
2022-05-27,Home & Kitchen,91.3,0,109.42,259,23646.7
2022-05-28,Clothing,50.04,0,103.52,296,14811.84
2022-05-28,Electronics,300.51,0,94.99,208,62506.08
2022-05-28,Groceries,12.34,0,89.21,624,7700.16
2022-05-28,Home & Kitchen,88.14,0,92.99,264,23268.96
2022-05-29,Clothing,50.88,0,101.04,285,14500.8
2022-05-29,Electronics,308.74,0,99.39,260,80272.4
2022-05-29,Groceries,12.27,0,104.1,586,7190.22
2022-05-29,Home & Kitchen,91.86,0,101.48,232,21311.52
2022-05-30,Clothing,50.18,0,91.22,274,13749.32
2022-05-30,Electronics,268.21,1,105.53,325,87168.25
2022-05-30,Groceries,11.3,1,105.37,597,6746.1
2022-05-30,Home & Kitchen,88.33,0,99.82,223,19697.59
2022-05-31,Clothing,43.65,1,104.81,340,14841.0
2022-05-31,Electronics,300.22,0,103.76,218,65447.96
2022-05-31,Groceries,12.29,0,97.25,483,5936.07
2022-05-31,Home & Kitchen,88.56,0,100.61,236,20900.16
2022-06-01,Clothing,50.57,0,107.47,266,13451.62
2022-06-01,Electronics,265.06,1,107.1,210,55662.6
2022-06-01,Groceries,11.33,1,103.61,611,6922.63
2022-06-01,Home & Kitchen,89.18,0,102.51,237,21135.66
2022-06-02,Clothing,49.93,0,97.31,265,13231.45
2022-06-02,Electronics,305.58,0,104.88,210,64171.8
2022-06-02,Groceries,11.28,1,104.1,686,7738.08
2022-06-02,Home & Kitchen,82.15,1,98.29,284,23330.6
2022-06-03,Clothing,51.58,0,97.5,324,16711.92
2022-06-03,Electronics,283.15,1,95.0,226,63991.9
2022-06-03,Groceries,12.28,0,99.41,544,6680.32
2022-06-03,Home & Kitchen,79.82,1,98.4,283,22589.06
2022-06-04,Clothing,48.78,0,104.84,262,12780.36
2022-06-04,Electronics,302.21,0,103.92,192,58024.32
2022-06-04,Groceries,11.79,0,102.95,532,6272.28
2022-06-04,Home & Kitchen,89.16,0,107.88,233,20774.28
2022-06-05,Clothing,52.85,0,92.78,262,13846.7
2022-06-05,Electronics,307.03,0,103.82,236,72459.08
2022-06-05,Groceries,12.63,0,108.54,585,7388.55
2022-06-05,Home & Kitchen,78.62,1,97.68,311,24450.82
2022-06-06,Clothing,50.16,0,104.43,311,15599.76
2022-06-06,Electronics,307.8,0,92.92,163,50171.4
2022-06-06,Groceries,12.83,0,98.96,540,6928.2
2022-06-06,Home & Kitchen,87.58,0,89.95,224,19617.92
2022-06-07,Clothing,50.08,0,112.03,264,13221.12
2022-06-07,Electronics,296.9,0,95.0,191,56707.9
2022-06-07,Groceries,12.57,0,102.23,566,7114.62
2022-06-07,Home & Kitchen,89.38,0,100.82,234,20914.92
2022-06-08,Clothing,44.3,1,97.22,378,16745.4
2022-06-08,Electronics,268.55,1,98.15,260,69823.0
2022-06-08,Groceries,12.69,0,101.5,566,7182.54
2022-06-08,Home & Kitchen,89.42,0,103.71,246,21997.32
2022-06-09,Clothing,49.82,0,101.69,322,16042.04
2022-06-09,Electronics,296.98,0,98.08,243,72166.14
2022-06-09,Groceries,11.88,0,103.45,446,5298.48
2022-06-09,Home & Kitchen,86.44,0,94.11,240,20745.6
2022-06-10,Clothing,51.11,0,97.89,303,15486.33
2022-06-10,Electronics,297.04,0,100.44,191,56734.64
2022-06-10,Groceries,12.79,0,102.55,520,6650.8
2022-06-10,Home & Kitchen,92.42,0,96.73,277,25600.34
2022-06-11,Clothing,49.21,0,103.91,321,15796.41
2022-06-11,Electronics,299.97,0,97.43,262,78592.14
2022-06-11,Groceries,12.23,0,97.99,587,7179.01
2022-06-11,Home & Kitchen,92.86,0,101.56,268,24886.48
2022-06-12,Clothing,50.08,0,94.95,235,11768.8
2022-06-12,Electronics,300.26,0,100.92,257,77166.82
2022-06-12,Groceries,12.32,0,97.39,538,6628.16
2022-06-12,Home & Kitchen,90.42,0,99.91,238,21519.96
2022-06-13,Clothing,51.2,0,100.93,274,14028.8
2022-06-13,Electronics,268.22,1,102.3,275,73760.5
2022-06-13,Groceries,12.17,0,103.05,533,6486.61
2022-06-13,Home & Kitchen,81.58,1,99.76,273,22271.34
2022-06-14,Clothing,51.27,0,99.71,295,15124.65
2022-06-14,Electronics,300.32,0,97.58,225,67572.0
2022-06-14,Groceries,12.52,0,105.76,591,7399.32
2022-06-14,Home & Kitchen,89.79,0,98.75,234,21010.86
2022-06-15,Clothing,52.11,0,98.96,310,16154.1
2022-06-15,Electronics,297.34,0,92.79,213,63333.42
2022-06-15,Groceries,12.45,0,103.78,547,6810.15
2022-06-15,Home & Kitchen,84.34,0,94.96,233,19651.22
2022-06-16,Clothing,44.58,1,97.14,427,19035.66
2022-06-16,Electronics,293.13,0,100.21,188,55108.44
2022-06-16,Groceries,12.79,0,104.57,462,5908.98
2022-06-16,Home & Kitchen,89.84,0,96.92,281,25245.04
2022-06-17,Clothing,50.94,0,95.22,303,15434.82
2022-06-17,Electronics,300.41,0,99.69,214,64287.74
2022-06-17,Groceries,12.1,0,100.63,535,6473.5
2022-06-17,Home & Kitchen,89.23,0,95.52,226,20165.98
2022-06-18,Clothing,50.1,0,98.28,301,15080.1
2022-06-18,Electronics,300.36,0,101.13,206,61874.16
2022-06-18,Groceries,12.02,0,102.17,587,7055.74
2022-06-18,Home & Kitchen,90.05,0,96.91,249,22422.45
2022-06-19,Clothing,49.91,0,91.41,336,16769.76
2022-06-19,Electronics,303.39,0,97.01,228,69172.92
2022-06-19,Groceries,12.61,0,107.2,615,7755.15
2022-06-19,Home & Kitchen,87.36,0,97.54,261,22800.96
2022-06-20,Clothing,45.03,1,99.26,479,21569.37
2022-06-20,Electronics,294.65,0,94.29,223,65706.95
2022-06-20,Groceries,12.36,0,101.24,602,7440.72
2022-06-20,Home & Kitchen,85.68,0,106.12,223,19106.64
2022-06-21,Clothing,44.95,1,99.75,397,17845.15
2022-06-21,Electronics,294.53,0,89.16,215,63323.95
2022-06-21,Groceries,12.77,0,97.75,479,6116.83
2022-06-21,Home & Kitchen,88.39,0,92.59,233,20594.87
2022-06-22,Clothing,49.66,0,110.12,307,15245.62
2022-06-22,Electronics,293.04,0,100.36,202,59194.08
2022-06-22,Groceries,11.29,1,98.99,662,7473.98
2022-06-22,Home & Kitchen,89.5,0,101.29,248,22196.0
2022-06-23,Clothing,49.08,0,113.15,298,14625.84
2022-06-23,Electronics,298.71,0,100.5,161,48092.31
2022-06-23,Groceries,12.13,0,97.53,555,6732.15
2022-06-23,Home & Kitchen,91.12,0,92.09,270,24602.4
2022-06-24,Clothing,50.92,0,103.94,263,13391.96
2022-06-24,Electronics,273.06,1,95.6,265,72360.9
2022-06-24,Groceries,11.3,1,94.46,666,7525.8
2022-06-24,Home & Kitchen,91.41,0,101.4,236,21572.76
2022-06-25,Clothing,49.24,0,101.6,293,14427.32
2022-06-25,Electronics,297.44,0,113.4,210,62462.4
2022-06-25,Groceries,12.44,0,95.96,612,7613.28
2022-06-25,Home & Kitchen,89.14,0,101.54,279,24870.06
2022-06-26,Clothing,49.99,0,104.6,302,15096.98
2022-06-26,Electronics,307.66,0,91.88,227,69838.82
2022-06-26,Groceries,12.51,0,106.81,604,7556.04
2022-06-26,Home & Kitchen,91.08,0,103.27,249,22678.92
2022-06-27,Clothing,52.2,0,102.99,280,14616.0
2022-06-27,Electronics,298.32,0,98.43,260,77563.2
2022-06-27,Groceries,12.49,0,93.52,527,6582.23
2022-06-27,Home & Kitchen,91.09,0,97.53,206,18764.54
2022-06-28,Clothing,49.48,0,103.71,286,14151.28
2022-06-28,Electronics,297.14,0,102.01,190,56456.6
2022-06-28,Groceries,12.56,0,93.39,644,8088.64
2022-06-28,Home & Kitchen,90.97,0,94.45,246,22378.62
2022-06-29,Clothing,49.74,0,96.63,303,15071.22
2022-06-29,Electronics,301.48,0,98.72,213,64215.24
2022-06-29,Groceries,12.51,0,84.42,609,7618.59
2022-06-29,Home & Kitchen,91.64,0,94.76,217,19885.88
2022-06-30,Clothing,50.01,0,98.65,263,13152.63
2022-06-30,Electronics,312.05,0,98.64,166,51800.3
2022-06-30,Groceries,12.51,0,102.28,513,6417.63
2022-06-30,Home & Kitchen,90.2,0,90.55,266,23993.2
2022-07-01,Clothing,49.8,0,96.53,274,13645.2
2022-07-01,Electronics,302.35,0,101.71,217,65609.95
2022-07-01,Groceries,12.31,0,93.57,599,7373.69
2022-07-01,Home & Kitchen,87.33,0,103.74,259,22618.47
2022-07-02,Clothing,49.13,0,93.69,337,16556.81
2022-07-02,Electronics,293.96,0,101.56,230,67610.8
2022-07-02,Groceries,11.95,0,92.4,651,7779.45
2022-07-02,Home & Kitchen,90.26,0,100.56,237,21391.62
2022-07-03,Clothing,50.87,0,99.42,333,16939.71
2022-07-03,Electronics,295.29,0,110.0,287,84748.23
2022-07-03,Groceries,12.59,0,103.91,500,6295.0
2022-07-03,Home & Kitchen,88.69,0,92.46,260,23059.4
2022-07-04,Clothing,44.09,1,96.08,484,21339.56
2022-07-04,Electronics,296.44,0,100.64,162,48023.28
2022-07-04,Groceries,11.42,1,107.24,654,7468.68
2022-07-04,Home & Kitchen,88.5,0,100.94,228,20178.0
2022-07-05,Clothing,49.83,0,102.53,269,13404.27
2022-07-05,Electronics,288.77,0,107.22,246,71037.42
2022-07-05,Groceries,11.37,1,103.94,676,7686.12
2022-07-05,Home & Kitchen,91.85,0,99.43,245,22503.25
2022-07-06,Clothing,52.57,0,106.07,231,12143.67
2022-07-06,Electronics,298.43,0,103.62,199,59387.57
2022-07-06,Groceries,12.44,0,97.37,561,6978.84
2022-07-06,Home & Kitchen,82.04,1,100.48,329,26991.16
2022-07-07,Clothing,49.93,0,109.16,247,12332.71
2022-07-07,Electronics,297.48,0,103.06,219,65148.12
2022-07-07,Groceries,12.22,0,103.08,550,6721.0
2022-07-07,Home & Kitchen,91.57,0,104.0,245,22434.65
2022-07-08,Clothing,50.24,0,102.06,192,9646.08
2022-07-08,Electronics,306.53,0,100.54,193,59160.29
2022-07-08,Groceries,12.23,0,97.68,591,7227.93
2022-07-08,Home & Kitchen,90.17,0,92.46,244,22001.48
2022-07-09,Clothing,49.4,0,105.95,254,12547.6
2022-07-09,Electronics,300.75,0,92.71,294,88420.5
2022-07-09,Groceries,12.64,0,99.66,610,7710.4
2022-07-09,Home & Kitchen,91.66,0,104.13,261,23923.26
2022-07-10,Clothing,50.62,0,101.56,292,14781.04
2022-07-10,Electronics,301.08,0,102.22,236,71054.88
2022-07-10,Groceries,12.92,0,88.47,532,6873.44
2022-07-10,Home & Kitchen,80.73,1,112.71,347,28013.31
2022-07-11,Clothing,50.28,0,96.92,311,15637.08
2022-07-11,Electronics,293.89,0,104.09,192,56426.88
2022-07-11,Groceries,12.45,0,98.98,540,6723.0
2022-07-11,Home & Kitchen,88.61,0,108.3,236,20911.96
2022-07-12,Clothing,49.97,0,99.14,296,14791.12
2022-07-12,Electronics,294.43,0,104.07,213,62713.59
2022-07-12,Groceries,12.38,0,94.28,509,6301.42
2022-07-12,Home & Kitchen,90.33,0,98.95,221,19962.93
2022-07-13,Clothing,49.1,0,95.01,256,12569.6
2022-07-13,Electronics,302.87,0,110.21,211,63905.57
2022-07-13,Groceries,10.97,1,103.89,644,7064.68
2022-07-13,Home & Kitchen,88.43,0,92.13,270,23876.1
2022-07-14,Clothing,50.59,0,106.89,327,16542.93
2022-07-14,Electronics,298.92,0,93.52,173,51713.16
2022-07-14,Groceries,12.33,0,103.25,496,6115.68
2022-07-14,Home & Kitchen,90.85,0,99.62,226,20532.1
2022-07-15,Clothing,49.67,0,101.05,277,13758.59
2022-07-15,Electronics,308.57,0,87.0,233,71896.81
2022-07-15,Groceries,13.02,0,105.69,519,6757.38
2022-07-15,Home & Kitchen,91.02,0,102.12,223,20297.46
2022-07-16,Clothing,50.53,0,96.33,340,17180.2
2022-07-16,Electronics,300.27,0,99.5,269,80772.63
2022-07-16,Groceries,11.95,0,98.69,550,6572.5
2022-07-16,Home & Kitchen,87.52,0,112.16,252,22055.04
2022-07-17,Clothing,49.56,0,100.02,306,15165.36
2022-07-17,Electronics,303.95,0,103.9,249,75683.55
2022-07-17,Groceries,12.34,0,105.75,619,7638.46
2022-07-17,Home & Kitchen,80.1,1,97.39,297,23789.7
2022-07-18,Clothing,49.11,0,96.35,227,11147.97
2022-07-18,Electronics,295.78,0,106.12,201,59451.78
2022-07-18,Groceries,12.78,0,108.57,539,6888.42
2022-07-18,Home & Kitchen,91.14,0,101.6,272,24790.08
2022-07-19,Clothing,45.05,1,86.05,449,20227.45
2022-07-19,Electronics,303.84,0,95.23,202,61375.68
2022-07-19,Groceries,11.28,1,92.23,627,7072.56
2022-07-19,Home & Kitchen,90.94,0,95.61,238,21643.72
2022-07-20,Clothing,49.59,0,99.59,303,15025.77
2022-07-20,Electronics,304.72,0,101.53,237,72218.64
2022-07-20,Groceries,11.52,1,101.33,641,7384.32
2022-07-20,Home & Kitchen,92.2,0,96.63,248,22865.6
2022-07-21,Clothing,49.85,0,98.55,292,14556.2
2022-07-21,Electronics,302.87,0,108.83,214,64814.18
2022-07-21,Groceries,11.25,1,95.66,649,7301.25
2022-07-21,Home & Kitchen,90.3,0,108.17,225,20317.5
2022-07-22,Clothing,49.29,0,90.78,270,13308.3
2022-07-22,Electronics,298.47,0,102.37,196,58500.12
2022-07-22,Groceries,13.13,0,101.71,545,7155.85
2022-07-22,Home & Kitchen,89.2,0,100.69,259,23102.8
2022-07-23,Clothing,50.6,0,90.14,337,17052.2
2022-07-23,Electronics,298.12,0,97.96,231,68865.72
2022-07-23,Groceries,11.88,0,96.3,623,7401.24
2022-07-23,Home & Kitchen,90.38,0,98.57,254,22956.52
2022-07-24,Clothing,49.2,0,95.06,322,15842.4
2022-07-24,Electronics,299.34,0,112.32,251,75134.34
2022-07-24,Groceries,12.06,0,108.53,528,6367.68
2022-07-24,Home & Kitchen,87.6,0,97.29,252,22075.2
2022-07-25,Clothing,51.26,0,105.43,238,12199.88
2022-07-25,Electronics,298.83,0,100.25,176,52594.08
2022-07-25,Groceries,11.43,1,96.4,628,7178.04
2022-07-25,Home & Kitchen,92.05,0,105.26,241,22184.05
2022-07-26,Clothing,50.24,0,98.52,238,11957.12
2022-07-26,Electronics,317.34,0,91.07,227,72036.18
2022-07-26,Groceries,12.19,0,97.78,605,7374.95
2022-07-26,Home & Kitchen,90.11,0,104.19,240,21626.4
2022-07-27,Clothing,49.01,0,101.18,253,12399.53
2022-07-27,Electronics,303.83,0,108.89,232,70488.56
2022-07-27,Groceries,11.57,1,105.73,689,7971.73
2022-07-27,Home & Kitchen,89.37,0,101.73,255,22789.35
2022-07-28,Clothing,43.3,1,112.37,398,17233.4
2022-07-28,Electronics,305.18,0,94.72,239,72938.02
2022-07-28,Groceries,11.37,1,100.74,658,7481.46
2022-07-28,Home & Kitchen,93.66,0,103.89,240,22478.4
2022-07-29,Clothing,50.52,0,102.78,273,13791.96
2022-07-29,Electronics,297.82,0,102.75,213,63435.66
2022-07-29,Groceries,12.21,0,85.39,511,6239.31
2022-07-29,Home & Kitchen,92.86,0,101.08,225,20893.5
2022-07-30,Clothing,51.73,0,99.29,320,16553.6
2022-07-30,Electronics,303.43,0,100.7,233,70699.19
2022-07-30,Groceries,12.85,0,95.61,521,6694.85
2022-07-30,Home & Kitchen,91.98,0,91.47,268,24650.64
2022-07-31,Clothing,45.27,1,104.1,401,18153.27
2022-07-31,Electronics,289.89,0,105.45,251,72762.39
2022-07-31,Groceries,10.73,1,100.59,584,6266.32
2022-07-31,Home & Kitchen,89.18,0,101.2,254,22651.72
2022-08-01,Clothing,51.47,0,98.01,225,11580.75
2022-08-01,Electronics,304.92,0,87.87,191,58239.72
2022-08-01,Groceries,12.45,0,104.06,487,6063.15
2022-08-01,Home & Kitchen,89.81,0,110.51,231,20746.11
2022-08-02,Clothing,50.61,0,103.85,264,13361.04
2022-08-02,Electronics,293.64,0,105.71,220,64600.8
2022-08-02,Groceries,12.3,0,106.73,563,6924.9
2022-08-02,Home & Kitchen,91.74,0,98.87,211,19357.14
2022-08-03,Clothing,49.2,0,100.92,300,14760.0
2022-08-03,Electronics,289.35,0,109.29,247,71469.45
2022-08-03,Groceries,12.63,0,103.88,512,6466.56
2022-08-03,Home & Kitchen,88.67,0,89.18,256,22699.52
2022-08-04,Clothing,50.67,0,95.6,252,12768.84
2022-08-04,Electronics,311.13,0,103.28,194,60359.22
2022-08-04,Groceries,11.76,1,98.18,681,8008.56
2022-08-04,Home & Kitchen,90.1,0,98.09,231,20813.1
2022-08-05,Clothing,51.25,0,99.25,318,16297.5
2022-08-05,Electronics,298.17,0,105.96,215,64106.55
2022-08-05,Groceries,12.38,0,104.69,526,6511.88
2022-08-05,Home & Kitchen,88.43,0,105.74,236,20869.48
2022-08-06,Clothing,50.3,0,100.79,299,15039.7
2022-08-06,Electronics,300.56,0,100.96,235,70631.6
2022-08-06,Groceries,12.72,0,108.82,527,6703.44
2022-08-06,Home & Kitchen,88.04,0,104.74,263,23154.52
2022-08-07,Clothing,50.7,0,97.43,295,14956.5
2022-08-07,Electronics,301.84,0,95.29,244,73648.96
2022-08-07,Groceries,12.11,0,107.55,591,7157.01
2022-08-07,Home & Kitchen,88.72,0,101.19,271,24043.12
2022-08-08,Clothing,44.49,1,106.33,389,17306.61
2022-08-08,Electronics,268.02,1,94.94,322,86302.44
2022-08-08,Groceries,12.96,0,96.11,527,6829.92
2022-08-08,Home & Kitchen,90.36,0,99.51,239,21596.04
2022-08-09,Clothing,50.27,0,98.59,246,12366.42
2022-08-09,Electronics,296.12,0,108.56,241,71364.92
2022-08-09,Groceries,12.78,0,115.75,552,7054.56
2022-08-09,Home & Kitchen,90.82,0,105.26,229,20797.78
2022-08-10,Clothing,50.97,0,107.71,262,13354.14
2022-08-10,Electronics,298.15,0,93.53,202,60226.3
2022-08-10,Groceries,12.58,0,102.76,544,6843.52
2022-08-10,Home & Kitchen,89.87,0,103.38,230,20670.1
2022-08-11,Clothing,50.52,0,92.28,286,14448.72
2022-08-11,Electronics,294.34,0,95.26,228,67109.52
2022-08-11,Groceries,12.39,0,96.58,561,6950.79
2022-08-11,Home & Kitchen,80.23,1,95.73,275,22063.25
2022-08-12,Clothing,49.77,0,104.36,285,14184.45
2022-08-12,Electronics,302.38,0,106.05,186,56242.68
2022-08-12,Groceries,12.01,0,96.31,583,7001.83
2022-08-12,Home & Kitchen,93.02,0,108.23,243,22603.86
2022-08-13,Clothing,48.64,0,95.76,285,13862.4
2022-08-13,Electronics,268.34,1,99.88,329,88283.86
2022-08-13,Groceries,12.31,0,102.19,450,5539.5
2022-08-13,Home & Kitchen,88.21,0,103.97,300,26463.0
2022-08-14,Clothing,44.85,1,102.16,399,17895.15
2022-08-14,Electronics,303.42,0,100.66,189,57346.38
2022-08-14,Groceries,12.63,0,96.25,503,6352.89
2022-08-14,Home & Kitchen,89.48,0,103.19,276,24696.48
2022-08-15,Clothing,50.25,0,104.53,267,13416.75
2022-08-15,Electronics,293.24,0,98.01,197,57768.28
2022-08-15,Groceries,12.61,0,106.47,560,7061.6
2022-08-15,Home & Kitchen,89.29,0,101.15,265,23661.85
2022-08-16,Clothing,50.62,0,108.02,267,13515.54
2022-08-16,Electronics,295.98,0,93.32,191,56532.18
2022-08-16,Groceries,12.34,0,103.68,587,7243.58
2022-08-16,Home & Kitchen,89.58,0,99.35,268,24007.44
2022-08-17,Clothing,49.84,0,107.12,211,10516.24
2022-08-17,Electronics,291.93,0,98.33,219,63932.67
2022-08-17,Groceries,11.24,1,99.35,660,7418.4
2022-08-17,Home & Kitchen,88.76,0,94.88,251,22278.76
2022-08-18,Clothing,49.79,0,100.75,309,15385.11
2022-08-18,Electronics,307.09,0,94.43,175,53740.75
2022-08-18,Groceries,12.59,0,93.61,562,7075.58
2022-08-18,Home & Kitchen,89.6,0,113.44,215,19264.0
2022-08-19,Clothing,50.18,0,98.93,331,16609.58
2022-08-19,Electronics,264.76,1,99.09,302,79957.52
2022-08-19,Groceries,12.53,0,106.36,523,6553.19
2022-08-19,Home & Kitchen,89.97,0,98.68,229,20603.13
2022-08-20,Clothing,50.76,0,99.25,294,14923.44
2022-08-20,Electronics,300.26,0,100.86,257,77166.82
2022-08-20,Groceries,12.74,0,96.55,514,6548.36
2022-08-20,Home & Kitchen,92.29,0,101.23,253,23349.37
2022-08-21,Clothing,49.92,0,101.22,282,14077.44
2022-08-21,Electronics,299.69,0,98.59,218,65332.42
2022-08-21,Groceries,12.28,0,99.15,598,7343.44
2022-08-21,Home & Kitchen,89.66,0,98.59,252,22594.32
2022-08-22,Clothing,49.09,0,103.34,294,14432.46
2022-08-22,Electronics,292.85,0,106.25,178,52127.3
2022-08-22,Groceries,12.78,0,95.36,568,7259.04
2022-08-22,Home & Kitchen,93.69,0,105.82,264,24734.16
2022-08-23,Clothing,49.85,0,97.29,284,14157.4
2022-08-23,Electronics,293.66,0,91.51,239,70184.74
2022-08-23,Groceries,12.86,0,101.17,527,6777.22
2022-08-23,Home & Kitchen,91.24,0,100.34,226,20620.24
2022-08-24,Clothing,50.1,0,95.16,256,12825.6
2022-08-24,Electronics,287.8,0,102.78,192,55257.6
2022-08-24,Groceries,12.33,0,107.09,497,6128.01
2022-08-24,Home & Kitchen,82.36,1,107.28,303,24955.08
2022-08-25,Clothing,51.84,0,101.45,292,15137.28
2022-08-25,Electronics,295.62,0,100.6,192,56759.04
2022-08-25,Groceries,12.26,0,98.62,656,8042.56
2022-08-25,Home & Kitchen,89.84,0,100.87,261,23448.24
2022-08-26,Clothing,50.56,0,103.31,244,12336.64
2022-08-26,Electronics,283.68,0,101.65,205,58154.4
2022-08-26,Groceries,12.9,0,104.79,597,7701.3
2022-08-26,Home & Kitchen,87.25,0,100.98,222,19369.5
2022-08-27,Clothing,49.56,0,99.95,233,11547.48
2022-08-27,Electronics,298.24,0,106.62,199,59349.76
2022-08-27,Groceries,11.07,1,104.7,677,7494.39
2022-08-27,Home & Kitchen,91.78,0,95.13,264,24229.92
2022-08-28,Clothing,49.81,0,106.86,289,14395.09
2022-08-28,Electronics,268.31,1,102.22,342,91762.02
2022-08-28,Groceries,13.0,0,98.48,561,7293.0
2022-08-28,Home & Kitchen,90.48,0,103.54,259,23434.32
2022-08-29,Clothing,51.25,0,107.84,254,13017.5
2022-08-29,Electronics,297.48,0,98.39,173,51464.04
2022-08-29,Groceries,12.44,0,104.03,523,6506.12
2022-08-29,Home & Kitchen,89.68,0,96.73,231,20716.08
2022-08-30,Clothing,44.9,1,99.34,427,19172.3
2022-08-30,Electronics,293.3,0,100.8,196,57486.8
2022-08-30,Groceries,12.47,0,103.62,562,7008.14
2022-08-30,Home & Kitchen,88.18,0,102.42,201,17724.18
2022-08-31,Clothing,51.65,0,99.83,255,13170.75
2022-08-31,Electronics,313.97,0,98.28,206,64677.82
2022-08-31,Groceries,12.31,0,98.62,542,6672.02
2022-08-31,Home & Kitchen,91.88,0,99.77,195,17916.6
2022-09-01,Clothing,51.2,0,97.83,290,14848.0
2022-09-01,Electronics,270.77,1,102.69,309,83667.93
2022-09-01,Groceries,12.03,0,104.84,572,6881.16
2022-09-01,Home & Kitchen,79.37,1,104.51,279,22144.23
2022-09-02,Clothing,49.5,0,111.41,249,12325.5
2022-09-02,Electronics,293.8,0,96.49,218,64048.4
2022-09-02,Groceries,12.49,0,96.52,516,6444.84
2022-09-02,Home & Kitchen,90.96,0,105.99,198,18010.08
2022-09-03,Clothing,49.98,0,89.82,252,12594.96
2022-09-03,Electronics,301.47,0,99.31,210,63308.7
2022-09-03,Groceries,11.15,1,95.3,679,7570.85
2022-09-03,Home & Kitchen,92.38,0,100.73,218,20138.84
2022-09-04,Clothing,50.21,0,97.94,274,13757.54
2022-09-04,Electronics,295.72,0,101.76,188,55595.36
2022-09-04,Groceries,12.41,0,96.35,570,7073.7
2022-09-04,Home & Kitchen,86.52,0,105.62,281,24312.12
2022-09-05,Clothing,49.74,0,97.08,203,10097.22
2022-09-05,Electronics,302.21,0,97.18,208,62859.68
2022-09-05,Groceries,12.87,0,104.33,604,7773.48
2022-09-05,Home & Kitchen,88.82,0,104.55,193,17142.26
2022-09-06,Clothing,50.19,0,103.26,182,9134.58
2022-09-06,Electronics,298.32,0,100.44,211,62945.52
2022-09-06,Groceries,12.52,0,109.71,557,6973.64
2022-09-06,Home & Kitchen,93.51,0,95.18,210,19637.1
2022-09-07,Clothing,50.41,0,98.07,300,15123.0
2022-09-07,Electronics,297.45,0,98.59,182,54135.9
2022-09-07,Groceries,12.62,0,108.63,586,7395.32
2022-09-07,Home & Kitchen,90.39,0,106.1,251,22687.89
2022-09-08,Clothing,49.86,0,93.31,216,10769.76
2022-09-08,Electronics,302.92,0,105.49,197,59675.24
2022-09-08,Groceries,11.15,1,94.08,570,6355.5
2022-09-08,Home & Kitchen,89.18,0,92.71,222,19797.96
2022-09-09,Clothing,50.22,0,96.12,291,14614.02
2022-09-09,Electronics,303.63,0,113.62,217,65887.71
2022-09-09,Groceries,12.63,0,102.86,511,6453.93
2022-09-09,Home & Kitchen,92.49,0,93.65,225,20810.25
2022-09-10,Clothing,50.02,0,95.64,284,14205.68
2022-09-10,Electronics,304.96,0,100.33,224,68311.04
2022-09-10,Groceries,12.74,0,97.14,585,7452.9
2022-09-10,Home & Kitchen,77.1,1,107.73,324,24980.4
2022-09-11,Clothing,49.96,0,99.15,294,14688.24
2022-09-11,Electronics,301.1,0,101.48,220,66242.0
2022-09-11,Groceries,12.61,0,105.61,645,8133.45
2022-09-11,Home & Kitchen,87.28,0,94.81,248,21645.44
2022-09-12,Clothing,49.59,0,91.1,274,13587.66
2022-09-12,Electronics,297.32,0,98.53,212,63031.84
2022-09-12,Groceries,11.25,1,89.41,614,6907.5
2022-09-12,Home & Kitchen,88.69,0,99.11,236,20930.84
2022-09-13,Clothing,49.77,0,103.54,267,13288.59
2022-09-13,Electronics,265.85,1,108.43,305,81084.25
2022-09-13,Groceries,12.61,0,93.57,562,7086.82
2022-09-13,Home & Kitchen,91.28,0,101.79,221,20172.88
2022-09-14,Clothing,48.79,0,94.65,253,12343.87
2022-09-14,Electronics,267.58,1,99.86,305,81611.9
2022-09-14,Groceries,12.46,0,95.78,513,6391.98
2022-09-14,Home & Kitchen,82.0,1,99.83,275,22550.0
2022-09-15,Clothing,50.1,0,91.45,259,12975.9
2022-09-15,Electronics,305.96,0,97.47,207,63333.72
2022-09-15,Groceries,12.72,0,102.29,549,6983.28
2022-09-15,Home & Kitchen,88.23,0,103.1,216,19057.68
2022-09-16,Clothing,49.71,0,97.79,245,12178.95
2022-09-16,Electronics,299.22,0,105.18,191,57151.02
2022-09-16,Groceries,12.6,0,94.68,541,6816.6
2022-09-16,Home & Kitchen,86.83,0,105.57,223,19363.09
2022-09-17,Clothing,49.19,0,95.64,268,13182.92
2022-09-17,Electronics,269.11,1,100.05,296,79656.56
2022-09-17,Groceries,12.46,0,101.89,612,7625.52
2022-09-17,Home & Kitchen,82.39,1,93.44,291,23975.49
2022-09-18,Clothing,49.89,0,105.35,296,14767.44
2022-09-18,Electronics,304.45,0,99.38,214,65152.3
2022-09-18,Groceries,12.62,0,97.97,541,6827.42
2022-09-18,Home & Kitchen,92.57,0,100.95,210,19439.7
2022-09-19,Clothing,47.86,0,110.45,268,12826.48
2022-09-19,Electronics,302.51,0,99.73,155,46889.05
2022-09-19,Groceries,12.53,0,105.22,484,6064.52
2022-09-19,Home & Kitchen,87.45,0,101.31,232,20288.4
2022-09-20,Clothing,45.2,1,98.23,345,15594.0
2022-09-20,Electronics,297.51,0,105.01,240,71402.4
2022-09-20,Groceries,12.31,0,97.51,594,7312.14
2022-09-20,Home & Kitchen,90.11,0,93.34,260,23428.6
2022-09-21,Clothing,51.84,0,100.42,301,15603.84
2022-09-21,Electronics,298.96,0,94.87,211,63080.56
2022-09-21,Groceries,12.3,0,90.78,530,6519.0
2022-09-21,Home & Kitchen,91.75,0,90.11,221,20276.75
2022-09-22,Clothing,49.79,0,107.36,252,12547.08
2022-09-22,Electronics,300.24,0,97.91,207,62149.68
2022-09-22,Groceries,12.79,0,109.99,478,6113.62
2022-09-22,Home & Kitchen,87.85,0,101.86,235,20644.75
2022-09-23,Clothing,50.81,0,108.62,250,12702.5
2022-09-23,Electronics,303.42,0,101.86,171,51884.82
2022-09-23,Groceries,12.07,0,96.88,545,6578.15
2022-09-23,Home & Kitchen,91.4,0,99.91,214,19559.6
2022-09-24,Clothing,49.36,0,103.06,214,10563.04
2022-09-24,Electronics,295.14,0,99.74,230,67882.2
2022-09-24,Groceries,12.58,0,99.08,657,8265.06
2022-09-24,Home & Kitchen,88.96,0,96.33,239,21261.44
2022-09-25,Clothing,50.46,0,101.15,289,14582.94
2022-09-25,Electronics,265.74,1,106.11,272,72281.28
2022-09-25,Groceries,12.17,0,99.47,557,6778.69
2022-09-25,Home & Kitchen,80.31,1,100.31,293,23530.83
2022-09-26,Clothing,48.91,0,108.41,253,12374.23
2022-09-26,Electronics,299.75,0,94.33,218,65345.5
2022-09-26,Groceries,13.03,0,103.94,517,6736.51
2022-09-26,Home & Kitchen,89.69,0,94.04,237,21256.53
2022-09-27,Clothing,49.02,0,100.32,263,12892.26
2022-09-27,Electronics,291.62,0,93.17,191,55699.42
2022-09-27,Groceries,12.74,0,100.62,516,6573.84
2022-09-27,Home & Kitchen,91.53,0,99.27,255,23340.15
2022-09-28,Clothing,49.54,0,103.98,279,13821.66
2022-09-28,Electronics,291.55,0,109.9,152,44315.6
2022-09-28,Groceries,12.78,0,94.16,529,6760.62
2022-09-28,Home & Kitchen,90.32,0,101.51,242,21857.44
2022-09-29,Clothing,49.13,0,100.02,336,16507.68
2022-09-29,Electronics,291.92,0,102.94,201,58675.92
2022-09-29,Groceries,12.58,0,96.7,522,6566.76
2022-09-29,Home & Kitchen,80.87,1,98.89,245,19813.15
2022-09-30,Clothing,50.25,0,95.87,266,13366.5
2022-09-30,Electronics,298.88,0,89.52,196,58580.48
2022-09-30,Groceries,10.88,1,99.31,612,6658.56
2022-09-30,Home & Kitchen,92.01,0,103.54,237,21806.37
2022-10-01,Clothing,51.29,0,104.29,288,14771.52
2022-10-01,Electronics,301.0,0,107.11,172,51772.0
2022-10-01,Groceries,12.38,0,107.26,571,7068.98
2022-10-01,Home & Kitchen,89.79,0,98.65,236,21190.44
2022-10-02,Clothing,48.96,0,96.7,339,16597.44
2022-10-02,Electronics,307.31,0,94.99,250,76827.5
2022-10-02,Groceries,12.34,0,91.66,594,7329.96
2022-10-02,Home & Kitchen,86.6,0,103.82,213,18445.8
2022-10-03,Clothing,49.76,0,104.95,235,11693.6
2022-10-03,Electronics,298.74,0,91.63,193,57656.82
2022-10-03,Groceries,12.75,0,91.23,573,7305.75
2022-10-03,Home & Kitchen,91.05,0,101.14,223,20304.15
2022-10-04,Clothing,48.94,0,106.73,287,14045.78
2022-10-04,Electronics,308.91,0,103.87,165,50970.15
2022-10-04,Groceries,12.61,0,99.67,490,6178.9
2022-10-04,Home & Kitchen,89.41,0,101.93,228,20385.48
2022-10-05,Clothing,44.99,1,101.76,279,12552.21
2022-10-05,Electronics,292.62,0,102.27,190,55597.8
2022-10-05,Groceries,12.27,0,102.13,496,6085.92
2022-10-05,Home & Kitchen,92.43,0,93.58,220,20334.6
2022-10-06,Clothing,48.53,0,103.12,269,13054.57
2022-10-06,Electronics,293.44,0,102.79,181,53112.64
2022-10-06,Groceries,12.6,0,97.38,603,7597.8
2022-10-06,Home & Kitchen,89.12,0,99.0,225,20052.0
2022-10-07,Clothing,49.86,0,95.56,243,12115.98
2022-10-07,Electronics,298.21,0,101.41,159,47415.39
2022-10-07,Groceries,12.44,0,102.4,551,6854.44
2022-10-07,Home & Kitchen,91.26,0,109.08,187,17065.62
2022-10-08,Clothing,50.39,0,96.24,288,14512.32
2022-10-08,Electronics,295.68,0,84.91,228,67415.04
2022-10-08,Groceries,12.54,0,100.66,610,7649.4
2022-10-08,Home & Kitchen,87.2,0,91.6,246,21451.2
2022-10-09,Clothing,50.17,0,101.78,248,12442.16
2022-10-09,Electronics,304.68,0,87.64,205,62459.4
2022-10-09,Groceries,12.49,0,100.85,516,6444.84
2022-10-09,Home & Kitchen,91.67,0,98.92,252,23100.84
2022-10-10,Clothing,47.92,0,102.0,254,12171.68
2022-10-10,Electronics,298.32,0,92.29,151,45046.32
2022-10-10,Groceries,12.37,0,103.32,571,7063.27
2022-10-10,Home & Kitchen,90.2,0,101.05,221,19934.2
2022-10-11,Clothing,44.81,1,104.55,269,12053.89
2022-10-11,Electronics,297.76,0,103.65,177,52703.52
2022-10-11,Groceries,12.36,0,95.81,512,6328.32
2022-10-11,Home & Kitchen,89.17,0,104.92,214,19082.38
2022-10-12,Clothing,48.88,0,105.07,307,15006.16
2022-10-12,Electronics,304.8,0,107.82,161,49072.8
2022-10-12,Groceries,12.3,0,92.92,525,6457.5
2022-10-12,Home & Kitchen,79.5,1,102.52,293,23293.5
2022-10-13,Clothing,45.55,1,94.49,432,19677.6
2022-10-13,Electronics,303.41,0,102.96,175,53096.75
2022-10-13,Groceries,12.61,0,101.98,492,6204.12
2022-10-13,Home & Kitchen,90.57,0,107.5,223,20197.11
2022-10-14,Clothing,50.31,0,100.41,259,13030.29
2022-10-14,Electronics,304.92,0,97.98,227,69216.84
2022-10-14,Groceries,12.53,0,97.1,557,6979.21
2022-10-14,Home & Kitchen,90.07,0,104.97,215,19365.05
2022-10-15,Clothing,50.25,0,100.78,241,12110.25
2022-10-15,Electronics,266.88,1,97.43,278,74192.64
2022-10-15,Groceries,12.72,0,95.21,585,7441.2
2022-10-15,Home & Kitchen,89.19,0,99.48,234,20870.46
2022-10-16,Clothing,45.96,1,105.69,306,14063.76
2022-10-16,Electronics,308.27,0,105.49,209,64428.43
2022-10-16,Groceries,12.58,0,109.82,594,7472.52
2022-10-16,Home & Kitchen,88.7,0,101.55,256,22707.2
2022-10-17,Clothing,43.96,1,104.49,347,15254.12
2022-10-17,Electronics,304.87,0,98.84,207,63108.09
2022-10-17,Groceries,12.51,0,99.71,549,6867.99
2022-10-17,Home & Kitchen,90.07,0,95.16,209,18824.63
2022-10-18,Clothing,50.65,0,102.93,234,11852.1
2022-10-18,Electronics,301.58,0,100.82,176,53078.08
2022-10-18,Groceries,12.45,0,103.14,488,6075.6
2022-10-18,Home & Kitchen,88.97,0,107.89,255,22687.35
2022-10-19,Clothing,49.79,0,89.78,304,15136.16
2022-10-19,Electronics,302.64,0,91.47,127,38435.28
2022-10-19,Groceries,12.64,0,98.41,558,7053.12
2022-10-19,Home & Kitchen,90.7,0,98.73,198,17958.6
2022-10-20,Clothing,51.58,0,93.63,276,14236.08
2022-10-20,Electronics,294.04,0,96.84,171,50280.84
2022-10-20,Groceries,12.58,0,108.88,567,7132.86
2022-10-20,Home & Kitchen,92.72,0,95.5,208,19285.76
2022-10-21,Clothing,50.52,0,98.44,267,13488.84
2022-10-21,Electronics,304.5,0,105.56,159,48415.5
2022-10-21,Groceries,12.29,0,97.16,466,5727.14
2022-10-21,Home & Kitchen,92.57,0,98.07,222,20550.54
2022-10-22,Clothing,50.49,0,109.96,301,15197.49
2022-10-22,Electronics,306.02,0,108.21,191,58449.82
2022-10-22,Groceries,12.29,0,100.87,552,6784.08
2022-10-22,Home & Kitchen,91.79,0,97.96,222,20377.38
2022-10-23,Clothing,50.81,0,107.29,279,14175.99
2022-10-23,Electronics,294.49,0,104.12,193,56836.57
2022-10-23,Groceries,12.27,0,102.62,633,7766.91
2022-10-23,Home & Kitchen,92.44,0,92.5,239,22093.16
2022-10-24,Clothing,50.81,0,94.35,291,14785.71
2022-10-24,Electronics,302.07,0,94.73,187,56487.09
2022-10-24,Groceries,11.29,1,99.28,609,6875.61
2022-10-24,Home & Kitchen,89.44,0,107.07,211,18871.84
2022-10-25,Clothing,44.16,1,104.99,340,15014.4
2022-10-25,Electronics,300.82,0,94.84,209,62871.38
2022-10-25,Groceries,12.64,0,101.38,548,6926.72
2022-10-25,Home & Kitchen,88.78,0,106.17,195,17312.1
2022-10-26,Clothing,50.13,0,99.06,265,13284.45
2022-10-26,Electronics,295.6,0,97.3,148,43748.8
2022-10-26,Groceries,13.16,0,98.07,523,6882.68
2022-10-26,Home & Kitchen,89.2,0,98.94,195,17394.0
2022-10-27,Clothing,50.91,0,97.75,246,12523.86
2022-10-27,Electronics,268.62,1,98.97,267,71721.54
2022-10-27,Groceries,12.39,0,95.55,488,6046.32
2022-10-27,Home & Kitchen,90.48,0,109.27,248,22439.04
2022-10-28,Clothing,49.55,0,95.6,217,10752.35
2022-10-28,Electronics,302.23,0,99.14,221,66792.83
2022-10-28,Groceries,12.42,0,93.79,538,6681.96
2022-10-28,Home & Kitchen,91.2,0,100.39,223,20337.6
2022-10-29,Clothing,49.13,0,101.67,257,12626.41
2022-10-29,Electronics,260.24,1,101.39,288,74949.12
2022-10-29,Groceries,12.64,0,99.49,638,8064.32
2022-10-29,Home & Kitchen,88.78,0,98.89,238,21129.64
2022-10-30,Clothing,49.81,0,89.88,220,10958.2
2022-10-30,Electronics,303.94,0,97.34,201,61091.94
2022-10-30,Groceries,12.46,0,100.62,553,6890.38
2022-10-30,Home & Kitchen,90.29,0,102.57,213,19231.77
2022-10-31,Clothing,44.14,1,96.5,320,14124.8
2022-10-31,Electronics,270.99,1,103.23,282,76419.18
2022-10-31,Groceries,12.22,0,97.84,468,5718.96
2022-10-31,Home & Kitchen,89.67,0,96.5,231,20713.77
2022-11-01,Clothing,43.26,1,111.29,360,15573.6
2022-11-01,Electronics,297.3,0,103.46,185,55000.5
2022-11-01,Groceries,12.52,0,92.29,610,7637.2
2022-11-01,Home & Kitchen,88.02,0,98.84,238,20948.76
2022-11-02,Clothing,47.51,0,94.39,308,14633.08
2022-11-02,Electronics,313.54,0,97.1,204,63962.16
2022-11-02,Groceries,12.79,0,96.7,583,7456.57
2022-11-02,Home & Kitchen,91.14,0,93.82,258,23514.12
2022-11-03,Clothing,50.73,0,109.93,312,15827.76
2022-11-03,Electronics,293.66,0,110.0,234,68716.44
2022-11-03,Groceries,12.49,0,94.92,560,6994.4
2022-11-03,Home & Kitchen,90.41,0,96.84,293,26490.13
2022-11-04,Clothing,49.66,0,95.1,310,15394.6
2022-11-04,Electronics,301.21,0,99.73,220,66266.2
2022-11-04,Groceries,11.72,1,107.27,681,7981.32
2022-11-04,Home & Kitchen,90.87,0,102.99,251,22808.37
2022-11-05,Clothing,49.68,0,100.73,324,16096.32
2022-11-05,Electronics,299.97,0,87.78,225,67493.25
2022-11-05,Groceries,12.67,0,99.45,556,7044.52
2022-11-05,Home & Kitchen,92.13,0,89.98,280,25796.4
2022-11-06,Clothing,49.33,0,93.63,313,15440.29
2022-11-06,Electronics,307.98,0,100.71,271,83462.58
2022-11-06,Groceries,12.25,0,95.01,557,6823.25
2022-11-06,Home & Kitchen,87.31,0,104.45,272,23748.32
2022-11-07,Clothing,51.68,0,105.25,267,13798.56
2022-11-07,Electronics,294.97,0,99.44,228,67253.16
2022-11-07,Groceries,12.45,0,98.48,552,6872.4
2022-11-07,Home & Kitchen,87.59,0,92.51,262,22948.58
2022-11-08,Clothing,50.68,0,102.92,280,14190.4
2022-11-08,Electronics,300.9,0,98.41,199,59879.1
2022-11-08,Groceries,12.45,0,99.93,537,6685.65
2022-11-08,Home & Kitchen,82.05,1,100.17,307,25189.35
2022-11-09,Clothing,49.23,0,93.58,309,15212.07
2022-11-09,Electronics,305.58,0,98.31,226,69061.08
2022-11-09,Groceries,12.6,0,105.01,475,5985.0
2022-11-09,Home & Kitchen,91.87,0,105.46,254,23334.98
2022-11-10,Clothing,48.99,0,97.4,240,11757.6
2022-11-10,Electronics,311.61,0,102.7,205,63880.05
2022-11-10,Groceries,12.45,0,102.13,651,8104.95
2022-11-10,Home & Kitchen,93.42,0,95.74,229,21393.18
2022-11-11,Clothing,50.0,0,102.4,302,15100.0
2022-11-11,Electronics,307.06,0,98.72,192,58955.52
2022-11-11,Groceries,12.52,0,97.33,505,6322.6
2022-11-11,Home & Kitchen,79.97,1,103.06,331,26470.07
2022-11-12,Clothing,51.12,0,101.08,380,19425.6
2022-11-12,Electronics,296.27,0,95.53,237,70215.99
2022-11-12,Groceries,12.92,0,95.37,578,7467.76
2022-11-12,Home & Kitchen,90.24,0,101.41,278,25086.72
2022-11-13,Clothing,51.89,0,100.37,303,15722.67
2022-11-13,Electronics,302.67,0,104.94,237,71732.79
2022-11-13,Groceries,12.4,0,93.7,546,6770.4
2022-11-13,Home & Kitchen,80.18,1,97.71,285,22851.3
2022-11-14,Clothing,50.77,0,104.78,280,14215.6
2022-11-14,Electronics,296.17,0,95.21,236,69896.12
2022-11-14,Groceries,12.35,0,97.45,532,6570.2
2022-11-14,Home & Kitchen,91.24,0,100.28,299,27280.76
2022-11-15,Clothing,45.08,1,94.34,341,15372.28
2022-11-15,Electronics,300.31,0,102.85,233,69972.23
2022-11-15,Groceries,11.39,1,108.79,681,7756.59
2022-11-15,Home & Kitchen,87.53,0,94.63,283,24770.99
2022-11-16,Clothing,50.95,0,100.22,315,16049.25
2022-11-16,Electronics,291.15,0,96.02,220,64053.0
2022-11-16,Groceries,12.32,0,93.78,572,7047.04
2022-11-16,Home & Kitchen,88.33,0,94.34,250,22082.5
2022-11-17,Clothing,47.5,0,93.39,330,15675.0
2022-11-17,Electronics,296.65,0,99.35,224,66449.6
2022-11-17,Groceries,12.64,0,97.77,603,7621.92
2022-11-17,Home & Kitchen,89.5,0,104.05,210,18795.0
2022-11-18,Clothing,49.57,0,102.9,324,16060.68
2022-11-18,Electronics,261.78,1,100.09,289,75654.42
2022-11-18,Groceries,11.75,1,108.48,553,6497.75
2022-11-18,Home & Kitchen,90.0,0,100.57,243,21870.0
2022-11-19,Clothing,50.0,0,103.55,307,15350.0
2022-11-19,Electronics,307.87,0,100.09,243,74812.41
2022-11-19,Groceries,12.39,0,97.84,510,6318.9
2022-11-19,Home & Kitchen,89.23,0,98.06,288,25698.24
2022-11-20,Clothing,49.67,0,92.78,288,14304.96
2022-11-20,Electronics,305.53,0,99.29,225,68744.25
2022-11-20,Groceries,11.19,1,106.21,724,8101.56
2022-11-20,Home & Kitchen,88.21,0,104.72,257,22669.97
2022-11-21,Clothing,49.3,0,96.47,257,12670.1
2022-11-21,Electronics,299.24,0,108.8,168,50272.32
2022-11-21,Groceries,11.23,1,98.52,679,7625.17
2022-11-21,Home & Kitchen,92.19,0,96.27,266,24522.54
2022-11-22,Clothing,49.0,0,97.44,327,16023.0
2022-11-22,Electronics,301.15,0,99.11,192,57820.8
2022-11-22,Groceries,12.93,0,96.42,583,7538.19
2022-11-22,Home & Kitchen,78.58,1,102.68,324,25459.92
2022-11-23,Clothing,43.9,1,92.15,341,14969.9
2022-11-23,Electronics,295.58,0,91.97,221,65323.18
2022-11-23,Groceries,12.82,0,95.7,568,7281.76
2022-11-23,Home & Kitchen,92.23,0,95.48,249,22965.27
2022-11-24,Clothing,50.48,0,100.63,247,12468.56
2022-11-24,Electronics,312.94,0,103.31,168,52573.92
2022-11-24,Groceries,12.48,0,99.7,607,7575.36
2022-11-24,Home & Kitchen,87.96,0,99.74,272,23925.12
2022-11-25,Clothing,50.22,0,96.74,363,18229.86
2022-11-25,Electronics,296.05,0,109.93,296,87630.8
2022-11-25,Groceries,12.01,0,100.52,637,7650.37
2022-11-25,Home & Kitchen,89.21,0,105.29,343,30599.03
2022-11-26,Clothing,48.17,0,99.01,371,17871.07
2022-11-26,Electronics,297.3,0,105.21,234,69568.2
2022-11-26,Groceries,12.16,0,98.46,624,7587.84
2022-11-26,Home & Kitchen,90.63,0,100.02,284,25738.92
2022-11-27,Clothing,51.0,0,93.68,253,12903.0
2022-11-27,Electronics,264.78,1,94.8,277,73344.06
2022-11-27,Groceries,12.6,0,101.77,633,7975.8
2022-11-27,Home & Kitchen,90.06,0,99.61,263,23685.78
2022-11-28,Clothing,49.51,0,101.45,343,16981.93
2022-11-28,Electronics,300.9,0,104.53,218,65596.2
2022-11-28,Groceries,12.1,0,104.44,584,7066.4
2022-11-28,Home & Kitchen,89.65,0,94.23,236,21157.4
2022-11-29,Clothing,44.5,1,99.87,271,12059.5
2022-11-29,Electronics,292.26,0,100.97,200,58452.0
2022-11-29,Groceries,12.17,0,106.36,561,6827.37
2022-11-29,Home & Kitchen,89.49,0,100.66,238,21298.62
2022-11-30,Clothing,50.28,0,97.66,298,14983.44
2022-11-30,Electronics,269.53,1,95.97,322,86788.66
2022-11-30,Groceries,12.71,0,96.3,537,6825.27
2022-11-30,Home & Kitchen,90.32,0,98.42,209,18876.88
2022-12-01,Clothing,51.37,0,101.97,262,13458.94
2022-12-01,Electronics,301.7,0,99.49,228,68787.6
2022-12-01,Groceries,12.68,0,96.05,555,7037.4
2022-12-01,Home & Kitchen,89.23,0,104.43,254,22664.42
2022-12-02,Clothing,51.29,0,93.91,260,13335.4
2022-12-02,Electronics,301.3,0,104.46,208,62670.4
2022-12-02,Groceries,13.12,0,104.58,547,7176.64
2022-12-02,Home & Kitchen,90.55,0,102.98,223,20192.65
2022-12-03,Clothing,49.2,0,108.97,313,15399.6
2022-12-03,Electronics,287.66,0,98.22,218,62709.88
2022-12-03,Groceries,12.56,0,100.08,541,6794.96
2022-12-03,Home & Kitchen,89.6,0,103.82,270,24192.0
2022-12-04,Clothing,46.42,1,99.05,356,16525.52
2022-12-04,Electronics,297.28,0,108.8,252,74914.56
2022-12-04,Groceries,12.62,0,95.04,589,7433.18
2022-12-04,Home & Kitchen,91.7,0,103.76,231,21182.7
2022-12-05,Clothing,48.51,0,101.11,267,12952.17
2022-12-05,Electronics,314.56,0,91.93,212,66686.72
2022-12-05,Groceries,11.53,1,100.91,659,7598.27
2022-12-05,Home & Kitchen,88.49,0,101.04,247,21857.03
2022-12-06,Clothing,51.2,0,90.64,267,13670.4
2022-12-06,Electronics,291.01,0,91.69,206,59948.06
2022-12-06,Groceries,12.03,0,98.5,556,6688.68
2022-12-06,Home & Kitchen,92.47,0,101.64,288,26631.36
2022-12-07,Clothing,49.57,0,100.83,330,16358.1
2022-12-07,Electronics,295.53,0,98.57,249,73586.97
2022-12-07,Groceries,12.55,0,98.49,536,6726.8
2022-12-07,Home & Kitchen,92.1,0,100.12,287,26432.7
2022-12-08,Clothing,50.04,0,99.7,311,15562.44
2022-12-08,Electronics,297.71,0,92.68,230,68473.3
2022-12-08,Groceries,12.76,0,96.53,585,7464.6
2022-12-08,Home & Kitchen,91.14,0,99.9,231,21053.34
2022-12-09,Clothing,47.7,0,99.28,246,11734.2
2022-12-09,Electronics,295.42,0,96.16,234,69128.28
2022-12-09,Groceries,12.15,0,99.36,549,6670.35
2022-12-09,Home & Kitchen,83.71,1,99.97,281,23522.51
2022-12-10,Clothing,46.67,1,103.66,393,18341.31
2022-12-10,Electronics,287.63,0,107.67,227,65292.01
2022-12-10,Groceries,11.24,1,98.46,672,7553.28
2022-12-10,Home & Kitchen,90.58,0,97.38,287,25996.46
2022-12-11,Clothing,49.67,0,106.26,361,17930.87
2022-12-11,Electronics,284.39,0,99.61,266,75647.74
2022-12-11,Groceries,12.99,0,100.67,672,8729.28
2022-12-11,Home & Kitchen,92.22,0,98.17,296,27297.12
2022-12-12,Clothing,50.38,0,109.51,287,14459.06
2022-12-12,Electronics,313.25,0,101.53,202,63276.5
2022-12-12,Groceries,12.39,0,93.63,590,7310.1
2022-12-12,Home & Kitchen,91.89,0,92.87,243,22329.27
2022-12-13,Clothing,44.73,1,100.83,347,15521.31
2022-12-13,Electronics,298.14,0,102.83,211,62907.54
2022-12-13,Groceries,12.74,0,89.74,560,7134.4
2022-12-13,Home & Kitchen,90.07,0,104.91,269,24228.83
2022-12-14,Clothing,44.35,1,107.27,393,17429.55
2022-12-14,Electronics,292.42,0,101.44,213,62285.46
2022-12-14,Groceries,12.31,0,95.13,605,7447.55
2022-12-14,Home & Kitchen,88.21,0,104.38,243,21435.03
2022-12-15,Clothing,44.44,1,97.5,343,15242.92
2022-12-15,Electronics,307.98,0,98.05,225,69295.5
2022-12-15,Groceries,12.76,0,96.65,562,7171.12
2022-12-15,Home & Kitchen,88.75,0,95.75,231,20501.25
2022-12-16,Clothing,49.16,0,94.35,305,14993.8
2022-12-16,Electronics,303.06,0,97.41,199,60308.94
2022-12-16,Groceries,12.59,0,98.21,549,6911.91
2022-12-16,Home & Kitchen,83.28,1,103.17,338,28148.64
2022-12-17,Clothing,50.31,0,95.81,259,13030.29
2022-12-17,Electronics,275.4,1,105.81,295,81243.0
2022-12-17,Groceries,12.62,0,97.72,572,7218.64
2022-12-17,Home & Kitchen,89.9,0,99.89,294,26430.6
2022-12-18,Clothing,50.68,0,93.4,326,16521.68
2022-12-18,Electronics,273.11,1,107.29,339,92584.29
2022-12-18,Groceries,12.66,0,99.3,640,8102.4
2022-12-18,Home & Kitchen,87.58,0,101.65,247,21632.26
2022-12-19,Clothing,49.15,0,98.27,255,12533.25
2022-12-19,Electronics,294.21,0,103.63,220,64726.2
2022-12-19,Groceries,12.58,0,102.41,598,7522.84
2022-12-19,Home & Kitchen,89.94,0,100.83,255,22934.7
2022-12-20,Clothing,44.06,1,94.88,346,15244.76
2022-12-20,Electronics,294.14,0,98.64,191,56180.74
2022-12-20,Groceries,12.28,0,95.72,651,7994.28
2022-12-20,Home & Kitchen,80.01,1,99.17,288,23042.88
2022-12-21,Clothing,44.96,1,91.89,346,15556.16
2022-12-21,Electronics,290.31,0,107.76,213,61836.03
2022-12-21,Groceries,12.3,0,102.06,580,7134.0
2022-12-21,Home & Kitchen,93.04,0,100.53,239,22236.56
2022-12-22,Clothing,44.58,1,94.09,454,20239.32
2022-12-22,Electronics,270.58,1,90.98,291,78738.78
2022-12-22,Groceries,12.51,0,101.24,553,6918.03
2022-12-22,Home & Kitchen,85.5,0,97.35,258,22059.0
2022-12-23,Clothing,49.35,0,102.95,312,15397.2
2022-12-23,Electronics,293.41,0,94.75,223,65430.43
2022-12-23,Groceries,12.45,0,107.42,606,7544.7
2022-12-23,Home & Kitchen,88.78,0,93.12,242,21484.76
2022-12-24,Clothing,49.81,0,103.2,315,15690.15
2022-12-24,Electronics,292.96,0,106.55,234,68552.64
2022-12-24,Groceries,12.65,0,101.19,628,7944.2
2022-12-24,Home & Kitchen,90.67,0,103.78,261,23664.87
2022-12-25,Clothing,51.08,0,97.27,318,16243.44
2022-12-25,Electronics,309.77,0,104.01,226,70008.02
2022-12-25,Groceries,12.45,0,103.45,607,7557.15
2022-12-25,Home & Kitchen,82.69,1,97.83,336,27783.84
2022-12-26,Clothing,49.4,0,100.8,270,13338.0
2022-12-26,Electronics,303.71,0,103.84,222,67423.62
2022-12-26,Groceries,12.78,0,91.24,567,7246.26
2022-12-26,Home & Kitchen,91.99,0,101.05,260,23917.4
2022-12-27,Clothing,49.86,0,96.3,258,12863.88
2022-12-27,Electronics,298.39,0,97.56,198,59081.22
2022-12-27,Groceries,12.56,0,97.71,633,7950.48
2022-12-27,Home & Kitchen,90.99,0,94.32,212,19289.88
2022-12-28,Clothing,49.39,0,101.32,305,15063.95
2022-12-28,Electronics,300.59,0,92.79,254,76349.86
2022-12-28,Groceries,12.46,0,98.84,545,6790.7
2022-12-28,Home & Kitchen,89.79,0,103.43,253,22716.87
2022-12-29,Clothing,49.77,0,101.89,322,16025.94
2022-12-29,Electronics,267.83,1,96.83,257,68832.31
2022-12-29,Groceries,12.49,0,87.36,558,6969.42
2022-12-29,Home & Kitchen,80.66,1,100.51,360,29037.6
2022-12-30,Clothing,50.82,0,112.83,259,13162.38
2022-12-30,Electronics,304.46,0,99.0,215,65458.9
2022-12-30,Groceries,12.42,0,101.54,530,6582.6
2022-12-30,Home & Kitchen,86.77,0,93.45,265,22994.05
2022-12-31,Clothing,51.46,0,100.13,319,16415.74
2022-12-31,Electronics,294.7,0,99.11,236,69549.2
2022-12-31,Groceries,11.88,0,103.29,600,7128.0
2022-12-31,Home & Kitchen,80.0,1,94.84,305,24400.0
2023-01-01,Clothing,51.31,0,102.25,269,13802.39
2023-01-01,Electronics,263.74,1,107.79,231,60923.94
2023-01-01,Groceries,12.63,0,100.08,615,7767.45
2023-01-01,Home & Kitchen,89.88,0,99.16,233,20942.04
2023-01-02,Clothing,50.36,0,94.71,215,10827.4
2023-01-02,Electronics,291.32,0,101.14,167,48650.44
2023-01-02,Groceries,12.31,0,98.23,478,5884.18
2023-01-02,Home & Kitchen,89.64,0,101.32,183,16404.12
2023-01-03,Clothing,51.08,0,90.78,284,14506.72
2023-01-03,Electronics,300.31,0,102.93,146,43845.26
2023-01-03,Groceries,12.66,0,101.57,494,6254.04
2023-01-03,Home & Kitchen,88.73,0,105.07,230,20407.9
2023-01-04,Clothing,49.03,0,102.01,209,10247.27
2023-01-04,Electronics,296.56,0,103.62,150,44484.0
2023-01-04,Groceries,12.46,0,100.3,589,7338.94
2023-01-04,Home & Kitchen,92.12,0,93.58,228,21003.36
2023-01-05,Clothing,48.95,0,90.24,289,14146.55
2023-01-05,Electronics,295.24,0,101.61,142,41924.08
2023-01-05,Groceries,12.4,0,100.84,454,5629.6
2023-01-05,Home & Kitchen,86.49,0,104.32,258,22314.42
2023-01-06,Clothing,50.88,0,97.84,262,13330.56
2023-01-06,Electronics,307.23,0,107.08,162,49771.26
2023-01-06,Groceries,12.33,0,102.59,571,7040.43
2023-01-06,Home & Kitchen,80.34,1,101.51,268,21531.12
2023-01-07,Clothing,50.99,0,100.69,290,14787.1
2023-01-07,Electronics,298.31,0,90.3,198,59065.38
2023-01-07,Groceries,12.69,0,98.16,520,6598.8
2023-01-07,Home & Kitchen,89.49,0,100.77,218,19508.82
2023-01-08,Clothing,50.9,0,88.41,220,11198.0
2023-01-08,Electronics,288.28,0,103.95,165,47566.2
2023-01-08,Groceries,12.32,0,99.91,582,7170.24
2023-01-08,Home & Kitchen,91.78,0,104.62,229,21017.62
2023-01-09,Clothing,50.63,0,110.56,237,11999.31
2023-01-09,Electronics,302.96,0,102.49,165,49988.4
2023-01-09,Groceries,12.34,0,97.63,607,7490.38
2023-01-09,Home & Kitchen,91.54,0,99.46,155,14188.7
2023-01-10,Clothing,49.9,0,103.28,257,12824.3
2023-01-10,Electronics,317.11,0,106.42,157,49786.27
2023-01-10,Groceries,12.38,0,102.32,592,7328.96
2023-01-10,Home & Kitchen,83.33,1,98.02,262,21832.46
2023-01-11,Clothing,51.27,0,95.98,247,12663.69
2023-01-11,Electronics,303.0,0,98.78,178,53934.0
2023-01-11,Groceries,12.02,0,100.01,482,5793.64
2023-01-11,Home & Kitchen,88.99,0,98.55,200,17798.0
2023-01-12,Clothing,51.08,0,100.82,294,15017.52
2023-01-12,Electronics,299.67,0,107.19,205,61432.35
2023-01-12,Groceries,12.55,0,97.73,546,6852.3
2023-01-12,Home & Kitchen,91.26,0,102.44,227,20716.02
2023-01-13,Clothing,52.12,0,102.4,240,12508.8
2023-01-13,Electronics,298.85,0,100.0,161,48114.85
2023-01-13,Groceries,11.11,1,97.38,576,6399.36
2023-01-13,Home & Kitchen,88.58,0,96.35,250,22145.0
2023-01-14,Clothing,48.22,0,99.01,228,10994.16
2023-01-14,Electronics,302.29,0,96.73,203,61364.87
2023-01-14,Groceries,12.24,0,96.06,555,6793.2
2023-01-14,Home & Kitchen,88.69,0,102.53,188,16673.72
2023-01-15,Clothing,49.86,0,98.43,234,11667.24
2023-01-15,Electronics,298.27,0,98.39,169,50407.63
2023-01-15,Groceries,12.43,0,96.4,564,7010.52
2023-01-15,Home & Kitchen,91.62,0,99.78,240,21988.8
2023-01-16,Clothing,49.81,0,101.55,308,15341.48
2023-01-16,Electronics,269.87,1,101.37,269,72595.03
2023-01-16,Groceries,12.58,0,101.71,483,6076.14
2023-01-16,Home & Kitchen,81.23,1,105.34,282,22906.86
2023-01-17,Clothing,48.57,0,102.09,218,10588.26
2023-01-17,Electronics,298.28,0,101.33,192,57269.76
2023-01-17,Groceries,11.83,1,100.36,648,7665.84
2023-01-17,Home & Kitchen,80.85,1,100.25,252,20374.2
2023-01-18,Clothing,51.37,0,102.26,261,13407.57
2023-01-18,Electronics,278.78,1,100.75,298,83076.44
2023-01-18,Groceries,12.17,0,102.74,588,7155.96
2023-01-18,Home & Kitchen,90.09,0,103.81,225,20270.25
2023-01-19,Clothing,44.13,1,104.93,332,14651.16
2023-01-19,Electronics,295.12,0,98.79,201,59319.12
2023-01-19,Groceries,12.28,0,106.65,611,7503.08
2023-01-19,Home & Kitchen,88.61,0,96.33,176,15595.36
2023-01-20,Clothing,50.57,0,98.88,254,12844.78
2023-01-20,Electronics,276.14,1,97.66,286,78976.04
2023-01-20,Groceries,12.18,0,99.48,529,6443.22
2023-01-20,Home & Kitchen,89.62,0,101.49,209,18730.58
2023-01-21,Clothing,48.61,0,94.56,287,13951.07
2023-01-21,Electronics,304.68,0,96.33,171,52100.28
2023-01-21,Groceries,12.75,0,98.47,587,7484.25
2023-01-21,Home & Kitchen,88.49,0,100.25,219,19379.31
2023-01-22,Clothing,49.35,0,99.25,235,11597.25
2023-01-22,Electronics,270.2,1,98.61,259,69981.8
2023-01-22,Groceries,12.68,0,95.94,560,7100.8
2023-01-22,Home & Kitchen,89.42,0,98.17,263,23517.46
2023-01-23,Clothing,49.69,0,100.13,283,14062.27
2023-01-23,Electronics,298.08,0,108.09,170,50673.6
2023-01-23,Groceries,12.55,0,103.0,517,6488.35
2023-01-23,Home & Kitchen,87.91,0,101.29,206,18109.46
2023-01-24,Clothing,49.72,0,98.35,265,13175.8
2023-01-24,Electronics,299.77,0,102.99,219,65649.63
2023-01-24,Groceries,12.08,0,94.48,576,6958.08
2023-01-24,Home & Kitchen,90.66,0,97.7,214,19401.24
2023-01-25,Clothing,49.6,0,94.69,282,13987.2
2023-01-25,Electronics,269.58,1,107.74,269,72517.02
2023-01-25,Groceries,12.6,0,93.87,508,6400.8
2023-01-25,Home & Kitchen,94.38,0,91.8,226,21329.88
2023-01-26,Clothing,49.41,0,97.5,201,9931.41
2023-01-26,Electronics,306.3,0,93.44,192,58809.6
2023-01-26,Groceries,12.61,0,110.37,532,6708.52
2023-01-26,Home & Kitchen,87.9,0,96.41,210,18459.0
2023-01-27,Clothing,51.16,0,98.25,258,13199.28
2023-01-27,Electronics,302.24,0,101.31,153,46242.72
2023-01-27,Groceries,12.52,0,94.28,530,6635.6
2023-01-27,Home & Kitchen,76.7,1,92.42,240,18408.0
2023-01-28,Clothing,50.22,0,97.92,320,16070.4
2023-01-28,Electronics,292.6,0,101.75,210,61446.0
2023-01-28,Groceries,12.45,0,98.23,590,7345.5
2023-01-28,Home & Kitchen,91.06,0,96.16,259,23584.54
2023-01-29,Clothing,51.0,0,104.55,278,14178.0
2023-01-29,Electronics,309.22,0,95.98,216,66791.52
2023-01-29,Groceries,12.36,0,106.53,594,7341.84
2023-01-29,Home & Kitchen,91.51,0,99.91,229,20955.79
2023-01-30,Clothing,45.28,1,93.61,349,15802.72
2023-01-30,Electronics,301.19,0,89.61,207,62346.33
2023-01-30,Groceries,12.9,0,104.24,511,6591.9
2023-01-30,Home & Kitchen,91.74,0,95.92,242,22201.08
2023-01-31,Clothing,50.27,0,102.62,287,14427.49
2023-01-31,Electronics,304.69,0,103.76,217,66117.73
2023-01-31,Groceries,12.56,0,92.61,448,5626.88
2023-01-31,Home & Kitchen,92.25,0,103.57,213,19649.25
2023-02-01,Clothing,50.11,0,105.45,216,10823.76
2023-02-01,Electronics,304.1,0,94.75,169,51392.9
2023-02-01,Groceries,11.43,1,110.11,614,7018.02
2023-02-01,Home & Kitchen,90.32,0,87.69,210,18967.2
2023-02-02,Clothing,44.4,1,105.39,347,15406.8
2023-02-02,Electronics,308.55,0,97.45,187,57698.85
2023-02-02,Groceries,12.25,0,97.64,579,7092.75
2023-02-02,Home & Kitchen,90.99,0,97.86,237,21564.63
2023-02-03,Clothing,52.32,0,97.53,301,15748.32
2023-02-03,Electronics,297.59,0,96.27,154,45828.86
2023-02-03,Groceries,12.61,0,115.44,466,5876.26
2023-02-03,Home & Kitchen,79.93,1,98.94,266,21261.38
2023-02-04,Clothing,43.71,1,92.11,325,14205.75
2023-02-04,Electronics,288.54,0,101.66,234,67518.36
2023-02-04,Groceries,12.78,0,101.26,587,7501.86
2023-02-04,Home & Kitchen,90.85,0,100.18,218,19805.3
2023-02-05,Clothing,49.82,0,101.96,242,12056.44
2023-02-05,Electronics,298.23,0,104.02,238,70978.74
2023-02-05,Groceries,12.53,0,95.25,561,7029.33
2023-02-05,Home & Kitchen,92.68,0,92.94,229,21223.72
2023-02-06,Clothing,49.94,0,98.01,248,12385.12
2023-02-06,Electronics,304.4,0,107.49,188,57227.2
2023-02-06,Groceries,11.98,0,97.05,533,6385.34
2023-02-06,Home & Kitchen,90.91,0,105.48,231,21000.21
2023-02-07,Clothing,50.26,0,110.52,315,15831.9
2023-02-07,Electronics,297.8,0,99.92,150,44670.0
2023-02-07,Groceries,11.45,1,99.59,680,7786.0
2023-02-07,Home & Kitchen,90.93,0,92.83,208,18913.44
2023-02-08,Clothing,49.89,0,102.42,198,9878.22
2023-02-08,Electronics,292.5,0,98.13,143,41827.5
2023-02-08,Groceries,12.14,0,102.52,462,5608.68
2023-02-08,Home & Kitchen,90.02,0,90.06,210,18904.2
2023-02-09,Clothing,51.17,0,94.47,275,14071.75
2023-02-09,Electronics,290.88,0,96.34,188,54685.44
2023-02-09,Groceries,12.52,0,106.88,607,7599.64
2023-02-09,Home & Kitchen,92.66,0,96.89,208,19273.28
2023-02-10,Clothing,50.59,0,96.74,279,14114.61
2023-02-10,Electronics,295.94,0,94.23,156,46166.64
2023-02-10,Groceries,12.53,0,100.13,583,7304.99
2023-02-10,Home & Kitchen,88.62,0,98.29,230,20382.6
2023-02-11,Clothing,49.81,0,108.55,219,10908.39
2023-02-11,Electronics,306.81,0,100.06,228,69952.68
2023-02-11,Groceries,11.48,1,105.53,646,7416.08
2023-02-11,Home & Kitchen,89.61,0,98.66,218,19534.98
2023-02-12,Clothing,49.49,0,103.71,297,14698.53
2023-02-12,Electronics,292.08,0,90.97,229,66886.32
2023-02-12,Groceries,12.25,0,87.78,552,6762.0
2023-02-12,Home & Kitchen,80.38,1,104.8,346,27811.48
2023-02-13,Clothing,50.86,0,98.87,280,14240.8
2023-02-13,Electronics,265.46,1,100.33,226,59993.96
2023-02-13,Groceries,12.5,0,97.4,534,6675.0
2023-02-13,Home & Kitchen,91.15,0,99.06,248,22605.2
2023-02-14,Clothing,50.4,0,96.11,267,13456.8
2023-02-14,Electronics,297.75,0,101.37,222,66100.5
2023-02-14,Groceries,13.27,0,105.03,546,7245.42
2023-02-14,Home & Kitchen,89.65,0,99.52,198,17750.7
2023-02-15,Clothing,50.57,0,98.95,275,13906.75
2023-02-15,Electronics,270.71,1,114.47,245,66323.95
2023-02-15,Groceries,12.9,0,99.55,526,6785.4
2023-02-15,Home & Kitchen,89.85,0,98.74,207,18598.95
2023-02-16,Clothing,51.59,0,97.5,283,14599.97
2023-02-16,Electronics,289.52,0,103.12,199,57614.48
2023-02-16,Groceries,12.78,0,101.81,542,6926.76
2023-02-16,Home & Kitchen,92.37,0,87.76,208,19212.96
2023-02-17,Clothing,50.06,0,99.82,240,12014.4
2023-02-17,Electronics,289.55,0,95.4,153,44301.15
2023-02-17,Groceries,12.25,0,103.25,505,6186.25
2023-02-17,Home & Kitchen,89.48,0,104.38,251,22459.48
2023-02-18,Clothing,50.71,0,102.26,323,16379.33
2023-02-18,Electronics,306.86,0,103.57,173,53086.78
2023-02-18,Groceries,12.42,0,100.67,560,6955.2
2023-02-18,Home & Kitchen,88.52,0,91.65,242,21421.84
2023-02-19,Clothing,49.97,0,114.23,292,14591.24
2023-02-19,Electronics,295.02,0,96.43,215,63429.3
2023-02-19,Groceries,12.8,0,100.2,524,6707.2
2023-02-19,Home & Kitchen,91.37,0,103.06,230,21015.1
2023-02-20,Clothing,47.71,0,103.49,253,12070.63
2023-02-20,Electronics,271.2,1,98.53,254,68884.8
2023-02-20,Groceries,12.68,0,100.96,522,6618.96
2023-02-20,Home & Kitchen,89.56,0,106.06,241,21583.96
2023-02-21,Clothing,49.92,0,101.26,183,9135.36
2023-02-21,Electronics,305.31,0,106.79,164,50070.84
2023-02-21,Groceries,12.51,0,99.66,538,6730.38
2023-02-21,Home & Kitchen,90.73,0,104.94,204,18508.92
2023-02-22,Clothing,50.07,0,98.82,250,12517.5
2023-02-22,Electronics,299.74,0,98.39,182,54552.68
2023-02-22,Groceries,10.92,1,102.77,595,6497.4
2023-02-22,Home & Kitchen,89.66,0,100.15,207,18559.62
2023-02-23,Clothing,44.66,1,97.55,353,15764.98
2023-02-23,Electronics,296.4,0,88.44,183,54241.2
2023-02-23,Groceries,12.33,0,94.12,516,6362.28
2023-02-23,Home & Kitchen,89.55,0,110.6,273,24447.15
2023-02-24,Clothing,45.24,1,97.72,281,12712.44
2023-02-24,Electronics,303.99,0,109.56,191,58062.09
2023-02-24,Groceries,12.08,0,108.66,559,6752.72
2023-02-24,Home & Kitchen,91.02,0,97.18,212,19296.24
2023-02-25,Clothing,49.38,0,97.29,253,12493.14
2023-02-25,Electronics,311.7,0,106.95,213,66392.1
2023-02-25,Groceries,12.47,0,105.72,512,6384.64
2023-02-25,Home & Kitchen,89.31,0,95.76,248,22148.88
2023-02-26,Clothing,49.35,0,104.32,341,16828.35
2023-02-26,Electronics,264.44,1,95.28,318,84091.92
2023-02-26,Groceries,12.34,0,101.71,564,6959.76
2023-02-26,Home & Kitchen,91.03,0,92.6,214,19480.42
2023-02-27,Clothing,49.16,0,107.32,246,12093.36
2023-02-27,Electronics,288.44,0,96.62,130,37497.2
2023-02-27,Groceries,10.92,1,101.77,599,6541.08
2023-02-27,Home & Kitchen,79.49,1,102.39,305,24244.45
2023-02-28,Clothing,45.07,1,90.79,413,18613.91
2023-02-28,Electronics,307.19,0,95.15,199,61130.81
2023-02-28,Groceries,11.7,1,96.04,556,6505.2
2023-02-28,Home & Kitchen,88.25,0,100.28,207,18267.75
2023-03-01,Clothing,48.66,0,103.34,254,12359.64
2023-03-01,Electronics,297.34,0,105.79,247,73442.98
2023-03-01,Groceries,12.39,0,106.52,523,6479.97
2023-03-01,Home & Kitchen,81.13,1,101.88,302,24501.26
2023-03-02,Clothing,44.47,1,100.62,277,12318.19
2023-03-02,Electronics,295.81,0,100.21,222,65669.82
2023-03-02,Groceries,12.38,0,105.15,573,7093.74
2023-03-02,Home & Kitchen,89.81,0,101.04,205,18411.05
2023-03-03,Clothing,49.62,0,112.93,250,12405.0
2023-03-03,Electronics,311.97,0,92.11,155,48355.35
2023-03-03,Groceries,12.34,0,104.03,488,6021.92
2023-03-03,Home & Kitchen,91.14,0,100.4,229,20871.06
2023-03-04,Clothing,48.86,0,105.81,371,18127.06
2023-03-04,Electronics,296.81,0,102.49,250,74202.5
2023-03-04,Groceries,12.36,0,95.5,511,6315.96
2023-03-04,Home & Kitchen,83.34,1,102.96,288,24001.92
2023-03-05,Clothing,49.89,0,106.77,314,15665.46
2023-03-05,Electronics,297.68,0,87.21,183,54475.44
2023-03-05,Groceries,12.77,0,104.33,578,7381.06
2023-03-05,Home & Kitchen,91.82,0,102.94,236,21669.52
2023-03-06,Clothing,48.62,0,100.75,321,15607.02
2023-03-06,Electronics,307.19,0,94.54,201,61745.19
2023-03-06,Groceries,12.47,0,92.23,607,7569.29
2023-03-06,Home & Kitchen,82.2,1,94.07,286,23509.2
2023-03-07,Clothing,50.69,0,96.06,294,14902.86
2023-03-07,Electronics,298.32,0,95.75,215,64138.8
2023-03-07,Groceries,11.34,1,98.79,722,8187.48
2023-03-07,Home & Kitchen,89.97,0,103.77,235,21142.95
2023-03-08,Clothing,49.18,0,109.48,264,12983.52
2023-03-08,Electronics,273.98,1,100.66,283,77536.34
2023-03-08,Groceries,12.32,0,92.48,532,6554.24
2023-03-08,Home & Kitchen,91.05,0,105.7,200,18210.0
2023-03-09,Clothing,50.7,0,103.6,272,13790.4
2023-03-09,Electronics,268.94,1,111.1,268,72075.92
2023-03-09,Groceries,12.42,0,103.59,542,6731.64
2023-03-09,Home & Kitchen,90.82,0,99.94,203,18436.46
2023-03-10,Clothing,49.53,0,102.22,285,14116.05
2023-03-10,Electronics,299.9,0,97.1,221,66277.9
2023-03-10,Groceries,12.67,0,94.02,538,6816.46
2023-03-10,Home & Kitchen,90.5,0,91.76,221,20000.5
2023-03-11,Clothing,48.95,0,107.03,300,14685.0
2023-03-11,Electronics,293.81,0,90.42,221,64932.01
2023-03-11,Groceries,12.28,0,104.22,528,6483.84
2023-03-11,Home & Kitchen,89.69,0,94.22,280,25113.2
2023-03-12,Clothing,47.78,0,102.27,279,13330.62
2023-03-12,Electronics,293.36,0,105.51,202,59258.72
2023-03-12,Groceries,12.67,0,94.8,581,7361.27
2023-03-12,Home & Kitchen,88.8,0,100.81,251,22288.8
2023-03-13,Clothing,49.3,0,101.49,265,13064.5
2023-03-13,Electronics,291.02,0,104.01,200,58204.0
2023-03-13,Groceries,12.19,0,100.26,508,6192.52
2023-03-13,Home & Kitchen,86.51,0,111.41,222,19205.22
2023-03-14,Clothing,50.5,0,100.02,336,16968.0
2023-03-14,Electronics,288.26,0,104.59,164,47274.64
2023-03-14,Groceries,12.78,0,97.66,583,7450.74
2023-03-14,Home & Kitchen,90.46,0,97.31,245,22162.7
2023-03-15,Clothing,45.32,1,96.13,426,19306.32
2023-03-15,Electronics,307.96,0,102.73,200,61592.0
2023-03-15,Groceries,12.2,0,102.01,569,6941.8
2023-03-15,Home & Kitchen,91.49,0,93.57,241,22049.09
2023-03-16,Clothing,47.83,0,109.91,313,14970.79
2023-03-16,Electronics,296.37,0,98.88,199,58977.63
2023-03-16,Groceries,12.82,0,98.11,509,6525.38
2023-03-16,Home & Kitchen,91.69,0,107.11,238,21822.22
2023-03-17,Clothing,50.3,0,95.56,289,14536.7
2023-03-17,Electronics,285.98,0,97.94,185,52906.3
2023-03-17,Groceries,11.94,0,96.8,555,6626.7
2023-03-17,Home & Kitchen,82.16,1,105.95,310,25469.6
2023-03-18,Clothing,45.44,1,101.27,365,16585.6
2023-03-18,Electronics,300.18,0,95.62,237,71142.66
2023-03-18,Groceries,13.02,0,102.37,509,6627.18
2023-03-18,Home & Kitchen,91.46,0,108.79,274,25060.04
2023-03-19,Clothing,46.1,1,98.47,353,16273.3
2023-03-19,Electronics,308.32,0,99.8,205,63205.6
2023-03-19,Groceries,12.72,0,100.3,597,7593.84
2023-03-19,Home & Kitchen,88.4,0,96.93,235,20774.0
2023-03-20,Clothing,49.77,0,99.34,281,13985.37
2023-03-20,Electronics,297.24,0,95.55,228,67770.72
2023-03-20,Groceries,13.1,0,94.17,596,7807.6
2023-03-20,Home & Kitchen,89.74,0,103.02,243,21806.82
2023-03-21,Clothing,51.12,0,96.65,328,16767.36
2023-03-21,Electronics,300.76,0,95.12,178,53535.28
2023-03-21,Groceries,12.58,0,96.08,524,6591.92
2023-03-21,Home & Kitchen,88.59,0,98.02,244,21615.96
2023-03-22,Clothing,50.67,0,104.08,308,15606.36
2023-03-22,Electronics,302.6,0,100.44,186,56283.6
2023-03-22,Groceries,12.93,0,110.34,516,6671.88
2023-03-22,Home & Kitchen,89.29,0,104.62,247,22054.63
2023-03-23,Clothing,48.01,0,102.18,258,12386.58
2023-03-23,Electronics,289.7,0,90.47,212,61416.4
2023-03-23,Groceries,12.27,0,99.14,569,6981.63
2023-03-23,Home & Kitchen,89.33,0,99.85,231,20635.23
2023-03-24,Clothing,50.48,0,99.19,289,14588.72
2023-03-24,Electronics,309.7,0,98.73,226,69992.2
2023-03-24,Groceries,12.32,0,103.78,585,7207.2
2023-03-24,Home & Kitchen,90.36,0,95.46,232,20963.52
2023-03-25,Clothing,50.91,0,95.03,313,15934.83
2023-03-25,Electronics,294.47,0,92.6,223,65666.81
2023-03-25,Groceries,12.41,0,100.46,579,7185.39
2023-03-25,Home & Kitchen,90.93,0,97.19,243,22095.99
2023-03-26,Clothing,50.73,0,100.83,317,16081.41
2023-03-26,Electronics,305.61,0,97.08,243,74263.23
2023-03-26,Groceries,12.39,0,98.49,587,7272.93
2023-03-26,Home & Kitchen,81.3,1,109.84,271,22032.3
2023-03-27,Clothing,44.6,1,99.81,353,15743.8
2023-03-27,Electronics,308.84,0,104.33,156,48179.04
2023-03-27,Groceries,12.1,0,90.41,558,6751.8
2023-03-27,Home & Kitchen,92.39,0,97.33,218,20141.02
2023-03-28,Clothing,50.75,0,107.57,299,15174.25
2023-03-28,Electronics,296.08,0,99.85,186,55070.88
2023-03-28,Groceries,11.91,0,100.6,501,5966.91
2023-03-28,Home & Kitchen,88.48,0,96.25,197,17430.56
2023-03-29,Clothing,49.45,0,110.26,281,13895.45
2023-03-29,Electronics,301.37,0,102.26,196,59068.52
2023-03-29,Groceries,11.11,1,99.75,614,6821.54
2023-03-29,Home & Kitchen,87.79,0,104.64,252,22123.08
2023-03-30,Clothing,48.38,0,94.37,287,13885.06
2023-03-30,Electronics,259.26,1,102.23,304,78815.04
2023-03-30,Groceries,12.43,0,99.1,582,7234.26
2023-03-30,Home & Kitchen,90.52,0,101.17,222,20095.44
2023-03-31,Clothing,50.31,0,97.99,272,13684.32
2023-03-31,Electronics,292.8,0,108.09,166,48604.8
2023-03-31,Groceries,12.45,0,92.99,539,6710.55
2023-03-31,Home & Kitchen,91.56,0,101.87,229,20967.24
2023-04-01,Clothing,49.02,0,91.67,290,14215.8
2023-04-01,Electronics,263.64,1,99.92,334,88055.76
2023-04-01,Groceries,11.18,1,97.91,669,7479.42
2023-04-01,Home & Kitchen,92.65,0,97.18,235,21772.75
2023-04-02,Clothing,50.52,0,100.72,234,11821.68
2023-04-02,Electronics,302.32,0,101.54,206,62277.92
2023-04-02,Groceries,12.42,0,100.82,559,6942.78
2023-04-02,Home & Kitchen,81.52,1,90.85,354,28858.08
2023-04-03,Clothing,48.9,0,104.66,227,11100.3
2023-04-03,Electronics,299.95,0,103.53,211,63289.45
2023-04-03,Groceries,11.41,1,107.97,616,7028.56
2023-04-03,Home & Kitchen,90.91,0,102.11,217,19727.47
2023-04-04,Clothing,49.98,0,97.7,262,13094.76
2023-04-04,Electronics,301.69,0,99.06,227,68483.63
2023-04-04,Groceries,11.31,1,100.21,660,7464.6
2023-04-04,Home & Kitchen,80.35,1,91.98,318,25551.3
2023-04-05,Clothing,49.99,0,109.74,259,12947.41
2023-04-05,Electronics,298.28,0,100.46,151,45040.28
2023-04-05,Groceries,12.32,0,102.82,583,7182.56
2023-04-05,Home & Kitchen,91.34,0,94.96,238,21738.92
2023-04-06,Clothing,50.69,0,103.14,289,14649.41
2023-04-06,Electronics,270.0,1,105.87,236,63720.0
2023-04-06,Groceries,11.12,1,98.95,606,6738.72
2023-04-06,Home & Kitchen,89.41,0,95.62,233,20832.53
2023-04-07,Clothing,44.67,1,103.36,415,18538.05
2023-04-07,Electronics,297.42,0,98.22,228,67811.76
2023-04-07,Groceries,12.57,0,106.25,572,7190.04
2023-04-07,Home & Kitchen,89.21,0,101.19,209,18644.89
2023-04-08,Clothing,49.57,0,99.44,296,14672.72
2023-04-08,Electronics,275.13,1,97.98,307,84464.91
2023-04-08,Groceries,12.32,0,97.32,572,7047.04
2023-04-08,Home & Kitchen,88.06,0,105.09,264,23247.84
2023-04-09,Clothing,48.74,0,110.11,259,12623.66
2023-04-09,Electronics,301.64,0,92.19,227,68472.28
2023-04-09,Groceries,12.68,0,102.95,696,8825.28
2023-04-09,Home & Kitchen,83.55,1,93.97,331,27655.05
2023-04-10,Clothing,51.46,0,89.43,252,12967.92
2023-04-10,Electronics,292.74,0,104.31,227,66451.98
2023-04-10,Groceries,12.53,0,109.53,555,6954.15
2023-04-10,Home & Kitchen,89.33,0,105.78,233,20813.89
2023-04-11,Clothing,48.46,0,95.8,335,16234.1
2023-04-11,Electronics,313.1,0,101.94,239,74830.9
2023-04-11,Groceries,12.53,0,103.41,561,7029.33
2023-04-11,Home & Kitchen,90.71,0,99.33,245,22223.95
2023-04-12,Clothing,49.87,0,96.41,269,13415.03
2023-04-12,Electronics,260.88,1,99.25,296,77220.48
2023-04-12,Groceries,12.51,0,101.46,560,7005.6
2023-04-12,Home & Kitchen,89.73,0,102.55,221,19830.33
2023-04-13,Clothing,48.54,0,104.25,274,13299.96
2023-04-13,Electronics,300.29,0,109.5,190,57055.1
2023-04-13,Groceries,12.38,0,107.61,474,5868.12
2023-04-13,Home & Kitchen,89.69,0,104.4,269,24126.61
2023-04-14,Clothing,51.5,0,101.07,295,15192.5
2023-04-14,Electronics,275.59,1,98.2,319,87913.21
2023-04-14,Groceries,12.62,0,111.46,587,7407.94
2023-04-14,Home & Kitchen,89.27,0,102.39,240,21424.8
2023-04-15,Clothing,50.49,0,101.08,245,12370.05
2023-04-15,Electronics,299.59,0,99.33,220,65909.8
2023-04-15,Groceries,12.31,0,97.23,586,7213.66
2023-04-15,Home & Kitchen,91.16,0,96.27,272,24795.52
2023-04-16,Clothing,49.1,0,100.71,358,17577.8
2023-04-16,Electronics,305.31,0,101.74,230,70221.3
2023-04-16,Groceries,12.6,0,99.97,558,7030.8
2023-04-16,Home & Kitchen,89.26,0,88.18,265,23653.9
2023-04-17,Clothing,49.81,0,94.42,300,14943.0
2023-04-17,Electronics,287.82,0,98.35,204,58715.28
2023-04-17,Groceries,12.37,0,103.16,518,6407.66
2023-04-17,Home & Kitchen,95.9,0,103.77,258,24742.2
2023-04-18,Clothing,49.88,0,98.09,232,11572.16
2023-04-18,Electronics,298.64,0,103.85,253,75555.92
2023-04-18,Groceries,12.54,0,102.51,558,6997.32
2023-04-18,Home & Kitchen,88.26,0,95.07,242,21358.92
2023-04-19,Clothing,48.53,0,108.72,355,17228.15
2023-04-19,Electronics,308.15,0,94.99,263,81043.45
2023-04-19,Groceries,12.48,0,99.73,571,7126.08
2023-04-19,Home & Kitchen,87.2,0,93.04,273,23805.6
2023-04-20,Clothing,50.14,0,101.3,269,13487.66
2023-04-20,Electronics,307.56,0,99.55,213,65510.28
2023-04-20,Groceries,12.08,0,102.88,649,7839.92
2023-04-20,Home & Kitchen,86.86,0,91.74,236,20498.96
2023-04-21,Clothing,49.4,0,103.19,287,14177.8
2023-04-21,Electronics,276.72,1,94.27,309,85506.48
2023-04-21,Groceries,12.58,0,109.08,570,7170.6
2023-04-21,Home & Kitchen,91.25,0,97.34,259,23633.75
2023-04-22,Clothing,42.21,1,99.67,392,16546.32
2023-04-22,Electronics,293.26,0,105.04,239,70089.14
2023-04-22,Groceries,12.59,0,95.52,599,7541.41
2023-04-22,Home & Kitchen,90.35,0,101.56,224,20238.4
2023-04-23,Clothing,51.67,0,95.0,293,15139.31
2023-04-23,Electronics,271.85,1,98.32,363,98681.55
2023-04-23,Groceries,12.71,0,92.06,593,7537.03
2023-04-23,Home & Kitchen,92.86,0,92.98,245,22750.7
2023-04-24,Clothing,49.6,0,99.06,293,14532.8
2023-04-24,Electronics,297.82,0,99.36,194,57777.08
2023-04-24,Groceries,11.68,1,97.63,593,6926.24
2023-04-24,Home & Kitchen,90.16,0,101.96,256,23080.96
2023-04-25,Clothing,49.44,0,100.75,303,14980.32
2023-04-25,Electronics,290.74,0,94.38,223,64835.02
2023-04-25,Groceries,12.53,0,93.47,510,6390.3
2023-04-25,Home & Kitchen,89.7,0,104.55,273,24488.1
2023-04-26,Clothing,49.15,0,97.43,245,12041.75
2023-04-26,Electronics,300.61,0,98.05,229,68839.69
2023-04-26,Groceries,12.72,0,100.03,527,6703.44
2023-04-26,Home & Kitchen,87.16,0,108.95,224,19523.84
2023-04-27,Clothing,50.71,0,94.97,294,14908.74
2023-04-27,Electronics,304.31,0,91.84,207,62992.17
2023-04-27,Groceries,11.1,1,96.37,523,5805.3
2023-04-27,Home & Kitchen,90.95,0,100.46,217,19736.15
2023-04-28,Clothing,45.32,1,96.93,380,17221.6
2023-04-28,Electronics,300.97,0,101.22,199,59893.03
2023-04-28,Groceries,12.68,0,106.62,575,7291.0
2023-04-28,Home & Kitchen,87.7,0,103.0,221,19381.7
2023-04-29,Clothing,48.96,0,106.22,313,15324.48
2023-04-29,Electronics,305.0,0,104.53,218,66490.0
2023-04-29,Groceries,11.4,1,100.1,592,6748.8
2023-04-29,Home & Kitchen,87.6,0,105.0,252,22075.2
2023-04-30,Clothing,49.34,0,94.3,304,14999.36
2023-04-30,Electronics,299.87,0,99.6,278,83363.86
2023-04-30,Groceries,12.87,0,97.49,555,7142.85
2023-04-30,Home & Kitchen,89.87,0,99.2,243,21838.41
2023-05-01,Clothing,50.09,0,100.23,279,13975.11
2023-05-01,Electronics,314.55,0,103.22,245,77064.75
2023-05-01,Groceries,12.12,0,104.69,555,6726.6
2023-05-01,Home & Kitchen,90.79,0,93.97,247,22425.13
2023-05-02,Clothing,49.27,0,106.87,266,13105.82
2023-05-02,Electronics,273.47,1,100.53,294,80400.18
2023-05-02,Groceries,12.67,0,98.52,621,7868.07
2023-05-02,Home & Kitchen,86.36,0,104.8,275,23749.0
2023-05-03,Clothing,50.81,0,94.06,255,12956.55
2023-05-03,Electronics,304.31,0,107.39,251,76381.81
2023-05-03,Groceries,12.73,0,94.31,521,6632.33
2023-05-03,Home & Kitchen,91.83,0,110.59,229,21029.07
2023-05-04,Clothing,49.05,0,105.24,345,16922.25
2023-05-04,Electronics,293.65,0,95.61,251,73706.15
2023-05-04,Groceries,12.38,0,96.64,546,6759.48
2023-05-04,Home & Kitchen,90.46,0,101.39,254,22976.84
2023-05-05,Clothing,50.51,0,104.06,259,13082.09
2023-05-05,Electronics,298.23,0,105.58,199,59347.77
2023-05-05,Groceries,12.31,0,99.84,591,7275.21
2023-05-05,Home & Kitchen,91.46,0,96.17,211,19298.06
2023-05-06,Clothing,51.23,0,90.94,291,14907.93
2023-05-06,Electronics,297.29,0,105.83,220,65403.8
2023-05-06,Groceries,10.96,1,90.13,691,7573.36
2023-05-06,Home & Kitchen,87.09,0,100.45,251,21859.59
2023-05-07,Clothing,51.07,0,96.56,275,14044.25
2023-05-07,Electronics,265.27,1,90.55,323,85682.21
2023-05-07,Groceries,12.39,0,92.46,639,7917.21
2023-05-07,Home & Kitchen,89.38,0,91.27,265,23685.7
2023-05-08,Clothing,50.8,0,99.86,289,14681.2
2023-05-08,Electronics,294.14,0,110.22,248,72946.72
2023-05-08,Groceries,12.61,0,102.67,657,8284.77
2023-05-08,Home & Kitchen,93.34,0,108.93,238,22214.92
2023-05-09,Clothing,48.65,0,94.25,344,16735.6
2023-05-09,Electronics,276.21,1,92.74,298,82310.58
2023-05-09,Groceries,12.42,0,107.87,653,8110.26
2023-05-09,Home & Kitchen,88.37,0,103.12,250,22092.5
2023-05-10,Clothing,50.45,0,93.02,331,16698.95
2023-05-10,Electronics,297.81,0,94.66,251,74750.31
2023-05-10,Groceries,11.46,1,103.91,700,8022.0
2023-05-10,Home & Kitchen,94.31,0,100.11,262,24709.22
2023-05-11,Clothing,50.69,0,101.44,308,15612.52
2023-05-11,Electronics,292.82,0,94.79,210,61492.2
2023-05-11,Groceries,11.26,1,109.6,749,8433.74
2023-05-11,Home & Kitchen,91.84,0,102.58,244,22408.96
2023-05-12,Clothing,49.54,0,105.52,297,14713.38
2023-05-12,Electronics,290.94,0,93.32,236,68661.84
2023-05-12,Groceries,12.83,0,107.32,552,7082.16
2023-05-12,Home & Kitchen,90.17,0,106.94,253,22813.01
2023-05-13,Clothing,48.14,0,101.61,341,16415.74
2023-05-13,Electronics,306.59,0,110.84,189,57945.51
2023-05-13,Groceries,12.47,0,98.31,596,7432.12
2023-05-13,Home & Kitchen,91.56,0,102.93,269,24629.64
2023-05-14,Clothing,50.3,0,108.18,276,13882.8
2023-05-14,Electronics,316.45,0,98.48,254,80378.3
2023-05-14,Groceries,12.29,0,98.94,645,7927.05
2023-05-14,Home & Kitchen,82.89,1,100.29,328,27187.92
2023-05-15,Clothing,49.84,0,79.9,310,15450.4
2023-05-15,Electronics,297.11,0,103.94,198,58827.78
2023-05-15,Groceries,11.18,1,99.7,788,8809.84
2023-05-15,Home & Kitchen,79.91,1,102.46,327,26130.57
2023-05-16,Clothing,49.08,0,94.75,339,16638.12
2023-05-16,Electronics,298.32,0,93.81,233,69508.56
2023-05-16,Groceries,12.85,0,103.24,649,8339.65
2023-05-16,Home & Kitchen,89.84,0,93.87,246,22100.64
2023-05-17,Clothing,50.64,0,102.81,234,11849.76
2023-05-17,Electronics,301.29,0,96.42,215,64777.35
2023-05-17,Groceries,12.48,0,109.11,616,7687.68
2023-05-17,Home & Kitchen,91.17,0,96.57,276,25162.92
2023-05-18,Clothing,44.56,1,102.53,493,21968.08
2023-05-18,Electronics,298.61,0,110.38,263,78534.43
2023-05-18,Groceries,11.98,0,99.59,568,6804.64
2023-05-18,Home & Kitchen,89.06,0,101.32,218,19415.08
2023-05-19,Clothing,50.16,0,104.4,345,17305.2
2023-05-19,Electronics,291.1,0,107.11,244,71028.4
2023-05-19,Groceries,12.59,0,104.77,574,7226.66
2023-05-19,Home & Kitchen,90.25,0,104.26,279,25179.75
2023-05-20,Clothing,49.43,0,100.67,332,16410.76
2023-05-20,Electronics,300.58,0,100.35,242,72740.36
2023-05-20,Groceries,12.61,0,93.87,674,8499.14
2023-05-20,Home & Kitchen,91.61,0,98.55,271,24826.31
2023-05-21,Clothing,48.39,0,100.65,321,15533.19
2023-05-21,Electronics,300.05,0,96.36,280,84014.0
2023-05-21,Groceries,12.55,0,105.6,606,7605.3
2023-05-21,Home & Kitchen,86.1,0,103.86,293,25227.3
2023-05-22,Clothing,49.99,0,92.16,267,13347.33
2023-05-22,Electronics,305.01,0,99.15,201,61307.01
2023-05-22,Groceries,12.79,0,91.11,612,7827.48
2023-05-22,Home & Kitchen,89.04,0,101.39,257,22883.28
2023-05-23,Clothing,50.47,0,104.59,314,15847.58
2023-05-23,Electronics,307.51,0,95.01,228,70112.28
2023-05-23,Groceries,12.62,0,99.69,584,7370.08
2023-05-23,Home & Kitchen,89.56,0,97.56,271,24270.76
2023-05-24,Clothing,49.68,0,102.8,287,14258.16
2023-05-24,Electronics,295.64,0,100.18,213,62971.32
2023-05-24,Groceries,12.31,0,100.79,663,8161.53
2023-05-24,Home & Kitchen,83.12,1,106.01,326,27097.12
2023-05-25,Clothing,50.54,0,100.39,321,16223.34
2023-05-25,Electronics,293.9,0,101.27,221,64951.9
2023-05-25,Groceries,12.65,0,105.06,526,6653.9
2023-05-25,Home & Kitchen,90.27,0,105.93,257,23199.39
2023-05-26,Clothing,51.48,0,95.47,249,12818.52
2023-05-26,Electronics,289.5,0,97.81,198,57321.0
2023-05-26,Groceries,12.33,0,95.15,625,7706.25
2023-05-26,Home & Kitchen,94.19,0,106.02,264,24866.16
2023-05-27,Clothing,50.56,0,91.57,369,18656.64
2023-05-27,Electronics,267.81,1,92.63,346,92662.26
2023-05-27,Groceries,12.48,0,102.08,532,6639.36
2023-05-27,Home & Kitchen,90.87,0,101.96,324,29441.88
2023-05-28,Clothing,49.21,0,101.01,300,14763.0
2023-05-28,Electronics,275.13,1,102.65,326,89692.38
2023-05-28,Groceries,12.23,0,106.87,593,7252.39
2023-05-28,Home & Kitchen,81.23,1,101.61,355,28836.65
2023-05-29,Clothing,49.02,0,99.45,313,15343.26
2023-05-29,Electronics,295.78,0,85.29,234,69212.52
2023-05-29,Groceries,12.91,0,97.31,570,7358.7
2023-05-29,Home & Kitchen,89.69,0,99.52,277,24844.13
2023-05-30,Clothing,49.64,0,98.18,218,10821.52
2023-05-30,Electronics,298.21,0,91.98,241,71868.61
2023-05-30,Groceries,12.47,0,101.79,586,7307.42
2023-05-30,Home & Kitchen,89.95,0,96.65,265,23836.75
2023-05-31,Clothing,50.82,0,103.88,340,17278.8
2023-05-31,Electronics,298.98,0,101.1,232,69363.36
2023-05-31,Groceries,12.99,0,101.78,609,7910.91
2023-05-31,Home & Kitchen,91.66,0,95.77,245,22456.7
2023-06-01,Clothing,48.94,0,103.04,263,12871.22
2023-06-01,Electronics,304.37,0,93.75,256,77918.72
2023-06-01,Groceries,12.12,0,112.71,568,6884.16
2023-06-01,Home & Kitchen,93.69,0,96.14,267,25015.23
2023-06-02,Clothing,47.95,0,101.64,261,12514.95
2023-06-02,Electronics,298.13,0,101.34,246,73339.98
2023-06-02,Groceries,12.55,0,101.84,597,7492.35
2023-06-02,Home & Kitchen,79.87,1,106.35,315,25159.05
2023-06-03,Clothing,44.33,1,90.66,461,20436.13
2023-06-03,Electronics,305.95,0,95.45,241,73733.95
2023-06-03,Groceries,12.77,0,102.89,606,7738.62
2023-06-03,Home & Kitchen,91.67,0,89.82,269,24659.23
2023-06-04,Clothing,50.13,0,100.61,290,14537.7
2023-06-04,Electronics,315.69,0,101.46,211,66610.59
2023-06-04,Groceries,12.72,0,100.27,607,7721.04
2023-06-04,Home & Kitchen,79.44,1,94.62,349,27724.56
2023-06-05,Clothing,45.25,1,101.55,448,20272.0
2023-06-05,Electronics,301.82,0,100.78,246,74247.72
2023-06-05,Groceries,12.74,0,97.98,663,8446.62
2023-06-05,Home & Kitchen,87.28,0,104.98,267,23303.76
2023-06-06,Clothing,51.43,0,104.2,311,15994.73
2023-06-06,Electronics,265.61,1,106.94,317,84198.37
2023-06-06,Groceries,12.08,0,101.0,584,7054.72
2023-06-06,Home & Kitchen,88.5,0,100.28,274,24249.0
2023-06-07,Clothing,50.42,0,98.91,307,15478.94
2023-06-07,Electronics,306.04,0,101.91,213,65186.52
2023-06-07,Groceries,12.45,0,102.66,536,6673.2
2023-06-07,Home & Kitchen,87.97,0,109.59,292,25687.24
2023-06-08,Clothing,50.44,0,96.37,282,14224.08
2023-06-08,Electronics,259.16,1,101.88,289,74897.24
2023-06-08,Groceries,12.56,0,94.4,544,6832.64
2023-06-08,Home & Kitchen,88.69,0,91.41,273,24212.37
2023-06-09,Clothing,51.7,0,103.14,342,17681.4
2023-06-09,Electronics,303.57,0,100.42,253,76803.21
2023-06-09,Groceries,12.72,0,105.99,554,7046.88
2023-06-09,Home & Kitchen,75.44,1,93.47,334,25196.96
2023-06-10,Clothing,48.91,0,97.55,356,17411.96
2023-06-10,Electronics,303.02,0,106.5,274,83027.48
2023-06-10,Groceries,12.94,0,105.89,600,7764.0
2023-06-10,Home & Kitchen,89.05,0,100.16,295,26269.75
2023-06-11,Clothing,50.04,0,96.14,326,16313.04
2023-06-11,Electronics,309.95,0,97.19,277,85856.15
2023-06-11,Groceries,12.32,0,94.9,583,7182.56
2023-06-11,Home & Kitchen,91.07,0,93.21,263,23951.41
2023-06-12,Clothing,50.09,0,98.95,295,14776.55
2023-06-12,Electronics,299.14,0,94.17,208,62221.12
2023-06-12,Groceries,12.9,0,97.06,548,7069.2
2023-06-12,Home & Kitchen,84.65,0,98.81,287,24294.55
2023-06-13,Clothing,44.07,1,94.96,459,20228.13
2023-06-13,Electronics,304.09,0,102.57,239,72677.51
2023-06-13,Groceries,11.5,1,101.58,655,7532.5
2023-06-13,Home & Kitchen,90.29,0,99.61,275,24829.75
2023-06-14,Clothing,46.81,1,107.14,452,21158.12
2023-06-14,Electronics,293.52,0,101.01,233,68390.16
2023-06-14,Groceries,12.69,0,103.84,535,6789.15
2023-06-14,Home & Kitchen,90.11,0,103.24,244,21986.84
2023-06-15,Clothing,50.35,0,102.65,258,12990.3
2023-06-15,Electronics,290.7,0,100.16,246,71512.2
2023-06-15,Groceries,12.03,0,103.76,613,7374.39
2023-06-15,Home & Kitchen,88.85,0,103.95,289,25677.65
2023-06-16,Clothing,51.15,0,102.7,300,15345.0
2023-06-16,Electronics,294.8,0,97.22,183,53948.4
2023-06-16,Groceries,12.32,0,93.47,598,7367.36
2023-06-16,Home & Kitchen,89.46,0,87.21,253,22633.38
2023-06-17,Clothing,48.67,0,105.28,342,16645.14
2023-06-17,Electronics,290.32,0,93.75,235,68225.2
2023-06-17,Groceries,12.96,0,89.54,577,7477.92
2023-06-17,Home & Kitchen,93.69,0,103.59,304,28481.76
2023-06-18,Clothing,50.45,0,107.78,303,15286.35
2023-06-18,Electronics,307.27,0,101.94,241,74052.07
2023-06-18,Groceries,10.84,1,103.15,755,8184.2
2023-06-18,Home & Kitchen,93.2,0,102.38,282,26282.4
2023-06-19,Clothing,44.64,1,92.88,395,17632.8
2023-06-19,Electronics,301.38,0,104.24,190,57262.2
2023-06-19,Groceries,12.84,0,101.13,616,7909.44
2023-06-19,Home & Kitchen,91.24,0,96.52,291,26550.84
2023-06-20,Clothing,51.96,0,103.29,277,14392.92
2023-06-20,Electronics,296.14,0,95.93,256,75811.84
2023-06-20,Groceries,12.86,0,104.83,591,7600.26
2023-06-20,Home & Kitchen,88.26,0,98.24,270,23830.2
2023-06-21,Clothing,48.52,0,97.02,314,15235.28
2023-06-21,Electronics,295.56,0,92.39,248,73298.88
2023-06-21,Groceries,12.36,0,102.74,555,6859.8
2023-06-21,Home & Kitchen,91.43,0,96.91,250,22857.5
2023-06-22,Clothing,50.0,0,95.28,248,12400.0
2023-06-22,Electronics,299.85,0,102.65,252,75562.2
2023-06-22,Groceries,12.83,0,102.95,642,8236.86
2023-06-22,Home & Kitchen,91.0,0,99.35,269,24479.0
2023-06-23,Clothing,51.01,0,100.8,330,16833.3
2023-06-23,Electronics,308.2,0,97.78,231,71194.2
2023-06-23,Groceries,11.43,1,103.77,613,7006.59
2023-06-23,Home & Kitchen,89.86,0,105.0,242,21746.12
2023-06-24,Clothing,52.21,0,104.14,343,17908.03
2023-06-24,Electronics,297.3,0,94.98,253,75216.9
2023-06-24,Groceries,12.28,0,97.2,599,7355.72
2023-06-24,Home & Kitchen,80.23,1,101.15,354,28401.42
2023-06-25,Clothing,51.89,0,110.28,334,17331.26
2023-06-25,Electronics,267.02,1,87.38,311,83043.22
2023-06-25,Groceries,12.36,0,97.92,521,6439.56
2023-06-25,Home & Kitchen,88.33,0,100.71,284,25085.72
2023-06-26,Clothing,49.58,0,99.2,283,14031.14
2023-06-26,Electronics,300.24,0,103.33,216,64851.84
2023-06-26,Groceries,12.31,0,99.69,529,6511.99
2023-06-26,Home & Kitchen,79.75,1,109.33,355,28311.25
2023-06-27,Clothing,49.17,0,99.43,317,15586.89
2023-06-27,Electronics,293.22,0,92.04,231,67733.82
2023-06-27,Groceries,12.66,0,101.62,565,7152.9
2023-06-27,Home & Kitchen,90.19,0,90.77,227,20473.13
2023-06-28,Clothing,46.58,1,98.99,436,20308.88
2023-06-28,Electronics,314.62,0,97.61,242,76138.04
2023-06-28,Groceries,12.63,0,95.51,553,6984.39
2023-06-28,Home & Kitchen,90.79,0,99.16,266,24150.14
2023-06-29,Clothing,51.14,0,95.25,292,14932.88
2023-06-29,Electronics,300.42,0,103.73,300,90126.0
2023-06-29,Groceries,12.61,0,108.58,671,8461.31
2023-06-29,Home & Kitchen,91.61,0,100.68,261,23910.21
2023-06-30,Clothing,51.77,0,107.3,289,14961.53
2023-06-30,Electronics,286.57,0,101.5,240,68776.8
2023-06-30,Groceries,12.5,0,105.8,492,6150.0
2023-06-30,Home & Kitchen,83.66,1,105.88,311,26018.26
2023-07-01,Clothing,51.27,0,95.75,376,19277.52
2023-07-01,Electronics,292.28,0,96.25,264,77161.92
2023-07-01,Groceries,12.39,0,101.19,669,8288.91
2023-07-01,Home & Kitchen,91.19,0,105.24,296,26992.24
2023-07-02,Clothing,50.12,0,95.13,314,15737.68
2023-07-02,Electronics,300.96,0,100.13,250,75240.0
2023-07-02,Groceries,12.43,0,95.92,567,7047.81
2023-07-02,Home & Kitchen,91.37,0,105.79,322,29421.14
2023-07-03,Clothing,50.7,0,103.47,336,17035.2
2023-07-03,Electronics,304.96,0,93.3,217,66176.32
2023-07-03,Groceries,12.78,0,96.54,549,7016.22
2023-07-03,Home & Kitchen,89.9,0,101.75,258,23194.2
2023-07-04,Clothing,49.31,0,99.64,349,17209.19
2023-07-04,Electronics,265.11,1,87.19,305,80858.55
2023-07-04,Groceries,12.03,0,94.46,607,7302.21
2023-07-04,Home & Kitchen,81.16,1,100.43,318,25808.88
2023-07-05,Clothing,50.89,0,97.63,314,15979.46
2023-07-05,Electronics,298.32,0,99.95,286,85319.52
2023-07-05,Groceries,12.43,0,84.02,556,6911.08
2023-07-05,Home & Kitchen,92.37,0,110.56,262,24200.94
2023-07-06,Clothing,48.95,0,106.5,275,13461.25
2023-07-06,Electronics,301.86,0,89.34,210,63390.6
2023-07-06,Groceries,12.61,0,97.92,571,7200.31
2023-07-06,Home & Kitchen,84.67,0,100.73,252,21336.84
2023-07-07,Clothing,49.36,0,114.81,315,15548.4
2023-07-07,Electronics,293.49,0,100.09,269,78948.81
2023-07-07,Groceries,12.67,0,109.09,592,7500.64
2023-07-07,Home & Kitchen,92.79,0,96.39,264,24496.56
2023-07-08,Clothing,49.01,0,103.94,287,14065.87
2023-07-08,Electronics,294.23,0,101.15,264,77676.72
2023-07-08,Groceries,12.46,0,97.21,564,7027.44
2023-07-08,Home & Kitchen,91.57,0,101.3,289,26463.73
2023-07-09,Clothing,50.42,0,107.14,300,15126.0
2023-07-09,Electronics,294.75,0,98.66,242,71329.5
2023-07-09,Groceries,12.58,0,90.92,550,6919.0
2023-07-09,Home & Kitchen,91.06,0,93.71,255,23220.3
2023-07-10,Clothing,49.77,0,103.49,295,14682.15
2023-07-10,Electronics,296.51,0,95.28,245,72644.95
2023-07-10,Groceries,13.1,0,97.94,534,6995.4
2023-07-10,Home & Kitchen,88.53,0,101.87,301,26647.53
2023-07-11,Clothing,45.91,1,91.65,414,19006.74
2023-07-11,Electronics,296.51,0,90.13,214,63453.14
2023-07-11,Groceries,12.41,0,97.03,638,7917.58
2023-07-11,Home & Kitchen,86.7,0,96.26,295,25576.5
2023-07-12,Clothing,51.11,0,101.36,320,16355.2
2023-07-12,Electronics,264.52,1,106.05,294,77768.88
2023-07-12,Groceries,12.59,0,94.1,562,7075.58
2023-07-12,Home & Kitchen,91.51,0,107.01,274,25073.74
2023-07-13,Clothing,49.68,0,100.81,301,14953.68
2023-07-13,Electronics,303.11,0,103.99,226,68502.86
2023-07-13,Groceries,12.42,0,96.98,530,6582.6
2023-07-13,Home & Kitchen,89.85,0,103.36,282,25337.7
2023-07-14,Clothing,51.07,0,97.88,278,14197.46
2023-07-14,Electronics,301.5,0,102.3,232,69948.0
2023-07-14,Groceries,12.45,0,92.8,541,6735.45
2023-07-14,Home & Kitchen,89.79,0,104.97,259,23255.61
2023-07-15,Clothing,49.43,0,101.87,346,17102.78
2023-07-15,Electronics,293.66,0,99.6,278,81637.48
2023-07-15,Groceries,12.46,0,95.13,565,7039.9
2023-07-15,Home & Kitchen,92.46,0,103.55,257,23762.22
2023-07-16,Clothing,49.91,0,98.28,331,16520.21
2023-07-16,Electronics,293.92,0,87.28,288,84648.96
2023-07-16,Groceries,12.09,0,99.05,550,6649.5
2023-07-16,Home & Kitchen,88.66,0,93.29,328,29080.48
2023-07-17,Clothing,49.2,0,108.19,286,14071.2
2023-07-17,Electronics,270.46,1,100.04,299,80867.54
2023-07-17,Groceries,12.03,0,100.67,562,6760.86
2023-07-17,Home & Kitchen,90.97,0,99.45,295,26836.15
2023-07-18,Clothing,52.13,0,96.77,294,15326.22
2023-07-18,Electronics,289.66,0,99.68,191,55325.06
2023-07-18,Groceries,12.59,0,90.2,643,8095.37
2023-07-18,Home & Kitchen,92.44,0,100.71,242,22370.48
2023-07-19,Clothing,47.6,0,101.56,315,14994.0
2023-07-19,Electronics,302.17,0,94.91,216,65268.72
2023-07-19,Groceries,11.19,1,103.99,669,7486.11
2023-07-19,Home & Kitchen,87.62,0,97.97,224,19626.88
2023-07-20,Clothing,49.81,0,98.91,294,14644.14
2023-07-20,Electronics,299.14,0,93.67,234,69998.76
2023-07-20,Groceries,12.7,0,96.95,586,7442.2
2023-07-20,Home & Kitchen,92.23,0,103.38,251,23149.73
2023-07-21,Clothing,48.95,0,103.0,310,15174.5
2023-07-21,Electronics,296.75,0,99.37,243,72110.25
2023-07-21,Groceries,12.79,0,103.12,604,7725.16
2023-07-21,Home & Kitchen,87.66,0,99.81,292,25596.72
2023-07-22,Clothing,48.38,0,91.71,306,14804.28
2023-07-22,Electronics,308.08,0,90.55,233,71782.64
2023-07-22,Groceries,12.51,0,96.23,637,7968.87
2023-07-22,Home & Kitchen,90.78,0,98.53,279,25327.62
2023-07-23,Clothing,49.67,0,89.32,362,17980.54
2023-07-23,Electronics,268.84,1,99.87,374,100546.16
2023-07-23,Groceries,12.55,0,97.18,614,7705.7
2023-07-23,Home & Kitchen,87.6,0,108.52,286,25053.6
2023-07-24,Clothing,49.84,0,96.4,362,18042.08
2023-07-24,Electronics,308.44,0,99.1,244,75259.36
2023-07-24,Groceries,12.69,0,102.29,651,8261.19
2023-07-24,Home & Kitchen,91.43,0,101.71,281,25691.83
2023-07-25,Clothing,49.62,0,87.87,324,16076.88
2023-07-25,Electronics,306.44,0,102.44,215,65884.6
2023-07-25,Groceries,12.68,0,100.65,603,7646.04
2023-07-25,Home & Kitchen,90.98,0,94.9,277,25201.46
2023-07-26,Clothing,43.25,1,103.7,385,16651.25
2023-07-26,Electronics,306.35,0,100.36,224,68622.4
2023-07-26,Groceries,12.54,0,100.37,578,7248.12
2023-07-26,Home & Kitchen,90.87,0,104.95,278,25261.86
2023-07-27,Clothing,51.86,0,96.99,291,15091.26
2023-07-27,Electronics,305.51,0,107.32,251,76683.01
2023-07-27,Groceries,13.0,0,102.9,577,7501.0
2023-07-27,Home & Kitchen,81.82,1,105.07,351,28718.82
2023-07-28,Clothing,49.81,0,102.0,335,16686.35
2023-07-28,Electronics,302.75,0,102.4,215,65091.25
2023-07-28,Groceries,12.47,0,95.91,552,6883.44
2023-07-28,Home & Kitchen,91.32,0,103.23,268,24473.76
2023-07-29,Clothing,49.61,0,99.24,252,12501.72
2023-07-29,Electronics,306.49,0,101.68,238,72944.62
2023-07-29,Groceries,12.26,0,89.15,576,7061.76
2023-07-29,Home & Kitchen,81.11,1,93.37,363,29442.93
2023-07-30,Clothing,50.13,0,100.19,296,14838.48
2023-07-30,Electronics,257.61,1,103.3,334,86041.74
2023-07-30,Groceries,11.14,1,99.41,653,7274.42
2023-07-30,Home & Kitchen,87.9,0,101.37,276,24260.4
2023-07-31,Clothing,50.81,0,95.67,322,16360.82
2023-07-31,Electronics,300.77,0,91.77,228,68575.56
2023-07-31,Groceries,12.82,0,91.97,604,7743.28
2023-07-31,Home & Kitchen,93.16,0,95.25,257,23942.12
2023-08-01,Clothing,50.32,0,100.4,294,14794.08
2023-08-01,Electronics,291.13,0,90.27,174,50656.62
2023-08-01,Groceries,12.27,0,105.54,570,6993.9
2023-08-01,Home & Kitchen,88.31,0,99.37,286,25256.66
2023-08-02,Clothing,49.31,0,104.58,238,11735.78
2023-08-02,Electronics,305.1,0,106.22,228,69562.8
2023-08-02,Groceries,12.78,0,103.39,614,7846.92
2023-08-02,Home & Kitchen,88.88,0,103.0,299,26575.12
2023-08-03,Clothing,49.2,0,94.5,251,12349.2
2023-08-03,Electronics,301.9,0,93.16,257,77588.3
2023-08-03,Groceries,12.41,0,103.97,555,6887.55
2023-08-03,Home & Kitchen,83.6,1,95.41,299,24996.4
2023-08-04,Clothing,49.41,0,101.7,370,18281.7
2023-08-04,Electronics,290.94,0,102.17,269,78262.86
2023-08-04,Groceries,12.05,0,103.63,597,7193.85
2023-08-04,Home & Kitchen,88.46,0,108.66,250,22115.0
2023-08-05,Clothing,45.29,1,92.15,391,17708.39
2023-08-05,Electronics,274.13,1,108.86,388,106362.44
2023-08-05,Groceries,12.62,0,104.8,591,7458.42
2023-08-05,Home & Kitchen,91.56,0,101.42,296,27101.76
2023-08-06,Clothing,50.3,0,102.85,302,15190.6
2023-08-06,Electronics,296.46,0,96.67,289,85676.94
2023-08-06,Groceries,12.44,0,98.74,635,7899.4
2023-08-06,Home & Kitchen,91.74,0,91.6,256,23485.44
2023-08-07,Clothing,44.56,1,97.57,483,21522.48
2023-08-07,Electronics,270.96,1,94.95,304,82371.84
2023-08-07,Groceries,12.31,0,105.23,550,6770.5
2023-08-07,Home & Kitchen,92.59,0,91.68,266,24628.94
2023-08-08,Clothing,51.25,0,102.07,321,16451.25
2023-08-08,Electronics,300.17,0,95.56,206,61835.02
2023-08-08,Groceries,12.61,0,95.54,567,7149.87
2023-08-08,Home & Kitchen,89.9,0,99.39,244,21935.6
2023-08-09,Clothing,50.46,0,95.92,335,16904.1
2023-08-09,Electronics,300.4,0,96.99,178,53471.2
2023-08-09,Groceries,11.58,1,103.68,647,7492.26
2023-08-09,Home & Kitchen,93.27,0,97.86,242,22571.34
2023-08-10,Clothing,48.52,0,93.05,295,14313.4
2023-08-10,Electronics,310.57,0,99.19,208,64598.56
2023-08-10,Groceries,12.35,0,97.62,622,7681.7
2023-08-10,Home & Kitchen,88.44,0,103.53,239,21137.16
2023-08-11,Clothing,50.44,0,100.08,297,14980.68
2023-08-11,Electronics,304.14,0,105.4,174,52920.36
2023-08-11,Groceries,12.18,0,97.49,669,8148.42
2023-08-11,Home & Kitchen,91.04,0,104.32,274,24944.96
2023-08-12,Clothing,50.16,0,95.42,300,15048.0
2023-08-12,Electronics,303.66,0,102.17,228,69234.48
2023-08-12,Groceries,11.25,1,93.89,624,7020.0
2023-08-12,Home & Kitchen,79.29,1,106.64,338,26800.02
2023-08-13,Clothing,50.49,0,105.02,326,16459.74
2023-08-13,Electronics,292.54,0,94.27,261,76352.94
2023-08-13,Groceries,12.74,0,108.74,580,7389.2
2023-08-13,Home & Kitchen,90.06,0,100.85,291,26207.46
2023-08-14,Clothing,49.76,0,102.58,247,12290.72
2023-08-14,Electronics,309.56,0,100.75,212,65626.72
2023-08-14,Groceries,11.59,1,91.82,716,8298.44
2023-08-14,Home & Kitchen,81.58,1,97.64,359,29287.22
2023-08-15,Clothing,50.51,0,104.9,300,15153.0
2023-08-15,Electronics,300.73,0,96.94,219,65859.87
2023-08-15,Groceries,12.53,0,99.61,601,7530.53
2023-08-15,Home & Kitchen,88.52,0,104.19,263,23280.76
2023-08-16,Clothing,49.04,0,91.85,288,14123.52
2023-08-16,Electronics,304.19,0,94.76,268,81522.92
2023-08-16,Groceries,12.71,0,103.88,541,6876.11
2023-08-16,Home & Kitchen,87.92,0,111.03,255,22419.6
2023-08-17,Clothing,49.77,0,95.64,252,12542.04
2023-08-17,Electronics,294.24,0,104.04,219,64438.56
2023-08-17,Groceries,12.67,0,109.66,557,7057.19
2023-08-17,Home & Kitchen,89.87,0,96.81,193,17344.91
2023-08-18,Clothing,49.05,0,95.19,305,14960.25
2023-08-18,Electronics,277.28,1,102.33,310,85956.8
2023-08-18,Groceries,12.09,0,100.55,571,6903.39
2023-08-18,Home & Kitchen,90.28,0,105.89,277,25007.56
2023-08-19,Clothing,50.32,0,106.92,337,16957.84
2023-08-19,Electronics,291.18,0,103.32,202,58818.36
2023-08-19,Groceries,12.46,0,93.31,640,7974.4
2023-08-19,Home & Kitchen,93.96,0,96.35,282,26496.72
2023-08-20,Clothing,51.29,0,96.19,341,17489.89
2023-08-20,Electronics,295.24,0,101.94,284,83848.16
2023-08-20,Groceries,12.52,0,95.67,645,8075.4
2023-08-20,Home & Kitchen,89.2,0,88.72,302,26938.4
2023-08-21,Clothing,50.59,0,98.97,297,15025.23
2023-08-21,Electronics,296.73,0,93.07,215,63796.95
2023-08-21,Groceries,12.57,0,99.03,582,7315.74
2023-08-21,Home & Kitchen,86.42,0,93.09,248,21432.16
2023-08-22,Clothing,52.41,0,103.01,298,15618.18
2023-08-22,Electronics,300.23,0,93.79,221,66350.83
2023-08-22,Groceries,12.99,0,97.98,624,8105.76
2023-08-22,Home & Kitchen,75.14,1,99.01,376,28252.64
2023-08-23,Clothing,50.82,0,101.57,327,16618.14
2023-08-23,Electronics,305.06,0,108.51,208,63452.48
2023-08-23,Groceries,12.51,0,94.03,544,6805.44
2023-08-23,Home & Kitchen,90.88,0,98.01,242,21992.96
2023-08-24,Clothing,49.3,0,94.17,318,15677.4
2023-08-24,Electronics,299.25,0,94.47,200,59850.0
2023-08-24,Groceries,12.7,0,105.91,562,7137.4
2023-08-24,Home & Kitchen,92.16,0,98.13,247,22763.52
2023-08-25,Clothing,51.09,0,100.55,247,12619.23
2023-08-25,Electronics,292.6,0,95.37,205,59983.0
2023-08-25,Groceries,12.51,0,104.05,597,7468.47
2023-08-25,Home & Kitchen,90.94,0,93.5,285,25917.9
2023-08-26,Clothing,49.37,0,93.34,219,10812.03
2023-08-26,Electronics,304.43,0,98.9,261,79456.23
2023-08-26,Groceries,12.58,0,97.32,614,7724.12
2023-08-26,Home & Kitchen,91.57,0,101.13,298,27287.86
2023-08-27,Clothing,50.35,0,99.63,332,16716.2
2023-08-27,Electronics,305.05,0,110.56,280,85414.0
2023-08-27,Groceries,12.4,0,105.58,532,6596.8
2023-08-27,Home & Kitchen,90.76,0,99.68,262,23779.12
2023-08-28,Clothing,50.46,0,101.96,301,15188.46
2023-08-28,Electronics,303.95,0,103.42,254,77203.3
2023-08-28,Groceries,12.65,0,99.33,535,6767.75
2023-08-28,Home & Kitchen,92.08,0,100.4,254,23388.32
2023-08-29,Clothing,50.55,0,101.7,269,13597.95
2023-08-29,Electronics,300.03,0,102.65,231,69306.93
2023-08-29,Groceries,12.36,0,101.59,573,7082.28
2023-08-29,Home & Kitchen,93.22,0,94.29,266,24796.52
2023-08-30,Clothing,50.87,0,98.55,267,13582.29
2023-08-30,Electronics,307.64,0,85.35,253,77832.92
2023-08-30,Groceries,12.73,0,97.75,572,7281.56
2023-08-30,Home & Kitchen,91.89,0,100.28,246,22604.94
2023-08-31,Clothing,49.81,1,109.03,379,18877.99
2023-08-31,Electronics,299.06,0,106.47,234,69980.04
2023-08-31,Groceries,12.45,0,99.36,625,7781.25
2023-08-31,Home & Kitchen,91.19,0,100.06,260,23709.4
2023-09-01,Clothing,47.92,0,98.87,298,14280.16
2023-09-01,Electronics,305.88,0,99.42,237,72493.56
2023-09-01,Groceries,12.39,0,94.65,505,6256.95
2023-09-01,Home & Kitchen,79.71,1,102.34,338,26941.98
2023-09-02,Clothing,50.23,0,92.35,328,16475.44
2023-09-02,Electronics,290.43,0,103.07,236,68541.48
2023-09-02,Groceries,12.24,0,106.33,609,7454.16
2023-09-02,Home & Kitchen,90.8,0,105.61,307,27875.6
2023-09-03,Clothing,48.61,0,102.95,312,15166.32
2023-09-03,Electronics,303.98,0,96.04,262,79642.76
2023-09-03,Groceries,11.33,1,102.55,642,7273.86
2023-09-03,Home & Kitchen,89.93,0,101.98,281,25270.33
2023-09-04,Clothing,51.27,0,103.63,297,15227.19
2023-09-04,Electronics,305.13,0,103.65,269,82079.97
2023-09-04,Groceries,12.38,0,92.26,594,7353.72
2023-09-04,Home & Kitchen,89.69,0,105.85,254,22781.26
2023-09-05,Clothing,45.91,1,97.82,378,17353.98
2023-09-05,Electronics,297.79,0,98.95,218,64918.22
2023-09-05,Groceries,12.72,0,107.49,608,7733.76
2023-09-05,Home & Kitchen,91.1,0,101.48,248,22592.8
2023-09-06,Clothing,50.59,0,104.24,340,17200.6
2023-09-06,Electronics,299.21,0,102.84,274,81983.54
2023-09-06,Groceries,12.27,0,89.15,554,6797.58
2023-09-06,Home & Kitchen,88.75,0,102.25,219,19436.25
2023-09-07,Clothing,50.71,0,96.77,272,13793.12
2023-09-07,Electronics,300.69,0,96.75,236,70962.84
2023-09-07,Groceries,11.24,1,98.05,722,8115.28
2023-09-07,Home & Kitchen,80.09,1,94.94,313,25068.17
2023-09-08,Clothing,51.28,0,97.62,266,13640.48
2023-09-08,Electronics,262.59,1,108.75,348,91381.32
2023-09-08,Groceries,12.35,0,98.61,568,7014.8
2023-09-08,Home & Kitchen,91.86,0,83.87,230,21127.8
2023-09-09,Clothing,49.95,0,98.24,343,17132.85
2023-09-09,Electronics,301.15,0,95.22,190,57218.5
2023-09-09,Groceries,11.19,1,106.41,687,7687.53
2023-09-09,Home & Kitchen,94.37,0,107.6,248,23403.76
2023-09-10,Clothing,50.2,0,99.35,314,15762.8
2023-09-10,Electronics,306.08,0,106.84,189,57849.12
2023-09-10,Groceries,12.38,0,100.98,646,7997.48
2023-09-10,Home & Kitchen,90.14,0,96.04,268,24157.52
2023-09-11,Clothing,50.49,0,103.56,304,15348.96
2023-09-11,Electronics,304.94,0,100.0,200,60988.0
2023-09-11,Groceries,11.11,1,109.52,652,7243.72
2023-09-11,Home & Kitchen,90.51,0,95.77,253,22899.03
2023-09-12,Clothing,45.3,1,100.0,411,18618.3
2023-09-12,Electronics,279.84,1,103.05,330,92347.2
2023-09-12,Groceries,12.72,0,99.22,557,7085.04
2023-09-12,Home & Kitchen,89.69,0,106.0,261,23409.09
2023-09-13,Clothing,48.34,0,92.69,294,14211.96
2023-09-13,Electronics,292.31,0,98.17,228,66646.68
2023-09-13,Groceries,12.84,0,95.23,586,7524.24
2023-09-13,Home & Kitchen,90.37,0,104.23,258,23315.46
2023-09-14,Clothing,44.11,1,101.93,374,16497.14
2023-09-14,Electronics,263.01,1,107.45,345,90738.45
2023-09-14,Groceries,12.52,0,105.93,546,6835.92
2023-09-14,Home & Kitchen,87.72,0,92.81,244,21403.68
2023-09-15,Clothing,50.81,0,97.93,326,16564.06
2023-09-15,Electronics,268.91,1,100.56,372,100034.52
2023-09-15,Groceries,12.14,0,97.84,581,7053.34
2023-09-15,Home & Kitchen,92.35,0,104.47,230,21240.5
2023-09-16,Clothing,49.03,0,100.49,255,12502.65
2023-09-16,Electronics,301.82,0,95.22,262,79076.84
2023-09-16,Groceries,12.53,0,103.83,553,6929.09
2023-09-16,Home & Kitchen,87.95,0,97.34,273,24010.35
2023-09-17,Clothing,45.18,1,97.77,406,18343.08
2023-09-17,Electronics,290.09,0,91.81,221,64109.89
2023-09-17,Groceries,12.68,0,101.1,568,7202.24
2023-09-17,Home & Kitchen,88.26,0,99.65,268,23653.68
2023-09-18,Clothing,51.58,0,94.34,294,15164.52
2023-09-18,Electronics,295.98,0,90.13,160,47356.8
2023-09-18,Groceries,12.57,0,95.96,578,7265.46
2023-09-18,Home & Kitchen,89.33,0,101.04,243,21707.19
2023-09-19,Clothing,48.29,0,101.21,328,15839.12
2023-09-19,Electronics,292.57,0,104.24,200,58514.0
2023-09-19,Groceries,12.16,0,95.41,572,6955.52
2023-09-19,Home & Kitchen,85.98,0,111.78,267,22956.66
2023-09-20,Clothing,50.33,0,93.54,333,16759.89
2023-09-20,Electronics,298.3,0,91.22,227,67714.1
2023-09-20,Groceries,12.49,0,101.65,531,6632.19
2023-09-20,Home & Kitchen,92.64,0,96.02,223,20658.72
2023-09-21,Clothing,49.78,0,105.76,282,14037.96
2023-09-21,Electronics,304.59,0,92.7,246,74929.14
2023-09-21,Groceries,12.7,0,100.22,548,6959.6
2023-09-21,Home & Kitchen,88.31,0,101.65,239,21106.09
2023-09-22,Clothing,45.58,1,91.04,407,18551.06
2023-09-22,Electronics,262.48,1,103.34,385,101054.8
2023-09-22,Groceries,11.21,1,96.76,688,7712.48
2023-09-22,Home & Kitchen,89.52,0,104.14,220,19694.4
2023-09-23,Clothing,49.45,0,99.16,338,16714.1
2023-09-23,Electronics,286.29,0,101.97,243,69568.47
2023-09-23,Groceries,12.64,0,103.16,539,6812.96
2023-09-23,Home & Kitchen,86.89,0,101.55,277,24068.53
2023-09-24,Clothing,46.5,1,98.08,385,17902.5
2023-09-24,Electronics,288.16,0,102.37,262,75497.92
2023-09-24,Groceries,12.56,0,99.79,621,7799.76
2023-09-24,Home & Kitchen,88.02,0,106.5,271,23853.42
2023-09-25,Clothing,49.15,0,97.55,272,13368.8
2023-09-25,Electronics,291.16,0,106.53,210,61143.6
2023-09-25,Groceries,12.49,0,93.44,538,6719.62
2023-09-25,Home & Kitchen,91.28,0,106.73,212,19351.36
2023-09-26,Clothing,47.19,1,102.43,406,19159.14
2023-09-26,Electronics,288.46,0,113.58,225,64903.5
2023-09-26,Groceries,12.62,0,106.23,502,6335.24
2023-09-26,Home & Kitchen,89.29,0,95.65,231,20625.99
2023-09-27,Clothing,50.25,0,106.16,290,14572.5
2023-09-27,Electronics,294.12,0,98.73,239,70294.68
2023-09-27,Groceries,10.9,1,97.28,692,7542.8
2023-09-27,Home & Kitchen,89.8,0,99.52,239,21462.2
2023-09-28,Clothing,48.7,0,104.43,313,15243.1
2023-09-28,Electronics,302.6,0,100.46,254,76860.4
2023-09-28,Groceries,12.72,0,104.56,569,7237.68
2023-09-28,Home & Kitchen,91.68,0,94.0,240,22003.2
2023-09-29,Clothing,50.2,0,102.58,320,16064.0
2023-09-29,Electronics,294.6,0,104.4,172,50671.2
2023-09-29,Groceries,12.56,0,92.57,524,6581.44
2023-09-29,Home & Kitchen,90.97,0,92.29,249,22651.53
2023-09-30,Clothing,50.85,0,98.74,316,16068.6
2023-09-30,Electronics,300.5,0,96.05,227,68213.5
2023-09-30,Groceries,12.62,0,100.05,630,7950.6
2023-09-30,Home & Kitchen,90.73,0,109.4,289,26220.97
2023-10-01,Clothing,49.82,0,102.82,283,14099.06
2023-10-01,Electronics,303.37,0,96.96,210,63707.7
2023-10-01,Groceries,12.67,0,102.4,576,7297.92
2023-10-01,Home & Kitchen,82.65,1,103.42,363,30001.95
2023-10-02,Clothing,51.2,0,99.81,256,13107.2
2023-10-02,Electronics,299.28,0,102.25,216,64644.48
2023-10-02,Groceries,12.55,0,107.57,502,6300.1
2023-10-02,Home & Kitchen,89.65,0,103.14,249,22322.85
2023-10-03,Clothing,48.68,0,105.02,212,10320.16
2023-10-03,Electronics,300.79,0,105.41,215,64669.85
2023-10-03,Groceries,12.57,0,98.09,622,7818.54
2023-10-03,Home & Kitchen,87.73,0,102.26,219,19212.87
2023-10-04,Clothing,49.54,0,103.64,261,12929.94
2023-10-04,Electronics,299.99,0,113.99,242,72597.58
2023-10-04,Groceries,12.03,0,104.1,568,6833.04
2023-10-04,Home & Kitchen,85.61,0,96.64,270,23114.7
2023-10-05,Clothing,41.9,1,100.54,354,14832.6
2023-10-05,Electronics,301.32,0,102.59,244,73522.08
2023-10-05,Groceries,11.03,1,89.73,674,7434.22
2023-10-05,Home & Kitchen,79.87,1,100.9,262,20925.94
2023-10-06,Clothing,49.52,0,105.11,268,13271.36
2023-10-06,Electronics,308.92,0,98.47,218,67344.56
2023-10-06,Groceries,12.47,0,103.72,512,6384.64
2023-10-06,Home & Kitchen,92.72,0,100.49,219,20305.68
2023-10-07,Clothing,44.63,1,99.42,389,17361.07
2023-10-07,Electronics,287.9,0,106.06,232,66792.8
2023-10-07,Groceries,12.74,0,103.74,629,8013.46
2023-10-07,Home & Kitchen,89.55,0,101.65,286,25611.3
2023-10-08,Clothing,45.71,1,94.35,380,17369.8
2023-10-08,Electronics,298.79,0,95.74,205,61251.95
2023-10-08,Groceries,12.28,0,101.67,589,7232.92
2023-10-08,Home & Kitchen,88.97,0,93.36,286,25445.42
2023-10-09,Clothing,49.75,0,104.03,244,12139.0
2023-10-09,Electronics,298.29,0,102.14,213,63535.77
2023-10-09,Groceries,12.19,0,92.18,582,7094.58
2023-10-09,Home & Kitchen,92.07,0,108.73,269,24766.83
2023-10-10,Clothing,50.88,0,108.57,317,16128.96
2023-10-10,Electronics,301.81,0,103.63,196,59154.76
2023-10-10,Groceries,12.45,0,102.09,623,7756.35
2023-10-10,Home & Kitchen,91.51,0,101.28,239,21870.89
2023-10-11,Clothing,50.12,0,104.82,312,15637.44
2023-10-11,Electronics,281.83,1,85.34,273,76939.59
2023-10-11,Groceries,10.94,1,102.25,695,7603.3
2023-10-11,Home & Kitchen,89.82,0,99.01,246,22095.72
2023-10-12,Clothing,44.19,1,99.78,427,18869.13
2023-10-12,Electronics,299.42,0,103.7,264,79046.88
2023-10-12,Groceries,12.25,0,97.23,555,6798.75
2023-10-12,Home & Kitchen,90.29,0,104.13,230,20766.7
2023-10-13,Clothing,43.8,1,93.3,341,14935.8
2023-10-13,Electronics,298.5,0,107.54,222,66267.0
2023-10-13,Groceries,12.48,0,108.29,531,6626.88
2023-10-13,Home & Kitchen,92.76,0,100.16,254,23561.04
2023-10-14,Clothing,50.93,0,97.53,343,17468.99
2023-10-14,Electronics,298.29,0,98.62,230,68606.7
2023-10-14,Groceries,12.33,0,100.36,616,7595.28
2023-10-14,Home & Kitchen,91.52,0,98.61,298,27272.96
2023-10-15,Clothing,50.58,0,94.18,325,16438.5
2023-10-15,Electronics,265.71,1,106.79,342,90872.82
2023-10-15,Groceries,12.55,0,90.92,565,7090.75
2023-10-15,Home & Kitchen,90.98,0,102.49,245,22290.1
2023-10-16,Clothing,49.67,0,101.07,275,13659.25
2023-10-16,Electronics,310.77,0,95.03,150,46615.5
2023-10-16,Groceries,12.3,0,96.31,568,6986.4
2023-10-16,Home & Kitchen,90.47,0,104.87,247,22346.09
2023-10-17,Clothing,48.92,0,96.08,312,15263.04
2023-10-17,Electronics,277.11,1,101.49,284,78699.24
2023-10-17,Groceries,12.97,0,97.38,583,7561.51
2023-10-17,Home & Kitchen,83.98,1,99.86,338,28385.24
2023-10-18,Clothing,49.66,0,106.24,236,11719.76
2023-10-18,Electronics,299.65,0,99.75,244,73114.6
2023-10-18,Groceries,12.51,0,98.14,592,7405.92
2023-10-18,Home & Kitchen,90.0,0,92.86,226,20340.0
2023-10-19,Clothing,44.89,1,99.17,345,15487.05
2023-10-19,Electronics,298.12,0,105.83,199,59325.88
2023-10-19,Groceries,12.21,0,102.85,520,6349.2
2023-10-19,Home & Kitchen,89.36,0,104.23,283,25288.88
2023-10-20,Clothing,50.09,0,93.51,256,12823.04
2023-10-20,Electronics,300.35,0,101.19,166,49858.1
2023-10-20,Groceries,12.24,0,99.54,571,6989.04
2023-10-20,Home & Kitchen,84.85,0,92.8,238,20194.3
2023-10-21,Clothing,47.11,0,110.5,299,14085.89
2023-10-21,Electronics,302.3,0,96.42,233,70435.9
2023-10-21,Groceries,12.49,0,116.92,628,7843.72
2023-10-21,Home & Kitchen,86.76,0,105.04,239,20735.64
2023-10-22,Clothing,50.07,0,101.52,313,15671.91
2023-10-22,Electronics,299.29,0,104.89,248,74223.92
2023-10-22,Groceries,12.51,0,101.41,528,6605.28
2023-10-22,Home & Kitchen,87.57,0,98.03,285,24957.45
2023-10-23,Clothing,44.33,1,91.89,427,18928.91
2023-10-23,Electronics,292.77,0,95.0,180,52698.6
2023-10-23,Groceries,12.61,0,87.98,482,6078.02
2023-10-23,Home & Kitchen,90.4,0,101.07,227,20520.8
2023-10-24,Clothing,45.24,1,109.05,407,18412.68
2023-10-24,Electronics,297.92,0,100.19,170,50646.4
2023-10-24,Groceries,12.19,1,95.26,654,7972.26
2023-10-24,Home & Kitchen,88.6,0,96.93,256,22681.6
2023-10-25,Clothing,50.79,0,96.07,256,13002.24
2023-10-25,Electronics,299.06,0,102.2,212,63400.72
2023-10-25,Groceries,12.45,0,100.24,506,6299.7
2023-10-25,Home & Kitchen,89.44,0,99.8,254,22717.76
2023-10-26,Clothing,47.48,0,102.99,281,13341.88
2023-10-26,Electronics,295.72,0,105.35,207,61214.04
2023-10-26,Groceries,12.75,0,84.4,515,6566.25
2023-10-26,Home & Kitchen,90.35,0,104.26,252,22768.2
2023-10-27,Clothing,50.02,0,93.79,288,14405.76
2023-10-27,Electronics,289.69,0,101.64,213,61703.97
2023-10-27,Groceries,12.69,0,102.16,527,6687.63
2023-10-27,Home & Kitchen,90.08,0,92.12,227,20448.16
2023-10-28,Clothing,51.18,0,106.78,355,18168.9
2023-10-28,Electronics,305.47,0,104.93,211,64454.17
2023-10-28,Groceries,12.33,0,98.85,517,6374.61
2023-10-28,Home & Kitchen,89.35,0,97.78,242,21622.7
2023-10-29,Clothing,51.12,0,94.15,310,15847.2
2023-10-29,Electronics,305.36,0,103.9,241,73591.76
2023-10-29,Groceries,12.73,0,95.68,609,7752.57
2023-10-29,Home & Kitchen,89.47,0,101.08,257,22993.79
2023-10-30,Clothing,49.04,0,101.98,284,13927.36
2023-10-30,Electronics,265.82,1,90.84,320,85062.4
2023-10-30,Groceries,12.44,0,96.5,543,6754.92
2023-10-30,Home & Kitchen,87.79,0,104.76,214,18787.06
2023-10-31,Clothing,50.9,0,100.56,252,12826.8
2023-10-31,Electronics,300.54,0,99.14,225,67621.5
2023-10-31,Groceries,12.66,0,104.08,594,7520.04
2023-10-31,Home & Kitchen,88.1,0,95.14,232,20439.2
2023-11-01,Clothing,49.21,0,106.34,298,14664.58
2023-11-01,Electronics,270.33,1,101.78,335,90560.55
2023-11-01,Groceries,11.83,0,108.08,600,7098.0
2023-11-01,Home & Kitchen,90.77,0,102.64,282,25597.14
2023-11-02,Clothing,49.1,0,95.12,348,17086.8
2023-11-02,Electronics,302.02,0,117.57,261,78827.22
2023-11-02,Groceries,12.8,0,94.63,604,7731.2
2023-11-02,Home & Kitchen,90.91,0,106.62,283,25727.53
2023-11-03,Clothing,49.55,0,99.28,346,17144.3
2023-11-03,Electronics,268.83,1,98.45,377,101348.91
2023-11-03,Groceries,12.73,0,99.14,569,7243.37
2023-11-03,Home & Kitchen,92.71,0,103.66,284,26329.64
2023-11-04,Clothing,49.19,0,90.91,355,17462.45
2023-11-04,Electronics,269.89,1,104.69,353,95271.17
2023-11-04,Groceries,13.02,0,98.85,629,8189.58
2023-11-04,Home & Kitchen,89.19,0,96.78,293,26132.67
2023-11-05,Clothing,48.55,0,102.23,354,17186.7
2023-11-05,Electronics,262.25,1,94.35,380,99655.0
2023-11-05,Groceries,12.2,0,94.23,629,7673.8
2023-11-05,Home & Kitchen,89.69,0,110.07,290,26010.1
2023-11-06,Clothing,48.51,0,99.09,330,16008.3
2023-11-06,Electronics,296.54,0,101.66,228,67611.12
2023-11-06,Groceries,12.75,0,104.15,582,7420.5
2023-11-06,Home & Kitchen,88.21,0,99.27,262,23111.02
2023-11-07,Clothing,49.46,0,97.6,300,14838.0
2023-11-07,Electronics,308.93,0,102.03,284,87736.12
2023-11-07,Groceries,12.97,0,96.52,657,8521.29
2023-11-07,Home & Kitchen,89.74,0,102.34,290,26024.6
2023-11-08,Clothing,51.91,0,109.02,303,15728.73
2023-11-08,Electronics,310.86,0,94.53,206,64037.16
2023-11-08,Groceries,12.49,0,93.67,649,8106.01
2023-11-08,Home & Kitchen,90.12,0,97.95,313,28207.56
2023-11-09,Clothing,51.01,0,96.21,344,17547.44
2023-11-09,Electronics,300.74,0,92.7,244,73380.56
2023-11-09,Groceries,12.2,0,108.81,524,6392.8
2023-11-09,Home & Kitchen,87.99,0,108.62,254,22349.46
2023-11-10,Clothing,51.89,0,99.64,313,16241.57
2023-11-10,Electronics,306.18,0,102.39,262,80219.16
2023-11-10,Groceries,12.73,0,91.29,561,7141.53
2023-11-10,Home & Kitchen,90.36,0,99.64,276,24939.36
2023-11-11,Clothing,45.95,1,95.34,378,17369.1
2023-11-11,Electronics,306.62,0,110.58,278,85240.36
2023-11-11,Groceries,12.46,0,97.98,609,7588.14
2023-11-11,Home & Kitchen,88.71,0,98.93,315,27943.65
2023-11-12,Clothing,51.02,0,106.63,333,16989.66
2023-11-12,Electronics,292.15,0,99.86,290,84723.5
2023-11-12,Groceries,11.44,1,93.23,697,7973.68
2023-11-12,Home & Kitchen,88.5,0,93.2,272,24072.0
2023-11-13,Clothing,51.36,0,106.2,306,15716.16
2023-11-13,Electronics,302.32,0,100.76,229,69231.28
2023-11-13,Groceries,12.24,0,98.27,618,7564.32
2023-11-13,Home & Kitchen,87.13,0,101.29,273,23786.49
2023-11-14,Clothing,51.17,0,106.15,296,15146.32
2023-11-14,Electronics,294.19,0,103.64,283,83255.77
2023-11-14,Groceries,12.46,0,100.67,582,7251.72
2023-11-14,Home & Kitchen,80.26,1,87.75,358,28733.08
2023-11-15,Clothing,44.26,1,96.82,351,15535.26
2023-11-15,Electronics,310.03,0,104.8,228,70686.84
2023-11-15,Groceries,12.33,0,106.59,650,8014.5
2023-11-15,Home & Kitchen,90.98,0,98.47,265,24109.7
2023-11-16,Clothing,45.25,1,97.96,407,18416.75
2023-11-16,Electronics,306.41,0,102.56,206,63120.46
2023-11-16,Groceries,12.37,0,104.85,562,6951.94
2023-11-16,Home & Kitchen,80.08,1,104.7,362,28988.96
2023-11-17,Clothing,49.54,0,91.92,355,17586.7
2023-11-17,Electronics,308.05,0,102.54,246,75780.3
2023-11-17,Groceries,12.4,0,105.72,565,7006.0
2023-11-17,Home & Kitchen,90.52,0,90.41,327,29600.04
2023-11-18,Clothing,47.99,0,95.38,318,15260.82
2023-11-18,Electronics,306.67,0,100.34,268,82187.56
2023-11-18,Groceries,12.8,0,101.76,575,7360.0
2023-11-18,Home & Kitchen,90.48,0,95.48,289,26148.72
2023-11-19,Clothing,50.64,0,92.23,352,17825.28
2023-11-19,Electronics,295.86,0,96.46,249,73669.14
2023-11-19,Groceries,12.65,0,98.69,632,7994.8
2023-11-19,Home & Kitchen,89.12,0,96.0,308,27448.96
2023-11-20,Clothing,51.25,0,107.05,317,16246.25
2023-11-20,Electronics,297.23,0,100.55,221,65687.83
2023-11-20,Groceries,12.26,0,95.74,586,7184.36
2023-11-20,Home & Kitchen,82.26,1,102.35,365,30024.9
2023-11-21,Clothing,49.17,0,100.08,278,13669.26
2023-11-21,Electronics,270.93,1,100.17,254,68816.22
2023-11-21,Groceries,11.61,1,102.67,620,7198.2
2023-11-21,Home & Kitchen,88.78,0,102.57,297,26367.66
2023-11-22,Clothing,49.29,0,97.49,308,15181.32
2023-11-22,Electronics,295.64,0,106.18,243,71840.52
2023-11-22,Groceries,12.79,0,90.14,520,6650.8
2023-11-22,Home & Kitchen,91.2,0,101.25,241,21979.2
2023-11-23,Clothing,50.37,0,106.15,293,14758.41
2023-11-23,Electronics,306.86,0,99.36,234,71805.24
2023-11-23,Groceries,12.5,0,99.31,557,6962.5
2023-11-23,Home & Kitchen,89.45,0,98.62,300,26835.0
2023-11-24,Clothing,48.22,0,104.05,412,19866.64
2023-11-24,Electronics,308.69,0,110.43,310,95693.9
2023-11-24,Groceries,12.45,0,106.6,674,8391.3
2023-11-24,Home & Kitchen,91.19,0,99.78,343,31278.17
2023-11-25,Clothing,49.17,0,98.57,376,18487.92
2023-11-25,Electronics,268.99,1,95.03,407,109478.93
2023-11-25,Groceries,12.92,0,96.86,643,8307.56
2023-11-25,Home & Kitchen,88.78,0,99.3,325,28853.5
2023-11-26,Clothing,49.67,0,100.13,356,17682.52
2023-11-26,Electronics,309.04,0,103.64,320,98892.8
2023-11-26,Groceries,12.82,0,101.95,642,8230.44
2023-11-26,Home & Kitchen,88.93,0,100.44,291,25878.63
2023-11-27,Clothing,50.84,0,105.41,293,14896.12
2023-11-27,Electronics,255.45,1,95.84,349,89152.05
2023-11-27,Groceries,12.25,0,95.4,547,6700.75
2023-11-27,Home & Kitchen,91.47,0,103.34,271,24788.37
2023-11-28,Clothing,50.13,0,107.47,270,13535.1
2023-11-28,Electronics,301.41,0,100.38,267,80476.47
2023-11-28,Groceries,11.83,0,105.49,577,6825.91
2023-11-28,Home & Kitchen,81.88,1,95.51,331,27102.28
2023-11-29,Clothing,46.33,1,98.73,392,18161.36
2023-11-29,Electronics,294.07,0,98.43,236,69400.52
2023-11-29,Groceries,12.61,0,93.66,629,7931.69
2023-11-29,Home & Kitchen,80.9,1,97.83,367,29690.3
2023-11-30,Clothing,50.14,0,103.46,287,14390.18
2023-11-30,Electronics,292.36,0,94.37,260,76013.6
2023-11-30,Groceries,12.62,0,99.5,594,7496.28
2023-11-30,Home & Kitchen,89.13,0,98.34,215,19162.95
2023-12-01,Clothing,49.33,0,106.72,283,13960.39
2023-12-01,Electronics,266.9,1,86.47,369,98486.1
2023-12-01,Groceries,12.91,0,105.71,523,6751.93
2023-12-01,Home & Kitchen,89.98,0,95.94,281,25284.38
2023-12-02,Clothing,44.98,1,102.76,463,20825.74
2023-12-02,Electronics,302.14,0,97.56,277,83692.78
2023-12-02,Groceries,12.93,0,91.52,596,7706.28
2023-12-02,Home & Kitchen,89.62,0,93.17,280,25093.6
2023-12-03,Clothing,49.19,0,98.33,427,21004.13
2023-12-03,Electronics,277.79,1,103.67,367,101948.93
2023-12-03,Groceries,11.6,1,89.84,679,7876.4
2023-12-03,Home & Kitchen,92.56,0,106.98,294,27212.64
2023-12-04,Clothing,49.19,0,92.97,328,16134.32
2023-12-04,Electronics,304.45,0,108.95,210,63934.5
2023-12-04,Groceries,11.28,1,103.08,739,8335.92
2023-12-04,Home & Kitchen,93.27,0,102.55,270,25182.9
2023-12-05,Clothing,48.78,0,92.51,258,12585.24
2023-12-05,Electronics,293.11,0,96.59,234,68587.74
2023-12-05,Groceries,12.82,0,114.68,589,7550.98
2023-12-05,Home & Kitchen,89.74,0,105.71,219,19653.06
2023-12-06,Clothing,50.45,0,107.94,347,17506.15
2023-12-06,Electronics,299.83,0,100.34,218,65362.94
2023-12-06,Groceries,12.5,0,104.59,539,6737.5
2023-12-06,Home & Kitchen,78.91,1,108.29,273,21542.43
2023-12-07,Clothing,45.56,1,107.8,447,20365.32
2023-12-07,Electronics,305.53,0,101.25,218,66605.54
2023-12-07,Groceries,12.57,0,94.93,604,7592.28
2023-12-07,Home & Kitchen,89.69,0,99.59,243,21794.67
2023-12-08,Clothing,48.75,0,107.51,291,14186.25
2023-12-08,Electronics,268.6,1,99.07,368,98844.8
2023-12-08,Groceries,12.57,0,98.35,524,6586.68
2023-12-08,Home & Kitchen,90.49,0,99.57,304,27508.96
2023-12-09,Clothing,48.39,0,99.0,355,17178.45
2023-12-09,Electronics,295.71,0,111.04,243,71857.53
2023-12-09,Groceries,12.25,0,98.08,600,7350.0
2023-12-09,Home & Kitchen,79.79,1,95.09,324,25851.96
2023-12-10,Clothing,50.16,0,116.15,374,18759.84
2023-12-10,Electronics,302.01,0,91.33,291,87884.91
2023-12-10,Groceries,12.3,0,92.74,645,7933.5
2023-12-10,Home & Kitchen,91.49,0,101.47,286,26166.14
2023-12-11,Clothing,50.69,0,104.58,213,10796.97
2023-12-11,Electronics,285.04,0,107.52,243,69264.72
2023-12-11,Groceries,11.33,1,97.56,737,8350.21
2023-12-11,Home & Kitchen,89.19,0,98.0,289,25775.91
2023-12-12,Clothing,47.42,0,100.02,260,12329.2
2023-12-12,Electronics,303.22,0,101.82,256,77624.32
2023-12-12,Groceries,12.92,0,88.04,606,7829.52
2023-12-12,Home & Kitchen,88.26,0,98.37,258,22771.08
2023-12-13,Clothing,48.74,0,102.54,310,15109.4
2023-12-13,Electronics,299.56,0,104.8,196,58713.76
2023-12-13,Groceries,12.82,0,91.05,587,7525.34
2023-12-13,Home & Kitchen,87.71,0,95.67,256,22453.76
2023-12-14,Clothing,44.26,1,95.82,306,13543.56
2023-12-14,Electronics,306.57,0,102.36,246,75416.22
2023-12-14,Groceries,12.77,0,104.02,590,7534.3
2023-12-14,Home & Kitchen,90.75,0,94.43,263,23867.25
2023-12-15,Clothing,49.81,0,95.24,331,16487.11
2023-12-15,Electronics,277.79,1,102.67,375,104171.25
2023-12-15,Groceries,13.11,0,102.97,602,7892.22
2023-12-15,Home & Kitchen,90.45,0,91.11,284,25687.8
2023-12-16,Clothing,48.08,0,98.22,323,15529.84
2023-12-16,Electronics,307.95,0,98.96,236,72676.2
2023-12-16,Groceries,12.56,0,111.91,636,7988.16
2023-12-16,Home & Kitchen,90.17,0,91.97,310,27952.7
2023-12-17,Clothing,50.47,0,95.13,381,19229.07
2023-12-17,Electronics,304.0,0,95.17,217,65968.0
2023-12-17,Groceries,11.42,1,98.14,709,8096.78
2023-12-17,Home & Kitchen,91.19,0,92.47,261,23800.59
2023-12-18,Clothing,49.58,0,99.55,249,12345.42
2023-12-18,Electronics,255.78,1,101.53,371,94894.38
2023-12-18,Groceries,12.54,0,110.65,560,7022.4
2023-12-18,Home & Kitchen,89.65,0,100.54,278,24922.7
2023-12-19,Clothing,49.75,0,103.24,342,17014.5
2023-12-19,Electronics,293.35,0,95.9,273,80084.55
2023-12-19,Groceries,12.63,0,95.08,583,7363.29
2023-12-19,Home & Kitchen,90.03,0,101.25,239,21517.17
2023-12-20,Clothing,50.62,0,102.14,350,17717.0
2023-12-20,Electronics,293.05,0,100.78,258,75606.9
2023-12-20,Groceries,12.34,0,101.69,589,7268.26
2023-12-20,Home & Kitchen,92.0,0,98.16,289,26588.0
2023-12-21,Clothing,49.51,0,98.85,306,15150.06
2023-12-21,Electronics,304.65,0,94.81,253,77076.45
2023-12-21,Groceries,10.89,1,104.25,762,8298.18
2023-12-21,Home & Kitchen,88.18,0,105.71,261,23014.98
2023-12-22,Clothing,49.09,0,102.85,342,16788.78
2023-12-22,Electronics,272.97,1,105.55,360,98269.2
2023-12-22,Groceries,12.35,0,97.33,604,7459.4
2023-12-22,Home & Kitchen,90.55,0,111.45,272,24629.6
2023-12-23,Clothing,49.85,0,100.07,393,19591.05
2023-12-23,Electronics,297.47,0,104.47,280,83291.6
2023-12-23,Groceries,12.5,0,102.61,566,7075.0
2023-12-23,Home & Kitchen,88.37,0,104.17,261,23064.57
2023-12-24,Clothing,50.38,0,99.12,311,15668.18
2023-12-24,Electronics,273.29,1,98.53,374,102210.46
2023-12-24,Groceries,12.64,0,109.85,687,8683.68
2023-12-24,Home & Kitchen,78.87,1,99.65,358,28235.46
2023-12-25,Clothing,50.22,0,98.08,262,13157.64
2023-12-25,Electronics,288.59,0,97.66,276,79650.84
2023-12-25,Groceries,12.25,0,102.07,637,7803.25
2023-12-25,Home & Kitchen,79.87,1,98.17,313,24999.31
2023-12-26,Clothing,48.47,0,102.28,314,15219.58
2023-12-26,Electronics,302.22,0,96.23,236,71323.92
2023-12-26,Groceries,12.8,0,98.03,529,6771.2
2023-12-26,Home & Kitchen,91.53,0,102.8,260,23797.8
2023-12-27,Clothing,50.63,0,96.4,369,18682.47
2023-12-27,Electronics,291.67,0,100.19,256,74667.52
2023-12-27,Groceries,12.84,0,96.99,591,7588.44
2023-12-27,Home & Kitchen,87.43,0,97.89,319,27890.17
2023-12-28,Clothing,48.77,0,100.89,221,10778.17
2023-12-28,Electronics,300.36,0,102.76,269,80796.84
2023-12-28,Groceries,12.08,0,106.85,664,8021.12
2023-12-28,Home & Kitchen,91.7,0,105.43,238,21824.6
2023-12-29,Clothing,50.46,0,100.89,302,15238.92
2023-12-29,Electronics,269.43,1,99.72,318,85678.74
2023-12-29,Groceries,12.77,0,99.5,639,8160.03
2023-12-29,Home & Kitchen,89.69,0,105.99,242,21704.98
2023-12-30,Clothing,46.72,1,105.2,352,16445.44
2023-12-30,Electronics,295.82,0,99.83,295,87266.9
2023-12-30,Groceries,11.03,1,101.93,644,7103.32
2023-12-30,Home & Kitchen,88.88,0,100.4,294,26130.72
2023-12-31,Clothing,48.55,0,104.39,313,15196.15
2023-12-31,Electronics,263.21,1,98.75,342,90017.82
2023-12-31,Groceries,12.61,0,102.52,592,7465.12
2023-12-31,Home & Kitchen,91.23,0,104.7,273,24905.79
