Date,Units_Sold,Revenue,Is_Promotion,Price,Competitor_Price_Index,Year,Month,Day,DayOfWeek,Quarter,DayOfYear,Is_Weekend,Is_Month_Start,Is_Month_End,Month_Sin,Month_Cos,DayOfWeek_Sin,DayOfWeek_Cos,Units_Sold_Lag_1,Units_Sold_Lag_7,Units_Sold_Lag_14,Units_Sold_Lag_30,Units_Sold_Rolling_Mean_7,Units_Sold_Rolling_Std_7,Units_Sold_Rolling_Max_7,Units_Sold_Rolling_Min_7,Units_Sold_Rolling_Mean_14,Units_Sold_Rolling_Std_14,Units_Sold_Rolling_Max_14,Units_Sold_Rolling_Min_14,Units_Sold_Rolling_Mean_30,Units_Sold_Rolling_Std_30,Units_Sold_Rolling_Max_30,Units_Sold_Rolling_Min_30,Units_Sold_Expanding_Mean
2021-01-31,1026,73946.95999999999,0,113.88000000000001,99.77250000000001,2021,1,31,6,1,31,1,0,1,0.49999999999999994,0.8660254037844387,-0.7818314824680299,0.6234898018587334,1069.0,1192.0,1024.0,898.0,1042.857142857143,90.25044519082917,1192.0,943.0,1048.0,83.91020841901825,1232.0,943.0,1042.8666666666666,74.08975606669918,1232.0,898.0,1042.8666666666666
2021-02-01,1082,69631.15,1,101.55,101.86500000000001,2021,2,1,0,1,32,0,1,0,0.8660254037844386,0.5000000000000001,0.0,1.0,1026.0,988.0,976.0,1029.0,1019.1428571428571,61.880068334988614,1110.0,943.0,1048.142857142857,83.86789717063483,1232.0,943.0,1047.1333333333334,68.96812523804438,1232.0,934.0,1042.3225806451612
2021-02-02,1025,72602.27,0,115.4375,98.35249999999999,2021,2,2,1,1,33,0,0,0,0.8660254037844386,0.5000000000000001,0.7818314824680298,0.6234898018587336,1082.0,1047.0,1017.0,1054.0,1032.5714285714287,64.15309070979397,1110.0,943.0,1055.7142857142858,81.60828443186445,1232.0,943.0,1048.9,69.16614180662235,1232.0,934.0,1043.5625
2021-02-03,885,52382.32,0,112.30250000000001,99.4525,2021,2,3,2,1,34,0,0,0,0.8660254037844386,0.5000000000000001,0.9749279121818236,-0.22252093395631434,1025.0,1110.0,1061.0,994.0,1029.4285714285713,63.86667660801199,1110.0,943.0,1056.2857142857142,81.34393133378278,1232.0,943.0,1047.9333333333334,69.29493852906666,1232.0,934.0,1043.0
2021-02-04,1003,66726.76,1,111.0125,98.345,2021,2,4,3,1,35,0,0,0,0.8660254037844386,0.5000000000000001,0.43388373911755823,-0.900968867902419,885.0,943.0,1055.0,1001.0,997.2857142857143,72.58262943182821,1082.0,885.0,1043.7142857142858,93.28321521987891,1232.0,885.0,1044.3,74.85487107822661,1232.0,885.0,1038.3529411764705
2021-02-05,1006,79054.68,0,113.7975,102.4,2021,2,5,4,1,36,0,0,0,0.8660254037844386,0.5000000000000001,-0.433883739117558,-0.9009688679024191,1003.0,951.0,1007.0,969.0,1005.8571428571429,68.5332731146669,1082.0,885.0,1040.0,93.83291205443534,1232.0,885.0,1044.3666666666666,74.81585823659418,1232.0,885.0,1037.3428571428572
2021-02-06,1084,87558.47,0,112.94749999999999,97.795,2021,2,6,5,1,37,1,0,0,0.8660254037844386,0.5000000000000001,-0.9749279121818236,-0.2225209339563146,1006.0,1069.0,1232.0,1026.0,1013.7142857142857,64.21244501837707,1082.0,885.0,1039.9285714285713,93.86034165857137,1232.0,885.0,1045.6,73.82906632541655,1232.0,885.0,1036.4722222222222
2021-02-07,1243,90377.16,1,113.9975,100.56,2021,2,7,6,1,38,1,0,0,0.8660254037844386,0.5000000000000001,-0.7818314824680299,0.6234898018587334,1084.0,1026.0,1192.0,1076.0,1015.8571428571429,66.5718373173636,1084.0,885.0,1029.357142857143,77.46622801916013,1192.0,885.0,1047.5333333333333,74.05716959090518,1232.0,885.0,1037.7567567567567
2021-02-08,1030,72306.68,0,113.80250000000001,103.6075,2021,2,8,0,1,39,0,0,0,0.8660254037844386,0.5000000000000001,0.0,1.0,1243.0,1082.0,988.0,1128.0,1046.857142857143,109.05263036935968,1243.0,885.0,1033.0,86.38821144648787,1243.0,885.0,1053.1,82.1094097677836,1243.0,885.0,1043.157894736842
2021-02-09,1007,74963.73,0,112.725,100.005,2021,2,9,1,1,40,0,0,0,0.8660254037844386,0.5000000000000001,0.7818314824680298,0.6234898018587336,1030.0,1025.0,1047.0,1125.0,1039.4285714285713,108.02601097707462,1243.0,885.0,1036.0,85.42923297182213,1243.0,885.0,1049.8333333333333,80.96831365473751,1243.0,885.0,1042.820512820513
2021-02-10,1082,75124.55,0,114.1575,99.3875,2021,2,10,2,1,41,0,0,0,0.8660254037844386,0.5000000000000001,0.9749279121818236,-0.22252093395631434,1007.0,885.0,1110.0,1093.0,1036.857142857143,108.63920190463564,1243.0,885.0,1033.142857142857,85.70150087803172,1243.0,885.0,1045.9,80.05185819204945,1243.0,885.0,1041.925
2021-02-11,1068,73350.36,0,109.4375,98.7925,2021,2,11,3,1,42,0,0,0,0.8660254037844386,0.5000000000000001,0.43388373911755823,-0.900968867902419,1082.0,1003.0,943.0,1115.0,1065.0,85.8758794229594,1243.0,1003.0,1031.142857142857,84.0813316359247,1243.0,885.0,1045.5333333333333,79.8536304675659,1243.0,885.0,1042.9024390243903
2021-02-12,1041,67270.75,1,114.25,97.74000000000001,2021,2,12,4,1,43,0,0,0,0.8660254037844386,0.5000000000000001,-0.433883739117558,-0.9009688679024191,1068.0,1006.0,951.0,1079.0,1074.2857142857142,81.45492472468902,1243.0,1006.0,1040.0714285714287,80.56479884656092,1243.0,885.0,1043.9666666666667,78.89909895614744,1243.0,885.0,1043.5
2021-02-13,1077,66821.05,0,108.99999999999999,98.34,2021,2,13,5,1,44,1,0,0,0.8660254037844386,0.5000000000000001,-0.9749279121818236,-0.2225209339563146,1041.0,1084.0,1069.0,1039.0,1079.2857142857142,77.54507137941192,1243.0,1007.0,1046.5,76.39346528638129,1243.0,885.0,1042.7,78.62181411779054,1243.0,885.0,1043.4418604651162
2021-02-14,1277,96675.70000000001,1,103.36,100.28999999999999,2021,2,14,6,1,45,1,0,0,0.8660254037844386,0.5000000000000001,-0.7818314824680299,0.6234898018587334,1077.0,1243.0,1026.0,934.0,1078.2857142857142,77.51927563669626,1243.0,1007.0,1047.0714285714287,76.60434240123257,1243.0,885.0,1043.9666666666667,78.86587625064216,1243.0,885.0,1044.2045454545455
2021-02-15,934,65447.55,0,114.995,97.77000000000001,2021,2,15,0,1,46,0,0,0,0.8660254037844386,0.5000000000000001,0.0,1.0,1277.0,1030.0,1082.0,1054.0,1083.142857142857,89.67241971276816,1277.0,1007.0,1065.0,97.74771293802924,1277.0,885.0,1055.4,86.83420587732023,1277.0,885.0,1049.3777777777777
2021-02-16,913,67044.2,1,111.96000000000001,102.245,2021,2,16,1,1,47,0,0,0,0.8660254037844386,0.5000000000000001,0.7818314824680298,0.6234898018587336,934.0,1007.0,1025.0,1024.0,1069.4285714285713,105.15838394671967,1277.0,934.0,1054.4285714285713,103.5958970717947,1277.0,885.0,1051.4,89.62011781537325,1277.0,885.0,1046.8695652173913
2021-02-17,1098,74502.84,1,112.7625,102.9175,2021,2,17,2,1,48,0,0,0,0.8660254037844386,0.5000000000000001,0.9749279121818236,-0.22252093395631434,913.0,1082.0,885.0,976.0,1056.0,119.48500603283519,1277.0,913.0,1046.4285714285713,110.1598239522323,1277.0,885.0,1047.7,93.01729538843466,1277.0,885.0,1044.0212765957447
2021-02-18,1024,62506.31,0,112.69,100.63,2021,2,18,3,1,49,0,0,0,0.8660254037844386,0.5000000000000001,0.43388373911755823,-0.900968867902419,1098.0,1068.0,1003.0,1017.0,1058.2857142857142,120.21607530569592,1277.0,913.0,1061.642857142857,100.42877854698595,1277.0,913.0,1051.7666666666667,92.43961060711692,1277.0,885.0,1045.1458333333333
2021-02-19,1196,82471.21,1,103.6125,100.1025,2021,2,19,4,1,50,0,0,0,0.8660254037844386,0.5000000000000001,-0.433883739117558,-0.9009688679024191,1024.0,1041.0,1006.0,1061.0,1052.0,120.77251342917391,1277.0,913.0,1063.142857142857,99.63923936872465,1277.0,913.0,1052.0,92.35762575165496,1277.0,885.0,1044.7142857142858
2021-02-20,1188,75587.24,1,113.6275,102.1725,2021,2,20,5,1,51,1,0,0,0.8660254037844386,0.5000000000000001,-0.9749279121818236,-0.2225209339563146,1196.0,1077.0,1084.0,1055.0,1074.142857142857,132.09772717124812,1277.0,913.0,1076.7142857142858,104.09716509213762,1277.0,913.0,1056.5,96.02720519691825,1277.0,885.0,1047.74
2021-02-21,1203,92064.79999999999,1,111.54749999999999,100.78,2021,2,21,6,1,52,1,0,0,0.8660254037844386,0.5000000000000001,-0.7818314824680299,0.6234898018587334,1188.0,1277.0,1243.0,1007.0,1090.0,138.98081402361495,1277.0,913.0,1084.142857142857,108.28371362934783,1277.0,913.0,1060.9333333333334,98.98029526413188,1277.0,885.0,1050.4901960784314
2021-02-22,1031,77795.85,1,113.20250000000001,100.6825,2021,2,22,0,1,53,0,0,0,0.8660254037844386,0.5000000000000001,0.0,1.0,1203.0,934.0,1030.0,1232.0,1079.4285714285713,124.43988795513158,1203.0,913.0,1081.2857142857142,104.22123552360098,1277.0,913.0,1067.4666666666667,101.7280801885625,1277.0,885.0,1053.423076923077
2021-02-23,1028,71050.91,0,111.5775,96.33,2021,2,23,1,1,54,0,0,0,0.8660254037844386,0.5000000000000001,0.7818314824680298,0.6234898018587336,1031.0,913.0,1007.0,1192.0,1093.2857142857142,110.1237399257675,1203.0,913.0,1081.357142857143,104.18371875080686,1277.0,913.0,1060.7666666666667,97.02850037518608,1277.0,885.0,1053.0
2021-02-24,1066,73700.70999999999,1,103.72250000000001,103.35,2021,2,24,2,1,55,0,0,0,0.8660254037844386,0.5000000000000001,0.9749279121818236,-0.22252093395631434,1028.0,1098.0,1082.0,988.0,1109.7142857142858,84.29455159481782,1203.0,1024.0,1082.857142857143,103.17711220768129,1277.0,913.0,1055.3,93.95088592193927,1277.0,885.0,1052.537037037037
2021-02-25,994,73439.70000000001,0,113.21249999999999,100.035,2021,2,25,3,1,56,0,0,0,0.8660254037844386,0.5000000000000001,0.43388373911755823,-0.900968867902419,1066.0,1024.0,1068.0,1047.0,1105.142857142857,85.88835499536302,1203.0,1024.0,1081.7142857142858,103.27590274556819,1277.0,913.0,1057.9,93.09963146710278,1277.0,885.0,1052.7818181818182
2021-02-26,1040,90500.12,1,106.155,101.9975,2021,2,26,4,1,57,0,0,0,0.8660254037844386,0.5000000000000001,-0.433883739117558,-0.9009688679024191,994.0,1196.0,1041.0,1110.0,1100.857142857143,91.19654337643229,1203.0,994.0,1076.4285714285713,105.8923359511291,1277.0,913.0,1056.1333333333334,93.81373082845619,1277.0,885.0,1051.732142857143
2021-02-27,1244,97477.68000000001,0,112.3725,96.9075,2021,2,27,5,1,58,1,0,0,0.8660254037844386,0.5000000000000001,-0.9749279121818236,-0.2225209339563146,1040.0,1188.0,1077.0,943.0,1078.5714285714287,82.74027061203233,1203.0,994.0,1076.357142857143,105.91840629092172,1277.0,913.0,1053.8,93.29685658303748,1277.0,885.0,1051.5263157894738
2021-02-28,1110,81569.06,0,115.4875,101.4975,2021,2,28,6,1,59,1,0,1,0.8660254037844386,0.5000000000000001,-0.7818314824680299,0.6234898018587334,1244.0,1203.0,1277.0,951.0,1086.5714285714287,96.62618199856088,1244.0,994.0,1088.2857142857142,115.00998523300778,1277.0,913.0,1063.8333333333333,97.07873922335116,1277.0,885.0,1054.844827586207
2021-03-01,1224,90668.87,1,108.0475,103.23,2021,3,1,0,1,60,0,1,0,1.0,6.123233995736766e-17,0.0,1.0,1110.0,1031.0,934.0,1069.0,1073.2857142857142,83.44402172657259,1244.0,994.0,1076.357142857143,101.8374323977319,1244.0,913.0,1069.1333333333334,95.02476386251357,1277.0,885.0,1055.7796610169491
2021-03-02,1065,79870.08,1,106.145,99.08250000000001,2021,3,2,1,1,61,0,0,0,1.0,6.123233995736766e-17,0.7818314824680298,0.6234898018587336,1224.0,1028.0,913.0,1026.0,1100.857142857143,97.79473157491401,1244.0,994.0,1097.0714285714287,100.13334516127371,1244.0,913.0,1074.3,99.14188717743617,1277.0,885.0,1058.5833333333333
2021-03-03,1117,88266.29000000001,0,114.30250000000001,100.655,2021,3,3,2,1,62,0,0,0,1.0,6.123233995736766e-17,0.9749279121818236,-0.22252093395631434,1065.0,1066.0,1098.0,1082.0,1106.142857142857,94.13187304951221,1244.0,994.0,1107.9285714285713,85.86345536392606,1244.0,994.0,1075.6,98.74159938078732,1277.0,885.0,1058.688524590164
2021-03-04,1139,82838.57,0,112.9325,99.78,2021,3,4,3,1,63,0,0,0,1.0,6.123233995736766e-17,0.43388373911755823,-0.900968867902419,1117.0,994.0,1024.0,1025.0,1113.4285714285713,92.46595254985665,1244.0,994.0,1109.2857142857142,85.84460788713908,1244.0,994.0,1076.7666666666667,99.02618369639066,1277.0,885.0,1059.6290322580646
2021-03-05,1121,63256.2,1,112.98,98.9425,2021,3,5,4,1,64,0,0,0,1.0,6.123233995736766e-17,-0.433883739117558,-0.9009688679024191,1139.0,1040.0,1196.0,885.0,1134.142857142857,76.03382705837463,1244.0,1040.0,1117.5,82.4926570158727,1244.0,994.0,1080.5666666666666,99.1584184727804,1277.0,885.0,1060.888888888889
2021-03-06,1025,79886.14,0,111.9225,100.1675,2021,3,6,5,1,65,1,0,0,1.0,6.123233995736766e-17,-0.9749279121818236,-0.2225209339563146,1121.0,1244.0,1188.0,1003.0,1145.7142857142858,64.62639885195054,1244.0,1065.0,1112.142857142857,79.37918458295538,1244.0,994.0,1088.4333333333334,92.22748611667978,1277.0,913.0,1061.828125
2021-03-07,1300,86902.41,1,113.33500000000001,103.7975,2021,3,7,6,1,66,1,0,0,1.0,6.123233995736766e-17,-0.7818314824680299,0.6234898018587334,1025.0,1110.0,1203.0,1006.0,1114.4285714285713,62.07483962351947,1224.0,1025.0,1100.5,79.35097304429789,1244.0,994.0,1089.1666666666667,91.61014976644209,1277.0,913.0,1061.2615384615385
2021-03-08,1205,90006.79000000001,1,107.91,101.9125,2021,3,8,0,1,67,0,0,0,1.0,6.123233995736766e-17,0.0,1.0,1300.0,1224.0,1031.0,1084.0,1141.5714285714287,93.43421418812463,1300.0,1025.0,1107.4285714285713,92.18602787984572,1300.0,994.0,1098.9666666666667,97.91498188817178,1300.0,913.0,1064.878787878788
2021-03-09,960,73132.36,1,112.805,98.8925,2021,3,9,1,1,68,0,0,0,1.0,6.123233995736766e-17,0.7818314824680298,0.6234898018587336,1205.0,1065.0,1028.0,1243.0,1138.857142857143,90.88166036377282,1300.0,1025.0,1119.857142857143,92.8164915244109,1300.0,994.0,1103.0,99.75210653725959,1300.0,913.0,1066.9701492537313
2021-03-10,1051,68323.77,0,116.36000000000001,99.29,2021,3,10,2,1,69,0,0,0,1.0,6.123233995736766e-17,0.9749279121818236,-0.22252093395631434,960.0,1117.0,1066.0,1030.0,1123.857142857143,111.44270362152987,1300.0,960.0,1115.0,99.52966314699248,1300.0,960.0,1093.5666666666666,99.43692623392305,1300.0,913.0,1065.3970588235295
2021-03-11,960,68312.33,0,112.42999999999999,95.97999999999999,2021,3,11,3,1,70,0,0,0,1.0,6.123233995736766e-17,0.43388373911755823,-0.900968867902419,1051.0,1139.0,994.0,1007.0,1114.4285714285713,114.85912696698945,1300.0,960.0,1113.9285714285713,100.17635548272928,1300.0,960.0,1094.2666666666667,99.04716164476969,1300.0,913.0,1065.1884057971015
2021-03-12,1111,87503.15,1,112.0925,99.4125,2021,3,12,4,1,71,0,0,0,1.0,6.123233995736766e-17,-0.433883739117558,-0.9009688679024191,960.0,1121.0,1040.0,1082.0,1088.857142857143,127.68637172309923,1300.0,960.0,1111.5,103.65901942277989,1300.0,960.0,1092.7,100.83073901858778,1300.0,913.0,1063.6857142857143
2021-03-13,1184,97946.99,1,102.72749999999999,98.2775,2021,3,13,5,1,72,1,0,0,1.0,6.123233995736766e-17,-0.9749279121818236,-0.2225209339563146,1111.0,1025.0,1244.0,1068.0,1087.4285714285713,127.32223835981023,1300.0,960.0,1116.5714285714287,101.6083841829191,1300.0,960.0,1093.6666666666667,100.86362706331701,1300.0,913.0,1064.3521126760563
2021-03-14,1231,98714.36,0,112.9825,100.4875,2021,3,14,6,1,73,1,0,0,1.0,6.123233995736766e-17,-0.7818314824680299,0.6234898018587334,1184.0,1300.0,1110.0,1041.0,1110.142857142857,128.50606804275617,1300.0,960.0,1112.2857142857142,96.98011578227161,1300.0,960.0,1097.5333333333333,102.06209514000729,1300.0,913.0,1066.013888888889
2021-03-15,1038,72798.3,0,116.175,99.8775,2021,3,15,0,1,74,0,0,0,1.0,6.123233995736766e-17,0.0,1.0,1231.0,1205.0,1224.0,1077.0,1100.2857142857142,113.25739752986578,1231.0,960.0,1120.9285714285713,102.02146402046513,1300.0,960.0,1103.8666666666666,104.30351378791532,1300.0,913.0,1068.2739726027398
2021-03-16,1085,87312.40000000001,1,112.3875,100.9175,2021,3,16,1,1,75,0,0,0,1.0,6.123233995736766e-17,0.7818314824680298,0.6234898018587336,1038.0,960.0,1065.0,1277.0,1076.4285714285713,104.79640124682557,1231.0,960.0,1107.642857142857,99.64985402193703,1300.0,960.0,1102.5666666666666,104.89130115253293,1300.0,913.0,1067.8648648648648
2021-03-17,1069,89711.63,0,112.77250000000001,99.64750000000001,2021,3,17,2,1,76,0,0,0,1.0,6.123233995736766e-17,0.9749279121818236,-0.22252093395631434,1085.0,1051.0,1117.0,934.0,1094.2857142857142,91.4507413596962,1231.0,960.0,1109.0714285714287,99.13352633673432,1300.0,960.0,1096.1666666666667,99.60545731252311,1300.0,913.0,1068.0933333333332
2021-03-18,1043,74342.11,0,114.1425,99.48,2021,3,18,3,1,77,0,0,0,1.0,6.123233995736766e-17,0.43388373911755823,-0.900968867902419,1069.0,960.0,1139.0,913.0,1096.857142857143,90.27629547012593,1231.0,960.0,1105.642857142857,99.6668351156892,1300.0,960.0,1100.6666666666667,94.96799218805236,1300.0,913.0,1068.1052631578948
2021-03-19,1050,73768.72,0,110.76500000000001,99.15,2021,3,19,4,1,78,0,0,0,1.0,6.123233995736766e-17,-0.433883739117558,-0.9009688679024191,1043.0,1111.0,1121.0,1098.0,1108.7142857142858,73.12709093469658,1231.0,1038.0,1098.7857142857142,100.49430031401957,1300.0,960.0,1105.0,88.88039231422829,1300.0,960.0,1067.7792207792209
2021-03-20,1243,91459.89,0,113.25750000000001,100.79,2021,3,20,5,1,79,1,0,0,1.0,6.123233995736766e-17,-0.9749279121818236,-0.2225209339563146,1050.0,1184.0,1025.0,1024.0,1100.0,76.37189710008927,1231.0,1038.0,1093.7142857142858,101.07683944666766,1300.0,960.0,1103.4,89.44102275647474,1300.0,960.0,1067.551282051282
2021-03-21,1196,108657.41,0,112.165,100.6175,2021,3,21,6,1,80,1,0,0,1.0,6.123233995736766e-17,-0.7818314824680299,0.6234898018587334,1243.0,1231.0,1300.0,1196.0,1108.4285714285713,89.34177287782204,1243.0,1038.0,1109.2857142857142,106.33215634288352,1300.0,960.0,1110.7,91.64705537343137,1300.0,960.0,1069.7721518987341
2021-03-22,1024,67908.87,0,112.1625,96.5025,2021,3,22,0,1,81,0,0,0,1.0,6.123233995736766e-17,0.0,1.0,1196.0,1038.0,1205.0,1188.0,1103.4285714285713,82.01800034719416,1243.0,1038.0,1101.857142857143,95.01405332723304,1243.0,960.0,1110.7,91.64705537343137,1300.0,960.0,1071.35
2021-03-23,987,71139.87,0,116.61999999999999,99.9425,2021,3,23,1,1,82,0,0,0,1.0,6.123233995736766e-17,0.7818314824680298,0.6234898018587336,1024.0,1085.0,960.0,1203.0,1101.4285714285713,84.02550633162333,1243.0,1024.0,1088.9285714285713,92.17163278422404,1243.0,960.0,1105.2333333333333,91.76833024950223,1300.0,960.0,1070.7654320987654
2021-03-24,1051,76847.34,0,111.92999999999999,99.3975,2021,3,24,2,1,83,0,0,0,1.0,6.123233995736766e-17,0.9749279121818236,-0.22252093395631434,987.0,1069.0,1051.0,1031.0,1087.4285714285713,94.70455311626966,1243.0,987.0,1090.857142857143,89.51051261238437,1243.0,960.0,1098.0333333333333,92.305147363975,1300.0,960.0,1069.7439024390244
2021-03-25,1149,84765.13,1,103.78999999999999,101.1,2021,3,25,3,1,84,0,0,0,1.0,6.123233995736766e-17,0.43388373911755823,-0.900968867902419,1051.0,1043.0,960.0,1028.0,1084.857142857143,95.52910302001945,1243.0,987.0,1090.857142857143,89.51051261238437,1243.0,960.0,1098.7,91.87553424662919,1300.0,960.0,1069.5180722891566
2021-03-26,1028,76703.25,0,114.14999999999998,100.725,2021,3,26,4,1,85,0,0,0,1.0,6.123233995736766e-17,-0.433883739117558,-0.9009688679024191,1149.0,1050.0,1111.0,1066.0,1100.0,96.18731725128815,1243.0,987.0,1104.357142857143,82.21136655723919,1243.0,987.0,1102.7333333333333,91.31904410413003,1300.0,960.0,1070.4642857142858
2021-03-27,1141,70968.79000000001,1,111.7775,99.095,2021,3,27,5,1,86,1,0,0,1.0,6.123233995736766e-17,-0.9749279121818236,-0.2225209339563146,1028.0,1243.0,1184.0,994.0,1096.857142857143,98.42667079511263,1243.0,987.0,1098.4285714285713,84.65197011266778,1243.0,987.0,1101.4666666666667,92.10628543205965,1300.0,960.0,1069.964705882353
2021-03-28,1382,88539.38,1,107.13,99.61,2021,3,28,6,1,87,1,0,0,1.0,6.123233995736766e-17,-0.7818314824680299,0.6234898018587334,1141.0,1196.0,1231.0,1040.0,1082.2857142857142,78.77333365573689,1196.0,987.0,1095.357142857143,82.04839767137146,1243.0,987.0,1106.3666666666666,90.07984325541226,1300.0,960.0,1070.7906976744187
2021-03-29,1090,81540.86,1,111.6125,103.405,2021,3,29,0,1,88,0,0,0,1.0,6.123233995736766e-17,0.0,1.0,1382.0,1024.0,1038.0,1244.0,1108.857142857143,134.89925694313322,1382.0,987.0,1106.142857142857,107.29245234251235,1382.0,987.0,1117.7666666666667,102.21467717448988,1382.0,960.0,1074.367816091954
2021-03-30,1212,96734.97,1,104.1575,97.1825,2021,3,30,1,1,89,0,0,0,1.0,6.123233995736766e-17,0.7818314824680298,0.6234898018587336,1090.0,987.0,1085.0,1110.0,1118.2857142857142,130.20460089888547,1382.0,987.0,1109.857142857143,105.63934082372099,1382.0,987.0,1112.6333333333334,99.48712733689338,1382.0,960.0,1074.5454545454545
2021-03-31,1119,83353.79,0,109.845,98.32,2021,3,31,2,1,90,0,0,1,1.0,6.123233995736766e-17,0.9749279121818236,-0.22252093395631434,1212.0,1051.0,1069.0,1224.0,1150.4285714285713,119.7453647576905,1382.0,1028.0,1118.9285714285713,108.74774217689023,1382.0,987.0,1116.0333333333333,101.12351046030894,1382.0,960.0,1076.0898876404494
2021-04-01,1075,71951.25,1,114.0725,101.195,2021,4,1,3,2,91,0,1,0,0.8660254037844387,-0.4999999999999998,0.43388373911755823,-0.900968867902419,1119.0,1149.0,1043.0,1065.0,1160.142857142857,112.89734064099778,1382.0,1028.0,1122.5,107.79877978473081,1382.0,987.0,1112.5333333333333,99.05370655159406,1382.0,960.0,1076.5666666666666
2021-04-02,1112,86260.64,0,112.885,95.8275,2021,4,2,4,2,92,0,0,0,0.8660254037844387,-0.4999999999999998,-0.433883739117558,-0.9009688679024191,1075.0,1028.0,1050.0,1117.0,1149.5714285714287,117.48596674051052,1382.0,1028.0,1124.7857142857142,106.31244125141295,1382.0,987.0,1112.8666666666666,98.90494682141657,1382.0,960.0,1076.5494505494505
2021-04-03,1150,111329.65,1,108.04750000000001,99.385,2021,4,3,5,2,93,1,0,0,0.8660254037844387,-0.4999999999999998,-0.9749279121818236,-0.2225209339563146,1112.0,1141.0,1243.0,1139.0,1161.5714285714287,106.80333506474571,1382.0,1075.0,1129.2142857142858,104.22843150535223,1382.0,987.0,1112.7,98.90195423612342,1382.0,960.0,1076.9347826086957
2021-04-04,1186,92678.59,0,114.51750000000001,101.0925,2021,4,4,6,2,94,1,0,0,0.8660254037844387,-0.4999999999999998,-0.7818314824680299,0.6234898018587334,1150.0,1382.0,1196.0,1121.0,1162.857142857143,106.56833265003954,1382.0,1075.0,1122.5714285714287,99.26399477827104,1382.0,987.0,1113.0666666666666,99.02313673680266,1382.0,960.0,1077.720430107527
2021-04-05,1033,88315.99,0,113.70500000000001,103.5775,2021,4,5,0,2,95,0,0,0,0.8660254037844387,-0.4999999999999998,0.0,1.0,1186.0,1090.0,1024.0,1025.0,1134.857142857143,50.2740110840199,1212.0,1075.0,1121.857142857143,98.7295117151728,1382.0,987.0,1115.2333333333333,99.90985016963872,1382.0,960.0,1078.872340425532
2021-04-06,1063,78632.35,0,114.2325,101.33,2021,4,6,1,2,96,0,0,0,0.8660254037844387,-0.4999999999999998,0.7818314824680298,0.6234898018587336,1033.0,1212.0,987.0,1300.0,1126.7142857142858,61.99923194608727,1212.0,1033.0,1122.5,98.07042210731865,1382.0,987.0,1115.5,99.67109704526692,1382.0,960.0,1078.3894736842105
2021-04-07,1205,82542.36,1,109.04500000000002,94.1025,2021,4,7,2,2,97,0,0,0,0.8660254037844387,-0.4999999999999998,0.9749279121818236,-0.22252093395631434,1063.0,1119.0,1051.0,1205.0,1105.4285714285713,52.722092595220595,1186.0,1033.0,1127.9285714285713,91.90251045848203,1382.0,1028.0,1107.6,93.76036954146369,1382.0,960.0,1078.2291666666667
2021-04-08,1276,104122.33,1,110.6925,102.93,2021,4,8,3,2,98,0,0,0,0.8660254037844387,-0.4999999999999998,0.43388373911755823,-0.900968867902419,1205.0,1075.0,1149.0,960.0,1117.7142857142858,65.00183147602894,1205.0,1033.0,1138.9285714285713,91.20008796024277,1382.0,1028.0,1107.6,93.76036954146369,1382.0,960.0,1079.5360824742268
2021-04-09,1234,105533.68000000001,1,103.89250000000001,99.485,2021,4,9,4,2,99,0,0,0,0.8660254037844387,-0.4999999999999998,-0.433883739117558,-0.9009688679024191,1276.0,1112.0,1028.0,1051.0,1146.4285714285713,84.46864732521985,1276.0,1033.0,1148.0,98.3173824524823,1382.0,1028.0,1118.1333333333334,94.35506430986976,1382.0,960.0,1081.5408163265306
2021-04-10,1228,103455.84,0,114.05250000000001,98.385,2021,4,10,5,2,100,1,0,0,0.8660254037844387,-0.4999999999999998,-0.9749279121818236,-0.2225209339563146,1234.0,1150.0,1141.0,960.0,1163.857142857143,88.66308621485527,1276.0,1033.0,1162.7142857142858,94.3099868856614,1382.0,1033.0,1124.2333333333333,95.77008507567707,1382.0,960.0,1083.080808080808
2021-04-11,1019,83315.9,1,111.9275,101.85,2021,4,11,6,2,101,1,0,0,0.8660254037844387,-0.4999999999999998,-0.7818314824680299,0.6234898018587334,1228.0,1186.0,1382.0,1111.0,1175.0,91.48770409186153,1276.0,1033.0,1168.9285714285713,95.62624702914532,1382.0,1033.0,1133.1666666666667,92.36101705408242,1382.0,987.0,1084.53
2021-04-12,1121,86214.73,1,111.64,99.94,2021,4,12,0,2,102,0,0,0,0.8660254037844387,-0.4999999999999998,0.0,1.0,1019.0,1033.0,1090.0,1184.0,1151.142857142857,108.35963050790416,1276.0,1019.0,1143.0,81.5918547970982,1276.0,1019.0,1130.1,94.6220612899484,1382.0,987.0,1083.881188118812
2021-04-13,1295,97598.62,1,102.52250000000001,98.3575,2021,4,13,1,2,103,0,0,0,0.8660254037844387,-0.4999999999999998,0.7818314824680298,0.6234898018587336,1121.0,1063.0,1212.0,1231.0,1163.7142857142858,96.86367445317894,1276.0,1019.0,1145.2142857142858,80.45560512235541,1276.0,1019.0,1128.0,94.08213579560254,1382.0,987.0,1084.2450980392157
2021-04-14,1210,75863.03,1,112.75999999999999,100.535,2021,4,14,2,2,104,0,0,0,0.8660254037844387,-0.4999999999999998,0.9749279121818236,-0.22252093395631434,1295.0,1205.0,1119.0,1038.0,1196.857142857143,96.34906775440483,1295.0,1019.0,1151.142857142857,88.41933058996779,1295.0,1019.0,1130.1333333333334,97.17305335766038,1382.0,987.0,1086.2912621359224
2021-04-15,1099,82346.77,1,111.9625,100.0425,2021,4,15,3,2,105,0,0,0,0.8660254037844387,-0.4999999999999998,0.43388373911755823,-0.900968867902419,1210.0,1276.0,1075.0,1085.0,1197.5714285714287,96.43798895811624,1295.0,1019.0,1157.642857142857,89.21590677663943,1295.0,1019.0,1135.8666666666666,96.62216970323668,1382.0,987.0,1087.4807692307693
2021-04-16,1034,77326.67,0,113.3125,98.775,2021,4,16,4,2,106,0,0,0,0.8660254037844387,-0.4999999999999998,-0.433883739117558,-0.9009688679024191,1099.0,1234.0,1112.0,1069.0,1172.2857142857142,95.64816479458162,1295.0,1019.0,1159.357142857143,87.72387372875195,1295.0,1019.0,1136.3333333333333,96.40157865831989,1382.0,987.0,1087.5904761904762
2021-04-17,1221,100984.34,0,113.2525,100.5375,2021,4,17,5,2,107,1,0,0,0.8660254037844387,-0.4999999999999998,-0.9749279121818236,-0.2225209339563146,1034.0,1228.0,1150.0,1043.0,1143.7142857142858,103.67531735457295,1295.0,1019.0,1153.7857142857142,93.2648656506573,1295.0,1019.0,1135.1666666666667,97.45063589726726,1382.0,987.0,1087.0849056603774
2021-04-18,1209,102229.94,0,114.07749999999999,99.61,2021,4,18,6,2,108,1,0,0,0.8660254037844387,-0.4999999999999998,-0.7818314824680299,0.6234898018587334,1221.0,1019.0,1186.0,1050.0,1142.7142857142858,102.75653148050857,1295.0,1019.0,1158.857142857143,94.95817471421267,1295.0,1019.0,1141.1,97.06355898460954,1382.0,987.0,1088.3364485981308
2021-04-19,1231,94967.43,0,113.07250000000002,102.4425,2021,4,19,0,2,109,0,0,0,0.8660254037844387,-0.4999999999999998,0.0,1.0,1209.0,1121.0,1033.0,1243.0,1169.857142857143,88.77392367023965,1295.0,1034.0,1160.5,95.66025619547865,1295.0,1019.0,1146.4,96.2552640745904,1382.0,987.0,1089.4537037037037
2021-04-20,1138,99537.54000000001,0,114.1425,101.9,2021,4,20,1,2,110,0,0,0,0.8660254037844387,-0.4999999999999998,0.7818314824680298,0.6234898018587336,1231.0,1295.0,1063.0,1196.0,1185.5714285714287,88.41918559313024,1295.0,1034.0,1174.642857142857,89.81828419550318,1295.0,1019.0,1146.0,95.8641279858265,1382.0,987.0,1090.7522935779816
2021-04-21,1282,98138.58,1,102.60499999999999,96.795,2021,4,21,2,2,111,0,0,0,0.8660254037844387,-0.4999999999999998,0.9749279121818236,-0.22252093395631434,1138.0,1210.0,1205.0,1024.0,1163.142857142857,74.91646141186999,1231.0,1034.0,1180.0,84.74032733547281,1295.0,1019.0,1144.0666666666666,95.40473975550825,1382.0,987.0,1091.1818181818182
2021-04-22,1188,85072.7,0,114.03999999999999,102.59,2021,4,22,3,2,112,0,0,0,0.8660254037844387,-0.4999999999999998,0.43388373911755823,-0.900968867902419,1282.0,1099.0,1276.0,987.0,1173.4285714285713,86.47322734591944,1282.0,1034.0,1185.5,88.88518955977383,1295.0,1019.0,1152.6666666666667,95.83582705401261,1382.0,987.0,1092.900900900901
2021-04-23,1083,72857.34000000001,0,112.97,96.24000000000001,2021,4,23,4,2,113,0,0,0,0.8660254037844387,-0.4999999999999998,-0.433883739117558,-0.9009688679024191,1188.0,1034.0,1234.0,1051.0,1186.142857142857,80.00714253829396,1282.0,1034.0,1179.2142857142858,85.02052111689868,1295.0,1019.0,1159.3666666666666,90.74537447443777,1382.0,1019.0,1093.75
2021-04-24,1410,107813.98,1,111.2675,99.245,2021,4,24,5,2,114,1,0,0,0.8660254037844387,-0.4999999999999998,-0.9749279121818236,-0.2225209339563146,1083.0,1221.0,1228.0,1149.0,1193.142857142857,65.26210889285521,1282.0,1083.0,1168.4285714285713,87.08856171976649,1295.0,1019.0,1160.4333333333334,89.60860616509316,1382.0,1019.0,1093.654867256637
2021-04-25,1348,99047.68,1,112.005,101.57,2021,4,25,6,2,115,1,0,0,0.8660254037844387,-0.4999999999999998,-0.7818314824680299,0.6234898018587334,1410.0,1209.0,1019.0,1028.0,1220.142857142857,105.43786254065901,1410.0,1083.0,1181.4285714285713,107.78876371133303,1410.0,1019.0,1169.1333333333334,100.4718980553806,1410.0,1019.0,1096.4298245614036
2021-04-26,1127,95658.12,0,112.05000000000001,99.8025,2021,4,26,0,2,116,0,0,0,0.8660254037844387,-0.4999999999999998,0.0,1.0,1348.0,1231.0,1121.0,1141.0,1240.0,115.58979193683177,1410.0,1083.0,1204.9285714285713,105.49186208913454,1410.0,1034.0,1179.8,101.94738331863886,1410.0,1019.0,1098.6173913043478
2021-04-27,1166,97643.42000000001,0,112.36250000000001,98.16,2021,4,27,1,2,117,0,0,0,0.8660254037844387,-0.4999999999999998,0.7818314824680298,0.6234898018587336,1127.0,1138.0,1295.0,1382.0,1225.142857142857,123.36183711806056,1410.0,1083.0,1205.357142857143,105.13625382393974,1410.0,1034.0,1179.3333333333333,102.16293049739878,1410.0,1019.0,1098.8620689655172
2021-04-28,1113,93460.12,0,112.57249999999999,98.3825,2021,4,28,2,2,118,0,0,0,0.8660254037844387,-0.4999999999999998,0.9749279121818236,-0.22252093395631434,1166.0,1282.0,1210.0,1090.0,1229.142857142857,120.48572331944386,1410.0,1083.0,1196.142857142857,102.28982740824623,1410.0,1034.0,1172.1333333333334,94.72818949530122,1410.0,1019.0,1099.4358974358975
2021-04-29,1090,74680.18,0,112.05,97.5625,2021,4,29,3,2,119,0,0,0,0.8660254037844387,-0.4999999999999998,0.43388373911755823,-0.900968867902419,1113.0,1188.0,1099.0,1212.0,1205.0,124.97733127784963,1410.0,1083.0,1189.2142857142858,104.53941367249492,1410.0,1034.0,1172.9,94.13173088082952,1410.0,1019.0,1099.550847457627
2021-04-30,1303,101950.39000000001,1,109.49499999999999,97.6425,2021,4,30,4,2,120,0,0,1,0.8660254037844387,-0.4999999999999998,-0.433883739117558,-0.9009688679024191,1090.0,1083.0,1034.0,1119.0,1191.0,132.46383154154458,1410.0,1083.0,1188.5714285714287,105.16266834379404,1410.0,1034.0,1168.8333333333333,95.01545548809105,1410.0,1019.0,1099.4705882352941
2021-05-01,1202,98594.56,1,113.22,103.81,2021,5,1,5,2,121,1,1,0,0.49999999999999994,-0.8660254037844387,-0.9749279121818236,-0.2225209339563146,1303.0,1410.0,1221.0,1075.0,1222.4285714285713,128.61163392536628,1410.0,1090.0,1207.7857142857142,99.1511500157742,1410.0,1083.0,1174.9666666666667,97.59150730904204,1410.0,1019.0,1101.1666666666667
2021-05-02,1121,89475.1,0,112.77,100.1225,2021,5,2,6,2,122,1,0,0,0.49999999999999994,-0.8660254037844387,-0.7818314824680299,0.6234898018587334,1202.0,1348.0,1209.0,1112.0,1192.7142857142858,98.57267079962614,1348.0,1090.0,1206.4285714285713,99.08637590562036,1410.0,1083.0,1179.2,95.84448610766098,1410.0,1019.0,1102.0
2021-05-03,1269,83106.85,1,109.77250000000001,97.47749999999999,2021,5,3,0,2,123,0,0,0,0.49999999999999994,-0.8660254037844387,0.0,1.0,1121.0,1127.0,1231.0,1150.0,1160.2857142857142,72.9924979837297,1303.0,1090.0,1200.142857142857,101.66828197840056,1410.0,1083.0,1179.5,95.64076104054188,1410.0,1019.0,1102.155737704918
2021-05-04,1118,87161.25,1,111.6025,99.1175,2021,5,4,1,2,124,0,0,0,0.49999999999999994,-0.8660254037844387,0.7818314824680298,0.6234898018587336,1269.0,1166.0,1138.0,1186.0,1180.5714285714287,81.44293941743764,1303.0,1090.0,1202.857142857143,103.05327758969159,1410.0,1083.0,1183.4666666666667,96.83535024706376,1410.0,1019.0,1103.5121951219512
2021-05-05,1168,92256.86,0,110.845,94.16,2021,5,5,2,2,125,0,0,0,0.49999999999999994,-0.8660254037844387,0.9749279121818236,-0.22252093395631434,1118.0,1113.0,1282.0,1033.0,1173.7142857142858,84.82474930843077,1303.0,1090.0,1201.4285714285713,104.15426006702701,1410.0,1083.0,1181.2,97.56709450954622,1410.0,1019.0,1103.6290322580646
2021-05-06,1260,96736.76000000001,1,112.97,99.57249999999999,2021,5,6,3,2,126,0,0,0,0.49999999999999994,-0.8660254037844387,0.43388373911755823,-0.900968867902419,1168.0,1090.0,1188.0,1063.0,1181.5714285714287,80.71112509614615,1303.0,1090.0,1193.2857142857142,101.80027850304097,1410.0,1083.0,1185.7,93.52563727442042,1410.0,1019.0,1104.144
2021-05-07,1194,89824.9,1,113.8075,98.00999999999999,2021,5,7,4,2,127,0,0,0,0.49999999999999994,-0.8660254037844387,-0.433883739117558,-0.9009688679024191,1260.0,1303.0,1083.0,1205.0,1205.857142857143,73.84991214490087,1303.0,1118.0,1198.4285714285713,103.32005113739042,1410.0,1083.0,1192.2666666666667,91.50765309367794,1410.0,1019.0,1105.3809523809523
2021-05-08,1350,104827.73,0,111.20750000000001,100.64,2021,5,8,5,2,128,1,0,0,0.49999999999999994,-0.8660254037844387,-0.9749279121818236,-0.2225209339563146,1194.0,1202.0,1410.0,1276.0,1190.2857142857142,60.17949342235673,1269.0,1118.0,1206.357142857143,97.89759731699021,1410.0,1090.0,1191.9,91.47690494289418,1410.0,1019.0,1106.0787401574803
2021-05-09,1363,96070.94,1,109.96,106.5375,2021,5,9,6,2,129,1,0,0,0.49999999999999994,-0.8660254037844387,-0.7818314824680299,0.6234898018587334,1350.0,1121.0,1348.0,1234.0,1211.4285714285713,85.60735393422168,1350.0,1118.0,1202.0714285714287,89.22612956865385,1350.0,1090.0,1194.3666666666666,94.76158225391045,1410.0,1019.0,1107.984375
2021-05-10,1267,89146.67,1,111.14500000000001,101.9575,2021,5,10,0,2,130,0,0,0,0.49999999999999994,-0.8660254037844387,0.0,1.0,1363.0,1269.0,1127.0,1228.0,1246.0,91.65333236349558,1363.0,1118.0,1203.142857142857,91.18186150837171,1363.0,1090.0,1198.6666666666667,99.4336837860523,1410.0,1019.0,1109.9612403100775
2021-05-11,1206,89065.1,1,104.47,96.6975,2021,5,11,1,2,131,0,0,0,0.49999999999999994,-0.8660254037844387,0.7818314824680298,0.6234898018587336,1267.0,1118.0,1166.0,1019.0,1245.7142857142858,91.57276575801062,1363.0,1118.0,1213.142857142857,89.85617323329485,1363.0,1090.0,1199.9666666666667,100.08323547422306,1410.0,1019.0,1111.1692307692308
2021-05-12,1142,89499.26999999999,1,105.36500000000001,96.9475,2021,5,12,2,2,132,0,0,0,0.49999999999999994,-0.8660254037844387,0.9749279121818236,-0.22252093395631434,1206.0,1168.0,1113.0,1121.0,1258.2857142857142,75.79954768052036,1363.0,1168.0,1216.0,88.87242368872204,1363.0,1090.0,1206.2,94.06615427086741,1410.0,1034.0,1111.8931297709923
2021-05-13,1267,123205.06,1,107.38749999999999,101.16499999999999,2021,5,13,3,2,133,0,0,0,0.49999999999999994,-0.8660254037844387,0.43388373911755823,-0.900968867902419,1142.0,1260.0,1090.0,1295.0,1254.5714285714287,81.39176277498292,1363.0,1142.0,1218.0714285714287,86.59584666334,1363.0,1090.0,1206.9,93.48662083882567,1410.0,1034.0,1112.121212121212
2021-05-14,1423,96742.77,1,109.43,94.45,2021,5,14,4,2,134,0,0,0,0.49999999999999994,-0.8660254037844387,-0.433883739117558,-0.9009688679024191,1267.0,1194.0,1303.0,1210.0,1255.5714285714287,81.51248808793511,1363.0,1142.0,1230.7142857142858,79.05152027091513,1363.0,1118.0,1205.9666666666667,92.71330795125719,1410.0,1034.0,1113.2857142857142
2021-05-15,1262,105037.17,0,112.7025,101.245,2021,5,15,5,2,135,1,0,0,0.49999999999999994,-0.8660254037844387,-0.9749279121818236,-0.2225209339563146,1423.0,1350.0,1202.0,1099.0,1288.2857142857142,97.13858534024888,1423.0,1142.0,1239.2857142857142,92.80204620707369,1423.0,1118.0,1213.0666666666666,100.83305880080566,1423.0,1034.0,1115.597014925373
2021-05-16,1308,114637.36,1,104.39749999999998,101.1675,2021,5,16,6,2,136,1,0,0,0.49999999999999994,-0.8660254037844387,-0.7818314824680299,0.6234898018587334,1262.0,1363.0,1121.0,1034.0,1275.7142857142858,93.44466149494478,1423.0,1142.0,1243.5714285714287,92.33193820768021,1423.0,1118.0,1218.5,98.84671169944605,1423.0,1034.0,1116.6814814814816
2021-05-17,1212,81305.54000000001,1,111.77250000000001,98.5625,2021,5,17,0,2,137,0,0,0,0.49999999999999994,-0.8660254037844387,0.0,1.0,1308.0,1267.0,1269.0,1221.0,1267.857142857143,86.97016456124237,1423.0,1142.0,1256.9285714285713,86.58340957242847,1423.0,1118.0,1227.6333333333334,93.73788963926647,1423.0,1083.0,1118.0882352941176
2021-05-18,1226,100706.42,1,109.95000000000002,98.56,2021,5,18,1,2,138,0,0,0,0.49999999999999994,-0.8660254037844387,0.7818314824680298,0.6234898018587336,1212.0,1206.0,1118.0,1209.0,1260.0,89.50791398902514,1423.0,1142.0,1252.857142857143,87.30922688296567,1423.0,1118.0,1227.3333333333333,93.7742459068726,1423.0,1083.0,1118.7737226277372
2021-05-19,1355,91523.99,1,112.02749999999999,95.7375,2021,5,19,2,2,139,0,0,0,0.49999999999999994,-0.8660254037844387,0.9749279121818236,-0.22252093395631434,1226.0,1142.0,1168.0,1231.0,1262.857142857143,87.79982644521331,1423.0,1142.0,1260.5714285714287,78.83743184135787,1423.0,1142.0,1227.9,93.7109826853949,1423.0,1083.0,1119.5507246376812
2021-05-20,1214,92629.23,1,111.97749999999999,100.855,2021,5,20,3,2,140,0,0,0,0.49999999999999994,-0.8660254037844387,0.43388373911755823,-0.900968867902419,1355.0,1267.0,1260.0,1138.0,1293.2857142857142,74.89484692045342,1423.0,1212.0,1273.9285714285713,77.78121612843094,1423.0,1142.0,1232.0333333333333,96.54424868433802,1423.0,1083.0,1121.2446043165467
2021-05-21,1324,121596.88,1,102.66499999999999,97.93,2021,5,21,4,2,141,0,0,0,0.49999999999999994,-0.8660254037844387,-0.433883739117558,-0.9009688679024191,1214.0,1423.0,1194.0,1282.0,1285.7142857142858,80.46679291425012,1423.0,1212.0,1270.642857142857,79.37022028526799,1423.0,1142.0,1234.5666666666666,94.97610709826206,1423.0,1083.0,1121.9071428571428
2021-05-22,1275,92593.78,1,109.62,102.8275,2021,5,22,5,2,142,1,0,0,0.49999999999999994,-0.8660254037844387,-0.9749279121818236,-0.2225209339563146,1324.0,1262.0,1350.0,1188.0,1271.5714285714287,57.83268148390748,1355.0,1212.0,1279.9285714285713,77.29112227427997,1423.0,1142.0,1235.9666666666667,96.00340630930145,1423.0,1083.0,1123.340425531915
2021-05-23,1269,112791.18999999999,1,105.69,100.645,2021,5,23,6,2,143,1,0,0,0.49999999999999994,-0.8660254037844387,-0.7818314824680299,0.6234898018587334,1275.0,1308.0,1363.0,1083.0,1273.4285714285713,57.68262922480011,1355.0,1212.0,1274.5714285714287,74.61358330215027,1423.0,1142.0,1238.8666666666666,95.81833865700668,1423.0,1083.0,1124.4084507042253
2021-05-24,1281,103326.68,1,106.5625,100.45,2021,5,24,0,2,144,0,0,0,0.49999999999999994,-0.8660254037844387,0.0,1.0,1269.0,1212.0,1267.0,1410.0,1267.857142857143,55.634008098849954,1355.0,1212.0,1267.857142857143,70.13926491999025,1423.0,1142.0,1245.0666666666666,91.29600713908876,1423.0,1090.0,1125.4195804195804
2021-05-25,1183,83540.13,0,110.54749999999999,100.66499999999999,2021,5,25,1,2,145,0,0,0,0.49999999999999994,-0.8660254037844387,0.7818314824680298,0.6234898018587336,1281.0,1226.0,1206.0,1348.0,1277.7142857142858,49.90562521972332,1355.0,1214.0,1268.857142857143,70.22585228867233,1423.0,1142.0,1240.7666666666667,86.15290470150185,1423.0,1090.0,1126.5
2021-05-26,1250,92360.61,1,112.2125,96.545,2021,5,26,2,2,146,0,0,0,0.49999999999999994,-0.8660254037844387,0.9749279121818236,-0.22252093395631434,1183.0,1355.0,1142.0,1127.0,1271.5714285714287,59.1265793104288,1355.0,1183.0,1267.2142857142858,72.05465721501781,1423.0,1142.0,1235.2666666666667,84.31833495270003,1423.0,1090.0,1126.8896551724138
2021-05-27,1097,97060.06,0,111.465,101.7,2021,5,27,3,2,147,0,0,0,0.49999999999999994,-0.8660254037844387,0.43388373911755823,-0.900968867902419,1250.0,1214.0,1267.0,1166.0,1256.5714285714287,46.378361128358215,1324.0,1183.0,1274.9285714285713,62.80551701111196,1423.0,1183.0,1239.3666666666666,81.82592259911108,1423.0,1090.0,1127.7328767123288
2021-05-28,1233,101503.62,1,108.83250000000001,100.33500000000001,2021,5,28,4,2,148,0,0,0,0.49999999999999994,-0.8660254037844387,-0.433883739117558,-0.9009688679024191,1097.0,1324.0,1423.0,1113.0,1239.857142857143,75.93951227002668,1324.0,1097.0,1262.7857142857142,78.84276326132542,1423.0,1097.0,1237.0666666666666,84.87229080876014,1423.0,1090.0,1127.5238095238096
2021-05-29,1223,106332.72,0,114.255,99.91,2021,5,29,5,2,149,1,0,0,0.49999999999999994,-0.8660254037844387,-0.9749279121818236,-0.2225209339563146,1233.0,1275.0,1262.0,1090.0,1226.857142857143,66.31346914825212,1281.0,1097.0,1249.2142857142858,64.12149354207213,1355.0,1097.0,1241.0666666666666,81.58766528365116,1423.0,1090.0,1128.2364864864865
2021-05-30,1215,93853.69,0,114.2225,100.2975,2021,5,30,6,2,150,1,0,0,0.49999999999999994,-0.8660254037844387,-0.7818314824680299,0.6234898018587334,1223.0,1269.0,1308.0,1303.0,1219.4285714285713,62.84334264093297,1281.0,1097.0,1246.4285714285713,64.36998140045223,1355.0,1097.0,1245.5,76.55412779699694,1423.0,1097.0,1128.8724832214766
2021-05-31,1182,80962.86,0,113.2925,100.0575,2021,5,31,0,2,151,0,0,1,0.49999999999999994,-0.8660254037844387,0.0,1.0,1215.0,1281.0,1212.0,1202.0,1211.7142857142858,58.93701238246988,1281.0,1097.0,1239.7857142857142,62.29233632506662,1355.0,1097.0,1242.5666666666666,75.95855645581274,1423.0,1097.0,1129.4466666666667
2021-06-01,1096,89670.09,0,114.56,100.8475,2021,6,1,1,2,152,0,1,0,1.2246467991473532e-16,-1.0,0.7818314824680298,0.6234898018587336,1182.0,1183.0,1226.0,1121.0,1197.5714285714287,50.865368516168985,1250.0,1097.0,1237.642857142857,63.81898336202703,1355.0,1097.0,1241.9,76.41328192907781,1423.0,1097.0,1129.794701986755
2021-06-02,1273,98774.59999999999,1,112.64500000000001,101.285,2021,6,2,2,2,153,0,0,0,1.2246467991473532e-16,-1.0,0.9749279121818236,-0.22252093395631434,1096.0,1250.0,1355.0,1269.0,1185.142857142857,63.96204231528886,1250.0,1096.0,1228.357142857143,74.24865411145626,1355.0,1096.0,1241.0666666666666,77.8991095223054,1423.0,1096.0,1129.5723684210527
2021-06-03,1181,105634.38,1,103.54500000000002,98.32499999999999,2021,6,3,3,2,154,0,0,0,1.2246467991473532e-16,-1.0,0.43388373911755823,-0.900968867902419,1273.0,1097.0,1214.0,1118.0,1188.4285714285713,68.29313567960057,1273.0,1096.0,1222.5,66.29856710367143,1324.0,1096.0,1241.2,77.95197460505987,1423.0,1096.0,1130.5098039215686
2021-06-04,1306,86203.70999999999,1,112.125,102.41749999999999,2021,6,4,4,2,155,0,0,0,1.2246467991473532e-16,-1.0,-0.433883739117558,-0.9009688679024191,1181.0,1233.0,1324.0,1168.0,1200.4285714285713,55.78487591589988,1273.0,1096.0,1220.142857142857,67.20446086711493,1324.0,1096.0,1243.3,75.3228224790283,1423.0,1096.0,1130.8376623376623
2021-06-05,1167,92629.20999999999,0,111.62249999999999,101.5675,2021,6,5,5,2,156,1,0,0,1.2246467991473532e-16,-1.0,-0.9749279121818236,-0.2225209339563146,1306.0,1223.0,1275.0,1260.0,1210.857142857143,68.30673117496917,1306.0,1096.0,1218.857142857143,65.20719302330106,1306.0,1096.0,1247.9,74.77753212259111,1423.0,1096.0,1131.967741935484
2021-06-06,1382,108682.34,1,111.86,95.0875,2021,6,6,6,2,157,1,0,0,1.2246467991473532e-16,-1.0,-0.7818314824680299,0.6234898018587334,1167.0,1215.0,1269.0,1194.0,1202.857142857143,69.90810294338436,1306.0,1096.0,1211.142857142857,64.43823177497748,1306.0,1096.0,1244.8,76.17330512583408,1423.0,1096.0,1132.1923076923076
2021-06-07,1257,93118.59,1,107.3075,103.2825,2021,6,7,0,2,158,0,0,0,1.2246467991473532e-16,-1.0,0.0,1.0,1382.0,1182.0,1281.0,1350.0,1226.7142857142858,97.70996927252664,1382.0,1096.0,1219.2142857142858,77.91136835328551,1382.0,1096.0,1251.0666666666666,79.51010923942115,1423.0,1096.0,1133.783439490446
2021-06-08,1109,84443.42,0,110.61500000000001,99.37,2021,6,8,1,2,159,0,0,0,1.2246467991473532e-16,-1.0,0.7818314824680298,0.6234898018587336,1257.0,1096.0,1183.0,1363.0,1237.4285714285713,96.0882530851321,1382.0,1096.0,1217.5,76.70197068975688,1382.0,1096.0,1247.9666666666667,77.30213153743047,1423.0,1096.0,1134.5632911392406
2021-06-09,1174,102259.13,0,112.8675,100.995,2021,6,9,2,2,160,0,0,0,1.2246467991473532e-16,-1.0,0.9749279121818236,-0.22252093395631434,1109.0,1273.0,1250.0,1267.0,1239.2857142857142,92.97439483663292,1382.0,1109.0,1212.2142857142858,81.65233858013134,1382.0,1096.0,1239.5,78.17343670900537,1423.0,1096.0,1134.4025157232704
2021-06-10,1259,99875.28,1,112.7325,106.495,2021,6,10,3,2,161,0,0,0,1.2246467991473532e-16,-1.0,0.43388373911755823,-0.900968867902419,1174.0,1181.0,1097.0,1206.0,1225.142857142857,94.50825108851357,1382.0,1109.0,1206.7857142857142,81.47314665810833,1382.0,1096.0,1236.4,78.88603739922573,1423.0,1096.0,1134.65
2021-06-11,1193,101217.01000000001,0,113.1775,96.0075,2021,6,11,4,2,162,0,0,0,1.2246467991473532e-16,-1.0,-0.433883739117558,-0.9009688679024191,1259.0,1306.0,1233.0,1142.0,1236.2857142857142,93.0227826676783,1382.0,1109.0,1218.357142857143,76.00162664540325,1382.0,1096.0,1238.1666666666667,78.77514194532475,1423.0,1096.0,1135.4223602484471
2021-06-12,1458,114304.04,1,111.97749999999999,96.945,2021,6,12,5,2,163,1,0,0,1.2246467991473532e-16,-1.0,-0.9749279121818236,-0.2225209339563146,1193.0,1167.0,1223.0,1267.0,1220.142857142857,88.60855596654419,1382.0,1109.0,1215.5,76.16050864406756,1382.0,1096.0,1239.8666666666666,77.1620477255219,1423.0,1096.0,1135.7777777777778
2021-06-13,1225,111176.26000000001,1,103.565,94.125,2021,6,13,6,2,164,1,0,0,1.2246467991473532e-16,-1.0,-0.7818314824680299,0.6234898018587334,1458.0,1382.0,1215.0,1423.0,1261.7142857142858,121.63019675189538,1458.0,1109.0,1232.2857142857142,100.08106604258279,1458.0,1096.0,1246.2333333333333,86.76074248634532,1458.0,1096.0,1137.7546012269938
2021-06-14,1158,95413.45,0,113.07999999999998,98.595,2021,6,14,0,2,165,0,0,0,1.2246467991473532e-16,-1.0,0.0,1.0,1225.0,1257.0,1182.0,1262.0,1239.2857142857142,109.6368464305596,1458.0,1109.0,1233.0,99.98384484890181,1458.0,1096.0,1239.6333333333334,80.1276926314311,1458.0,1096.0,1138.2865853658536
2021-06-15,1190,95436.79000000001,0,116.1775,98.1575,2021,6,15,1,2,166,0,0,0,1.2246467991473532e-16,-1.0,0.7818314824680298,0.6234898018587336,1158.0,1109.0,1096.0,1308.0,1225.142857142857,113.29523169052409,1458.0,1109.0,1231.2857142857142,101.1247733259255,1458.0,1096.0,1236.1666666666667,81.36680816687284,1458.0,1096.0,1138.4060606060607
2021-06-16,1253,98518.12,1,106.4475,102.5375,2021,6,16,2,2,167,0,0,0,1.2246467991473532e-16,-1.0,0.9749279121818236,-0.22252093395631434,1190.0,1174.0,1273.0,1212.0,1236.7142857142858,103.1369870378135,1458.0,1158.0,1238.0,94.34470349162756,1458.0,1109.0,1232.2333333333333,80.62329745150805,1458.0,1096.0,1138.7168674698796
2021-06-17,1285,94195.37,0,111.195,100.77,2021,6,17,3,2,168,0,0,0,1.2246467991473532e-16,-1.0,0.43388373911755823,-0.900968867902419,1253.0,1259.0,1181.0,1226.0,1248.0,99.38477415244925,1458.0,1158.0,1236.5714285714287,93.92444941442159,1458.0,1109.0,1233.6,80.61599054179514,1458.0,1096.0,1139.4011976047905
2021-06-18,1109,76583.22,0,113.34,99.235,2021,6,18,4,2,169,0,0,0,1.2246467991473532e-16,-1.0,-0.433883739117558,-0.9009688679024191,1285.0,1193.0,1306.0,1355.0,1251.7142857142858,100.34559330253674,1458.0,1158.0,1244.0,93.30182618379357,1458.0,1109.0,1235.5666666666666,81.14214149526188,1458.0,1096.0,1140.267857142857
2021-06-19,1396,125175.14,1,105.43,98.4825,2021,6,19,5,2,170,1,0,0,1.2246467991473532e-16,-1.0,-0.9749279121818236,-0.2225209339563146,1109.0,1458.0,1167.0,1214.0,1239.7142857142858,112.78846614454027,1458.0,1109.0,1229.9285714285713,97.97053268572802,1458.0,1109.0,1227.3666666666666,81.08636661347602,1458.0,1096.0,1140.0828402366865
2021-06-20,1400,114403.63,1,111.7375,104.265,2021,6,20,6,2,171,1,0,0,1.2246467991473532e-16,-1.0,-0.7818314824680299,0.6234898018587334,1396.0,1225.0,1382.0,1324.0,1230.857142857143,93.59029253690188,1396.0,1109.0,1246.2857142857142,105.48454394359904,1458.0,1109.0,1233.4333333333334,86.66808796359065,1458.0,1096.0,1141.5882352941176
2021-06-21,1279,103943.72,1,107.6075,103.0675,2021,6,21,0,2,172,0,0,0,1.2246467991473532e-16,-1.0,0.0,1.0,1400.0,1158.0,1257.0,1275.0,1255.857142857143,113.10382924762627,1400.0,1109.0,1247.5714285714287,107.35900541620211,1458.0,1109.0,1235.9666666666667,90.43552984016614,1458.0,1096.0,1143.0994152046783
2021-06-22,1140,88597.7,0,114.6575,95.19,2021,6,22,1,2,173,0,0,0,1.2246467991473532e-16,-1.0,0.7818314824680298,0.6234898018587336,1279.0,1190.0,1109.0,1269.0,1273.142857142857,104.58079583337883,1400.0,1109.0,1249.142857142857,107.66819196234157,1458.0,1109.0,1236.1,90.49799007103346,1458.0,1096.0,1143.889534883721
2021-06-23,1099,91295.59999999999,0,111.7175,100.5975,2021,6,23,2,2,174,0,0,0,1.2246467991473532e-16,-1.0,0.9749279121818236,-0.22252093395631434,1140.0,1253.0,1174.0,1281.0,1266.0,112.60550608207402,1400.0,1109.0,1251.357142857143,104.846119581074,1458.0,1109.0,1231.8,91.93415934881189,1458.0,1096.0,1143.8670520231215
2021-06-24,1227,89536.28,1,115.26750000000001,96.82,2021,6,24,3,2,175,0,0,0,1.2246467991473532e-16,-1.0,0.43388373911755823,-0.900968867902419,1099.0,1285.0,1259.0,1183.0,1244.0,129.365116369651,1400.0,1099.0,1246.0,110.84708802254114,1458.0,1099.0,1225.7333333333333,94.5435252194452,1458.0,1096.0,1143.6091954022988
2021-06-25,1220,102900.83,1,112.98,100.41749999999999,2021,6,25,4,2,176,0,0,0,1.2246467991473532e-16,-1.0,-0.433883739117558,-0.9009688679024191,1227.0,1109.0,1193.0,1250.0,1235.7142857142858,128.1531821502615,1400.0,1099.0,1243.7142857142858,110.88832120750963,1458.0,1099.0,1227.2,94.19839664789848,1458.0,1096.0,1144.0857142857142
2021-06-26,1187,107611.09,0,116.3175,103.27000000000001,2021,6,26,5,2,177,1,0,0,1.2246467991473532e-16,-1.0,-0.9749279121818236,-0.2225209339563146,1220.0,1396.0,1458.0,1097.0,1251.5714285714287,116.16777686153931,1400.0,1099.0,1245.642857142857,110.1709211549578,1458.0,1099.0,1226.2,94.10720226019743,1458.0,1096.0,1144.5170454545455
2021-06-27,1361,112614.35999999999,1,113.625,102.4975,2021,6,27,6,2,178,1,0,0,1.2246467991473532e-16,-1.0,-0.7818314824680299,0.6234898018587334,1187.0,1400.0,1225.0,1233.0,1221.7142857142858,98.35262119149701,1400.0,1099.0,1226.2857142857142,92.35669029235632,1400.0,1099.0,1229.2,91.23724284939208,1458.0,1096.0,1144.7570621468926
2021-06-28,1175,84177.43,0,112.185,102.2525,2021,6,28,0,2,179,0,0,0,1.2246467991473532e-16,-1.0,0.0,1.0,1361.0,1279.0,1158.0,1223.0,1216.142857142857,87.02189106086777,1361.0,1099.0,1236.0,99.11609354691105,1400.0,1099.0,1233.4666666666667,94.36054601197726,1458.0,1096.0,1145.9719101123596
2021-06-29,1243,84813.96,0,112.57,98.61,2021,6,29,1,2,180,0,0,0,1.2246467991473532e-16,-1.0,0.7818314824680298,0.6234898018587336,1175.0,1140.0,1190.0,1215.0,1201.2857142857142,83.30008860682426,1361.0,1099.0,1237.2142857142858,98.18677536788181,1400.0,1099.0,1231.8666666666666,94.94925444436386,1458.0,1096.0,1146.1340782122904
2021-06-30,1213,88778.93,1,111.14750000000001,101.9225,2021,6,30,2,2,181,0,0,1,1.2246467991473532e-16,-1.0,0.9749279121818236,-0.22252093395631434,1243.0,1099.0,1253.0,1182.0,1216.0,79.68897874444964,1361.0,1099.0,1241.0,97.2435483325641,1400.0,1099.0,1232.8,94.91535248805303,1458.0,1096.0,1146.6722222222222
2021-07-01,1225,90559.2,1,102.995,98.075,2021,7,1,3,3,182,0,1,0,-0.4999999999999997,-0.8660254037844388,0.43388373911755823,-0.900968867902419,1213.0,1227.0,1285.0,1096.0,1232.2857142857142,61.3262159431411,1361.0,1175.0,1238.142857142857,97.4512557781955,1400.0,1099.0,1233.8333333333333,94.51111349842918,1458.0,1096.0,1147.0386740331492
2021-07-02,1130,86069.74,0,111.5775,102.4875,2021,7,2,4,3,183,0,0,0,-0.4999999999999997,-0.8660254037844388,-0.433883739117558,-0.9009688679024191,1225.0,1220.0,1109.0,1273.0,1232.0,61.35959582656987,1361.0,1175.0,1233.857142857143,96.5472041923672,1400.0,1099.0,1238.1333333333334,90.88899380784568,1458.0,1099.0,1147.467032967033
2021-07-03,1197,83983.6,0,113.215,99.97999999999999,2021,7,3,5,3,184,1,0,0,-0.4999999999999997,-0.8660254037844388,-0.9749279121818236,-0.2225209339563146,1130.0,1187.0,1396.0,1181.0,1219.142857142857,72.678352053021,1361.0,1130.0,1235.357142857143,94.6016808623295,1400.0,1099.0,1233.3666666666666,92.72855578230248,1458.0,1099.0,1147.3715846994535
2021-07-04,1274,113713.52,0,112.635,95.63,2021,7,4,6,3,185,1,0,0,-0.4999999999999997,-0.8660254037844388,-0.7818314824680299,0.6234898018587334,1197.0,1361.0,1400.0,1306.0,1220.5714285714287,72.03669699733408,1361.0,1130.0,1221.142857142857,82.82498428601112,1400.0,1099.0,1233.9,92.46261126941494,1458.0,1099.0,1147.641304347826
2021-07-05,1057,84964.44,0,111.0625,102.93,2021,7,5,0,3,186,0,0,0,-0.4999999999999997,-0.8660254037844388,0.0,1.0,1274.0,1175.0,1279.0,1167.0,1208.142857142857,46.884356209111566,1274.0,1130.0,1212.142857142857,67.28224950832896,1361.0,1099.0,1232.8333333333333,91.78426104029471,1458.0,1099.0,1148.3243243243244
2021-07-06,1264,95718.08,1,111.33749999999999,101.7625,2021,7,6,1,3,187,0,0,0,-0.4999999999999997,-0.8660254037844388,0.7818314824680298,0.6234898018587336,1057.0,1243.0,1140.0,1382.0,1191.2857142857142,74.10063941630166,1274.0,1057.0,1196.2857142857142,75.91941939818902,1361.0,1057.0,1229.1666666666667,96.57695996148679,1458.0,1057.0,1147.8333333333333
2021-07-07,1274,97670.52,1,111.07750000000001,99.0925,2021,7,7,2,3,188,0,0,0,-0.4999999999999997,-0.8660254037844388,0.9749279121818236,-0.22252093395631434,1264.0,1213.0,1099.0,1257.0,1194.2857142857142,76.91491898133131,1274.0,1057.0,1205.142857142857,76.08078413295713,1361.0,1057.0,1225.2333333333333,92.45266573928077,1458.0,1057.0,1148.4545454545455
2021-07-08,1184,105333.96999999999,0,114.0875,99.7325,2021,7,8,3,3,189,0,0,0,-0.4999999999999997,-0.8660254037844388,0.43388373911755823,-0.900968867902419,1274.0,1225.0,1227.0,1109.0,1203.0,82.63171304045439,1274.0,1057.0,1217.642857142857,71.54085131303205,1361.0,1057.0,1225.8,92.7058380782647,1458.0,1057.0,1149.122340425532
2021-07-09,1261,92196.78,1,112.5275,95.4875,2021,7,9,4,3,190,0,0,0,-0.4999999999999997,-0.8660254037844388,-0.433883739117558,-0.9009688679024191,1184.0,1130.0,1220.0,1174.0,1197.142857142857,82.2646715818898,1274.0,1057.0,1214.5714285714287,72.02960319385133,1361.0,1057.0,1228.3,90.43082706001834,1458.0,1057.0,1149.3068783068784
2021-07-10,1395,108096.06,0,112.27000000000001,100.60249999999999,2021,7,10,5,3,191,1,0,0,-0.4999999999999997,-0.8660254037844388,-0.9749279121818236,-0.2225209339563146,1261.0,1197.0,1187.0,1259.0,1215.857142857143,79.29150557999807,1274.0,1057.0,1217.5,73.09293346881677,1361.0,1057.0,1231.2,90.02352183045795,1458.0,1057.0,1149.8947368421052
2021-07-11,1253,109811.58,0,114.0575,97.995,2021,7,11,6,3,192,1,0,0,-0.4999999999999997,-0.8660254037844388,-0.7818314824680299,0.6234898018587334,1395.0,1274.0,1361.0,1193.0,1244.142857142857,103.1656088875691,1395.0,1057.0,1232.357142857143,86.35312754824018,1395.0,1057.0,1235.7333333333333,94.77084279291006,1458.0,1057.0,1151.1780104712043
2021-07-12,1059,84462.54000000001,0,111.4125,97.4275,2021,7,12,0,3,193,0,0,0,-0.4999999999999997,-0.8660254037844388,0.0,1.0,1253.0,1057.0,1175.0,1458.0,1241.142857142857,102.4555652814569,1395.0,1057.0,1224.642857142857,78.43822374999908,1395.0,1057.0,1237.7333333333333,94.47055127113195,1458.0,1057.0,1151.7083333333333
2021-07-13,1198,99125.37,0,112.1225,104.4325,2021,7,13,1,3,194,0,0,0,-0.4999999999999997,-0.8660254037844388,0.7818314824680298,0.6234898018587336,1059.0,1264.0,1243.0,1225.0,1241.4285714285713,101.8575101843374,1395.0,1059.0,1216.357142857143,89.44066115661163,1395.0,1057.0,1224.4333333333334,90.38945747701354,1400.0,1057.0,1151.2279792746115
2021-07-14,1242,97949.5,0,115.5275,99.02250000000001,2021,7,14,2,3,195,0,0,0,-0.4999999999999997,-0.8660254037844388,0.9749279121818236,-0.22252093395631434,1198.0,1274.0,1213.0,1158.0,1232.0,102.47276060820592,1395.0,1059.0,1213.142857142857,89.21784673384643,1395.0,1057.0,1223.5333333333333,90.51794767102847,1400.0,1057.0,1151.4690721649486
2021-07-15,1181,92286.97,0,114.33000000000001,101.3275,2021,7,15,3,3,196,0,0,0,-0.4999999999999997,-0.8660254037844388,0.43388373911755823,-0.900968867902419,1242.0,1184.0,1225.0,1190.0,1227.4285714285713,100.989862763311,1395.0,1059.0,1215.2142857142858,89.5503112320565,1395.0,1057.0,1226.3333333333333,89.71653956358715,1400.0,1057.0,1151.9333333333334
2021-07-16,1197,98011.16,0,113.88499999999999,97.89750000000001,2021,7,16,4,3,197,0,0,0,-0.4999999999999997,-0.8660254037844388,-0.433883739117558,-0.9009688679024191,1181.0,1261.0,1130.0,1253.0,1227.0,101.21100071961878,1395.0,1059.0,1212.0714285714287,89.95166589787055,1395.0,1057.0,1226.0333333333333,89.85715995624739,1400.0,1057.0,1152.0816326530612
2021-07-17,1199,88525.84,1,109.78500000000001,100.53,2021,7,17,5,3,198,1,0,0,-0.4999999999999997,-0.8660254037844388,-0.9749279121818236,-0.2225209339563146,1197.0,1395.0,1197.0,1285.0,1217.857142857143,100.5160494173751,1395.0,1059.0,1216.857142857143,86.98263057632812,1395.0,1057.0,1224.1666666666667,89.85930893513027,1400.0,1057.0,1152.3096446700508
2021-07-18,1282,106093.87,1,114.22,101.05000000000001,2021,7,18,6,3,199,1,0,0,-0.4999999999999997,-0.8660254037844388,-0.7818314824680299,0.6234898018587334,1199.0,1253.0,1274.0,1109.0,1189.857142857143,63.38882280925277,1253.0,1059.0,1217.0,86.94914517207053,1395.0,1057.0,1221.3,89.22120901406444,1400.0,1057.0,1152.5454545454545
2021-07-19,1130,78190.31,0,112.01249999999999,98.345,2021,7,19,0,3,200,0,0,0,-0.4999999999999997,-0.8660254037844388,0.0,1.0,1282.0,1059.0,1057.0,1396.0,1194.0,68.91057006487942,1282.0,1059.0,1217.5714285714287,87.37779535373431,1395.0,1057.0,1227.0666666666666,87.28231378034673,1400.0,1057.0,1153.1959798994974
2021-07-20,1250,87826.36,0,112.28999999999999,101.3925,2021,7,20,1,3,201,0,0,0,-0.4999999999999997,-0.8660254037844388,0.7818314824680298,0.6234898018587336,1130.0,1198.0,1264.0,1400.0,1204.142857142857,47.68447885643209,1282.0,1130.0,1222.7857142857142,78.81739223471739,1395.0,1059.0,1218.2,82.93179582416526,1400.0,1057.0,1153.08
2021-07-21,1208,90816.0,0,111.77250000000001,102.69749999999999,2021,7,21,2,3,202,0,0,0,-0.4999999999999997,-0.8660254037844388,0.9749279121818236,-0.22252093395631434,1250.0,1242.0,1274.0,1279.0,1211.5714285714287,50.53334589772429,1282.0,1130.0,1221.7857142857142,78.34163700046135,1395.0,1059.0,1213.2,75.8089249590616,1395.0,1057.0,1153.5621890547263
2021-07-22,1249,105962.07,0,112.8925,100.11500000000001,2021,7,22,3,3,203,0,0,0,-0.4999999999999997,-0.8660254037844388,0.43388373911755823,-0.900968867902419,1208.0,1181.0,1184.0,1140.0,1206.7142857142858,48.72273352250219,1282.0,1130.0,1217.0714285714287,76.931002338973,1395.0,1059.0,1210.8333333333333,74.78524809970007,1395.0,1057.0,1153.8316831683169
2021-07-23,1214,91845.67,1,109.29249999999999,100.86,2021,7,23,4,3,204,0,0,0,-0.4999999999999997,-0.8660254037844388,-0.433883739117558,-0.9009688679024191,1249.0,1197.0,1261.0,1099.0,1216.4285714285713,49.51382683270454,1282.0,1130.0,1221.7142857142858,76.74275568058862,1395.0,1059.0,1214.4666666666667,73.86741773135977,1395.0,1057.0,1154.3004926108374
2021-07-24,1534,106007.4,1,107.29249999999999,100.4275,2021,7,24,5,3,205,1,0,0,-0.4999999999999997,-0.8660254037844388,-0.9749279121818236,-0.2225209339563146,1214.0,1199.0,1395.0,1227.0,1218.857142857143,48.814029989435724,1282.0,1130.0,1218.357142857143,75.91554735145024,1395.0,1059.0,1218.3,70.5794489967866,1395.0,1057.0,1154.5931372549019
2021-07-25,1198,89629.69,1,113.4625,101.3325,2021,7,25,6,3,206,1,0,0,-0.4999999999999997,-0.8660254037844388,-0.7818314824680299,0.6234898018587334,1534.0,1282.0,1253.0,1220.0,1266.7142857142858,127.26967992641255,1534.0,1130.0,1228.2857142857142,104.50206370537046,1534.0,1059.0,1228.5333333333333,91.1443468023295,1534.0,1057.0,1156.4439024390244
2021-07-26,1132,87746.20999999999,0,111.4125,101.2325,2021,7,26,0,3,207,0,0,0,-0.4999999999999997,-0.8660254037844388,0.0,1.0,1198.0,1130.0,1059.0,1187.0,1254.7142857142858,129.5282649793916,1534.0,1130.0,1224.357142857143,104.53531397633931,1534.0,1059.0,1227.8,91.30373712939371,1534.0,1057.0,1156.6456310679612
2021-07-27,1237,106010.14,0,112.2525,98.8725,2021,7,27,1,3,208,0,0,0,-0.4999999999999997,-0.8660254037844388,0.7818314824680298,0.6234898018587336,1132.0,1250.0,1198.0,1361.0,1255.0,129.2091328041484,1534.0,1132.0,1229.5714285714287,97.217214592822,1534.0,1130.0,1225.9666666666667,92.69284960457531,1534.0,1057.0,1156.5265700483092
2021-07-28,1338,99859.68,1,115.375,99.6975,2021,7,28,2,3,209,0,0,0,-0.4999999999999997,-0.8660254037844388,0.9749279121818236,-0.22252093395631434,1237.0,1208.0,1242.0,1175.0,1253.142857142857,129.38628027657947,1534.0,1132.0,1232.357142857143,96.80083211884647,1534.0,1130.0,1221.8333333333333,89.16125775838859,1534.0,1057.0,1156.9134615384614
2021-07-29,1258,102974.58,0,112.41,98.89999999999999,2021,7,29,3,3,210,0,0,0,-0.4999999999999997,-0.8660254037844388,0.43388373911755823,-0.900968867902419,1338.0,1249.0,1181.0,1243.0,1271.7142857142858,131.14459486347442,1534.0,1132.0,1239.2142857142858,100.85189336648281,1534.0,1130.0,1227.2666666666667,91.15312366574891,1534.0,1057.0,1157.77990430622
2021-07-30,1206,104659.66,0,115.2975,101.54,2021,7,30,4,3,211,0,0,0,-0.4999999999999997,-0.8660254037844388,-0.433883739117558,-0.9009688679024191,1258.0,1214.0,1197.0,1213.0,1273.0,130.92873379565472,1534.0,1132.0,1244.7142857142858,99.52381127644306,1534.0,1130.0,1227.7666666666667,91.28344765669338,1534.0,1057.0,1158.2571428571428
2021-07-31,1410,105524.22,1,107.45500000000001,99.725,2021,7,31,5,3,212,1,0,1,-0.4999999999999997,-0.8660254037844388,-0.9749279121818236,-0.2225209339563146,1206.0,1534.0,1199.0,1225.0,1271.857142857143,131.56294890207352,1534.0,1132.0,1245.357142857143,99.22050590079066,1534.0,1130.0,1227.5333333333333,91.33142879128629,1534.0,1057.0,1158.483412322275
2021-08-01,1481,108362.75,1,113.11500000000001,97.0925,2021,8,1,6,3,213,1,1,0,-0.8660254037844385,-0.5000000000000004,-0.7818314824680299,0.6234898018587334,1410.0,1198.0,1282.0,1130.0,1254.142857142857,93.11360189114647,1410.0,1132.0,1260.4285714285713,107.33105815166519,1534.0,1130.0,1233.7,97.21080896335891,1534.0,1057.0,1159.6698113207547
2021-08-02,1185,100684.01000000001,1,111.215,100.775,2021,8,2,0,3,214,0,0,0,-0.8660254037844385,-0.5000000000000004,0.0,1.0,1481.0,1132.0,1130.0,1197.0,1294.5714285714287,121.71805829163496,1481.0,1132.0,1274.642857142857,122.51129124907885,1534.0,1130.0,1245.4,105.10178974164451,1534.0,1057.0,1161.1784037558687
2021-08-03,1472,110223.12,1,99.915,105.7525,2021,8,3,1,3,215,0,0,0,-0.8660254037844385,-0.5000000000000004,0.7818314824680298,0.6234898018587336,1185.0,1237.0,1250.0,1274.0,1302.142857142857,111.10569828085477,1481.0,1185.0,1278.5714285714287,118.32661075678188,1534.0,1132.0,1245.0,105.31496275131394,1534.0,1057.0,1161.2897196261683
2021-08-04,1121,88442.01,1,110.8725,94.7475,2021,8,4,2,3,216,0,0,0,-0.8660254037844385,-0.5000000000000004,0.9749279121818236,-0.22252093395631434,1472.0,1338.0,1208.0,1057.0,1335.7142857142858,123.00774269087691,1481.0,1185.0,1294.4285714285713,128.62988902913878,1534.0,1132.0,1251.6,113.11074829259435,1534.0,1057.0,1162.7348837209302
2021-08-05,1312,125253.51,1,106.16749999999999,98.4925,2021,8,5,3,3,217,0,0,0,-0.8660254037844385,-0.5000000000000004,0.43388373911755823,-0.900968867902419,1121.0,1258.0,1249.0,1264.0,1304.7142857142858,147.2839822539151,1481.0,1121.0,1288.2142857142858,135.06703667292246,1534.0,1121.0,1253.7333333333333,109.87106340940245,1534.0,1059.0,1162.5416666666667
2021-08-06,1300,96462.9,1,103.785,104.0975,2021,8,6,4,3,218,0,0,0,-0.8660254037844385,-0.5000000000000004,-0.433883739117558,-0.9009688679024191,1312.0,1206.0,1214.0,1274.0,1312.4285714285713,145.836503366907,1481.0,1121.0,1292.7142857142858,134.70904747836232,1534.0,1121.0,1255.3333333333333,110.3740765832697,1534.0,1059.0,1163.2304147465438
2021-08-07,1239,97999.47,0,114.29249999999999,99.4125,2021,8,7,5,3,219,1,0,0,-0.8660254037844385,-0.5000000000000004,-0.9749279121818236,-0.2225209339563146,1300.0,1410.0,1534.0,1184.0,1325.857142857143,138.54894270188325,1481.0,1121.0,1298.857142857143,132.79067225284635,1534.0,1121.0,1256.2,110.62748925701348,1534.0,1059.0,1163.8577981651376
2021-08-08,1159,81812.56,0,112.345,99.5825,2021,8,8,6,3,220,1,0,0,-0.8660254037844385,-0.5000000000000004,-0.7818314824680299,0.6234898018587334,1239.0,1481.0,1198.0,1261.0,1301.4285714285713,136.2972941072291,1481.0,1121.0,1277.7857142857142,114.79357967267197,1481.0,1121.0,1258.0333333333333,109.84267223478518,1534.0,1059.0,1164.2009132420092
2021-08-09,1086,79956.79,0,111.5575,100.2475,2021,8,9,0,3,221,0,0,0,-0.8660254037844385,-0.5000000000000004,0.0,1.0,1159.0,1185.0,1132.0,1395.0,1255.4285714285713,118.80636506918451,1472.0,1121.0,1275.0,117.32400895350968,1481.0,1121.0,1254.6333333333334,111.31641243842353,1534.0,1059.0,1164.1772727272728
2021-08-10,1155,86135.75,0,115.935,97.72,2021,8,10,1,3,222,0,0,0,-0.8660254037844385,-0.5000000000000004,0.7818314824680298,0.6234898018587336,1086.0,1472.0,1237.0,1253.0,1241.2857142857142,133.56361067011483,1472.0,1086.0,1271.7142857142858,122.18046461716399,1481.0,1086.0,1244.3333333333333,112.17299857450415,1534.0,1059.0,1163.8235294117646
2021-08-11,1255,92833.06,1,110.69500000000001,100.6125,2021,8,11,2,3,223,0,0,0,-0.8660254037844385,-0.5000000000000004,0.9749279121818236,-0.22252093395631434,1155.0,1121.0,1338.0,1059.0,1196.0,88.40814442120005,1312.0,1086.0,1265.857142857143,125.882030942807,1481.0,1086.0,1241.0666666666666,113.33287356228716,1534.0,1059.0,1163.7837837837837
2021-08-12,1192,94112.90000000001,1,113.05250000000001,98.2275,2021,8,12,3,3,224,0,0,0,-0.8660254037844385,-0.5000000000000004,0.43388373911755823,-0.900968867902419,1255.0,1312.0,1258.0,1198.0,1215.142857142857,83.85191027724225,1312.0,1086.0,1259.9285714285713,124.16580991419673,1481.0,1086.0,1247.6,107.999233713758,1534.0,1086.0,1164.1928251121076
2021-08-13,1224,96621.76,0,115.36500000000001,97.39,2021,8,13,4,3,225,0,0,0,-0.8660254037844385,-0.5000000000000004,-0.433883739117558,-0.9009688679024191,1192.0,1300.0,1206.0,1242.0,1198.0,72.2080327941412,1300.0,1086.0,1255.2142857142858,125.4905320188487,1481.0,1086.0,1247.4,108.09976235260629,1534.0,1086.0,1164.3169642857142
2021-08-14,1128,99163.85,0,115.86500000000001,100.7325,2021,8,14,5,3,226,1,0,0,-0.8660254037844385,-0.5000000000000004,-0.9749279121818236,-0.2225209339563146,1224.0,1239.0,1410.0,1181.0,1187.142857142857,58.78046322667587,1255.0,1086.0,1256.5,125.03891701878595,1481.0,1086.0,1246.8,108.18069175673548,1534.0,1086.0,1164.5822222222223
2021-08-15,1384,105972.67,1,110.0875,98.94749999999999,2021,8,15,6,3,227,1,0,0,-0.8660254037844385,-0.5000000000000004,-0.7818314824680299,0.6234898018587334,1128.0,1159.0,1481.0,1197.0,1171.2857142857142,57.41577682633158,1255.0,1086.0,1236.357142857143,121.05981175426474,1481.0,1086.0,1245.0333333333333,109.71420029844239,1534.0,1086.0,1164.4203539823009
2021-08-16,1300,107904.19,1,110.055,99.545,2021,8,16,0,3,228,0,0,0,-0.8660254037844385,-0.5000000000000004,0.0,1.0,1384.0,1086.0,1185.0,1199.0,1203.4285714285713,98.01676241483142,1384.0,1086.0,1229.4285714285713,108.05889724925588,1472.0,1086.0,1251.2666666666667,112.17564224306439,1534.0,1086.0,1165.387665198238
2021-08-17,1232,82634.43,1,106.3425,99.7575,2021,8,17,1,3,229,0,0,0,-0.8660254037844385,-0.5000000000000004,0.7818314824680298,0.6234898018587336,1300.0,1155.0,1472.0,1282.0,1234.0,88.164618753783,1384.0,1128.0,1237.642857142857,108.79027610877809,1472.0,1086.0,1254.6333333333334,112.06847762935485,1534.0,1086.0,1165.9780701754387
2021-08-18,1099,81069.75,0,114.755,105.455,2021,8,18,2,3,230,0,0,0,-0.8660254037844385,-0.5000000000000004,0.9749279121818236,-0.22252093395631434,1232.0,1255.0,1121.0,1130.0,1245.0,81.19318526411732,1384.0,1128.0,1220.5,85.41910252936994,1384.0,1086.0,1252.9666666666667,112.01923582761394,1534.0,1086.0,1166.2663755458516
2021-08-19,1109,84869.92,0,115.045,100.11500000000001,2021,8,19,3,3,231,0,0,0,-0.8660254037844385,-0.5000000000000004,0.43388373911755823,-0.900968867902419,1099.0,1192.0,1312.0,1250.0,1222.7142857142858,97.71849754219835,1384.0,1099.0,1218.9285714285713,87.56576806186118,1384.0,1086.0,1251.9333333333334,113.3280052838198,1534.0,1086.0,1165.9739130434782
2021-08-20,1121,79346.31,0,111.64999999999999,94.6925,2021,8,20,4,3,232,0,0,0,-0.8660254037844385,-0.5000000000000004,-0.433883739117558,-0.9009688679024191,1109.0,1224.0,1300.0,1208.0,1210.857142857143,106.69025036904426,1384.0,1099.0,1204.4285714285713,87.77568814068795,1384.0,1086.0,1247.2333333333333,116.29590182637347,1534.0,1086.0,1165.7272727272727
2021-08-21,1245,107518.94,1,111.4075,101.3475,2021,8,21,5,3,233,1,0,0,-0.8660254037844385,-0.5000000000000004,-0.9749279121818236,-0.2225209339563146,1121.0,1128.0,1239.0,1249.0,1196.142857142857,111.56676412418994,1384.0,1099.0,1191.642857142857,85.7981595130339,1384.0,1086.0,1244.3333333333333,118.37413898993944,1534.0,1086.0,1165.5344827586207
2021-08-22,1285,102032.42,0,113.8825,98.94,2021,8,22,6,3,234,1,0,0,-0.8660254037844385,-0.5000000000000004,-0.7818314824680299,0.6234898018587334,1245.0,1384.0,1159.0,1214.0,1212.857142857143,108.37501029823568,1384.0,1099.0,1192.0714285714287,86.06747289254939,1384.0,1086.0,1244.2,118.37095403273977,1534.0,1086.0,1165.8755364806866
2021-08-23,1203,104292.3,0,114.38000000000001,100.0075,2021,8,23,0,3,235,0,0,0,-0.8660254037844385,-0.5000000000000004,0.0,1.0,1285.0,1300.0,1086.0,1534.0,1198.7142857142858,86.58851787951575,1300.0,1099.0,1201.0714285714287,88.88494229639144,1384.0,1086.0,1246.5666666666666,118.45606877608827,1534.0,1086.0,1166.3846153846155
2021-08-24,1209,82732.32,1,114.0575,102.13,2021,8,24,1,3,236,0,0,0,-0.8660254037844385,-0.5000000000000004,0.7818314824680298,0.6234898018587336,1203.0,1232.0,1155.0,1198.0,1184.857142857143,74.61105497048855,1285.0,1099.0,1209.4285714285713,82.50474511828314,1384.0,1099.0,1235.5333333333333,105.46309481433025,1481.0,1086.0,1166.540425531915
2021-08-25,1125,89041.13,0,113.15,100.25,2021,8,25,2,3,237,0,0,0,-0.8660254037844385,-0.5000000000000004,0.9749279121818236,-0.22252093395631434,1209.0,1099.0,1255.0,1132.0,1181.5714285714287,72.67016155859372,1285.0,1099.0,1213.2857142857142,81.01322643335946,1384.0,1099.0,1235.9,105.34716008479465,1481.0,1086.0,1166.7203389830509
2021-08-26,1153,94609.29,0,112.98,101.4125,2021,8,26,3,3,238,0,0,0,-0.8660254037844385,-0.5000000000000004,0.43388373911755823,-0.900968867902419,1125.0,1109.0,1192.0,1237.0,1185.2857142857142,68.27814263660447,1285.0,1109.0,1204.0,83.28265125462732,1384.0,1099.0,1235.6666666666667,105.5926895762881,1481.0,1086.0,1166.5443037974683
2021-08-27,1190,84279.48999999999,1,108.2425,95.78,2021,8,27,4,3,239,0,0,0,-0.8660254037844385,-0.5000000000000004,-0.433883739117558,-0.9009688679024191,1153.0,1121.0,1224.0,1338.0,1191.5714285714287,61.80306665222049,1285.0,1121.0,1201.2142857142858,84.36019711417656,1384.0,1099.0,1232.8666666666666,106.66438934350728,1481.0,1086.0,1166.4873949579833
2021-08-28,1203,97263.70999999999,0,114.39750000000001,102.87,2021,8,28,5,3,240,1,0,0,-0.8660254037844385,-0.5000000000000004,-0.9749279121818236,-0.2225209339563146,1190.0,1245.0,1128.0,1258.0,1201.4285714285713,53.63412204575401,1285.0,1125.0,1198.7857142857142,84.14289912124093,1384.0,1099.0,1227.9333333333334,105.0444678690191,1481.0,1086.0,1166.5857740585775
2021-08-29,1407,128151.84,1,106.0175,102.7525,2021,8,29,6,3,241,1,0,0,-0.8660254037844385,-0.5000000000000004,-0.7818314824680299,0.6234898018587334,1203.0,1285.0,1384.0,1206.0,1195.4285714285713,50.18584509220521,1285.0,1125.0,1204.142857142857,81.63978775728673,1384.0,1099.0,1226.1,104.98155831481655,1481.0,1086.0,1166.7375
2021-08-30,1242,107301.5,1,108.725,104.03999999999999,2021,8,30,0,3,242,0,0,0,-0.8660254037844385,-0.5000000000000004,0.0,1.0,1407.0,1203.0,1300.0,1410.0,1212.857142857143,91.03557650982391,1407.0,1125.0,1205.7857142857142,85.66947088524668,1407.0,1099.0,1232.8,109.9508981318494,1481.0,1086.0,1167.734439834025
2021-08-31,1155,96480.95999999999,1,106.83000000000001,103.4325,2021,8,31,1,3,243,0,0,1,-0.8660254037844385,-0.5000000000000004,0.7818314824680298,0.6234898018587336,1242.0,1209.0,1232.0,1481.0,1218.4285714285713,91.52387146323562,1407.0,1125.0,1201.642857142857,82.0905758133204,1407.0,1099.0,1227.2,104.7708172056101,1481.0,1086.0,1168.0413223140497
2021-09-01,1108,87490.70999999999,0,112.28,96.3,2021,9,1,2,3,244,0,1,0,-1.0,-1.8369701987210297e-16,0.9749279121818236,-0.22252093395631434,1155.0,1125.0,1099.0,1185.0,1210.7142857142858,94.67261886049509,1407.0,1125.0,1196.142857142857,82.47876849679008,1407.0,1099.0,1216.3333333333333,93.87935520301403,1472.0,1086.0,1167.9876543209878
2021-09-02,1229,105083.8,0,116.19999999999999,97.575,2021,9,2,3,3,245,0,0,0,-1.0,-1.8369701987210297e-16,0.43388373911755823,-0.900968867902419,1108.0,1153.0,1109.0,1472.0,1208.2857142857142,97.41614220397236,1407.0,1108.0,1196.7857142857142,81.69472120355951,1407.0,1108.0,1213.7666666666667,95.79852541278865,1472.0,1086.0,1167.7418032786886
2021-09-03,1130,93398.34,0,112.25750000000001,97.2675,2021,9,3,4,3,246,0,0,0,-1.0,-1.8369701987210297e-16,-0.433883739117558,-0.9009688679024191,1229.0,1190.0,1121.0,1121.0,1219.142857142857,94.41650380349837,1407.0,1108.0,1205.357142857143,77.98679093564145,1407.0,1108.0,1205.6666666666667,82.57132061742806,1407.0,1086.0,1167.9918367346938
2021-09-04,1378,113210.77,1,104.6925,101.34,2021,9,4,5,3,247,1,0,0,-1.0,-1.8369701987210297e-16,-0.9749279121818236,-0.2225209339563146,1130.0,1203.0,1245.0,1312.0,1210.5714285714287,100.05807837260744,1407.0,1108.0,1206.0,77.27174824554552,1407.0,1108.0,1205.9666666666667,82.2688960930446,1407.0,1086.0,1167.8373983739837
2021-09-05,1247,84577.70999999999,1,111.33500000000001,96.725,2021,9,5,6,3,248,1,0,0,-1.0,-1.8369701987210297e-16,-0.7818314824680299,0.6234898018587334,1378.0,1407.0,1285.0,1300.0,1235.5714285714287,118.08874790153489,1407.0,1108.0,1215.5,89.62378633444929,1407.0,1108.0,1208.1666666666667,86.00003341352134,1407.0,1086.0,1168.6882591093117
2021-09-06,1132,86802.20999999999,0,114.50750000000001,98.8,2021,9,6,0,3,249,0,0,0,-1.0,-1.8369701987210297e-16,0.0,1.0,1247.0,1242.0,1203.0,1239.0,1212.7142857142858,91.97411644173543,1378.0,1108.0,1212.7857142857142,87.91620010986695,1407.0,1108.0,1206.4,84.58115873995494,1407.0,1086.0,1169.0040322580646
2021-09-07,1329,119768.92000000001,1,105.4125,95.975,2021,9,7,1,3,250,0,0,0,-1.0,-1.8369701987210297e-16,0.7818314824680298,0.6234898018587336,1132.0,1155.0,1209.0,1159.0,1197.0,95.46727187889981,1378.0,1108.0,1207.7142857142858,90.532976203258,1407.0,1108.0,1202.8333333333333,85.41100766227625,1407.0,1086.0,1168.855421686747
2021-09-08,1188,95322.19,1,110.49499999999999,103.3175,2021,9,8,2,3,251,0,0,0,-1.0,-1.8369701987210297e-16,0.9749279121818236,-0.22252093395631434,1329.0,1108.0,1125.0,1086.0,1221.857142857143,104.89586673049943,1378.0,1108.0,1216.2857142857142,96.16926469786186,1407.0,1108.0,1208.5,88.00264494457953,1407.0,1086.0,1169.496
2021-09-09,1212,97848.95,1,111.3025,98.75999999999999,2021,9,9,3,3,252,0,0,0,-1.0,-1.8369701987210297e-16,0.43388373911755823,-0.900968867902419,1188.0,1229.0,1153.0,1155.0,1233.2857142857142,94.24032096315231,1378.0,1130.0,1220.7857142857142,92.99063523687863,1407.0,1108.0,1211.9,85.02670979939595,1407.0,1099.0,1169.569721115538
2021-09-10,1082,86818.43000000001,0,114.9875,98.4575,2021,9,10,4,3,253,0,0,0,-1.0,-1.8369701987210297e-16,-0.433883739117558,-0.9009688679024191,1212.0,1130.0,1190.0,1255.0,1230.857142857143,94.58757594847955,1378.0,1130.0,1225.0,90.99788670411736,1407.0,1108.0,1213.8,84.34551272736284,1407.0,1099.0,1169.7380952380952
2021-09-11,1362,109676.75,1,105.35000000000001,100.2975,2021,9,11,5,3,254,1,0,0,-1.0,-1.8369701987210297e-16,-0.9749279121818236,-0.2225209339563146,1082.0,1378.0,1203.0,1192.0,1224.0,104.35356566340471,1378.0,1082.0,1217.2857142857142,98.46469775151222,1407.0,1082.0,1208.0333333333333,87.29398736388094,1407.0,1082.0,1169.391304347826
2021-09-12,1183,93884.25,0,115.765,103.75999999999999,2021,9,12,6,3,255,1,0,0,-1.0,-1.8369701987210297e-16,-0.7818314824680299,0.6234898018587334,1362.0,1247.0,1407.0,1224.0,1221.7142857142858,100.52315535191185,1362.0,1082.0,1228.642857142857,105.60128724656668,1407.0,1082.0,1213.7,91.62748797017458,1407.0,1082.0,1170.1496062992126
2021-09-13,1145,92850.45000000001,0,113.595,102.91749999999999,2021,9,13,0,3,256,0,0,0,-1.0,-1.8369701987210297e-16,0.0,1.0,1183.0,1132.0,1242.0,1128.0,1212.5714285714287,100.75028063295345,1362.0,1082.0,1212.642857142857,92.67777689214525,1378.0,1082.0,1212.3333333333333,91.774210686482,1407.0,1082.0,1170.2
2021-09-14,1115,93992.51000000001,0,114.2175,101.9,2021,9,14,1,3,257,0,0,0,-1.0,-1.8369701987210297e-16,0.7818314824680298,0.6234898018587336,1145.0,1329.0,1155.0,1384.0,1214.4285714285713,99.12426064096962,1362.0,1082.0,1205.7142857142858,93.93158604613647,1378.0,1082.0,1212.9,91.28672147274064,1407.0,1082.0,1170.1015625
2021-09-15,1110,86810.1,0,111.6425,102.3975,2021,9,15,2,3,258,0,0,0,-1.0,-1.8369701987210297e-16,0.9749279121818236,-0.22252093395631434,1115.0,1188.0,1108.0,1300.0,1183.857142857143,90.52702832382509,1362.0,1082.0,1202.857142857143,96.17440659300348,1378.0,1082.0,1203.9333333333334,87.01206152353281,1407.0,1082.0,1169.8871595330738
2021-09-16,1231,103257.44,1,103.90249999999999,100.3775,2021,9,16,3,3,259,0,0,0,-1.0,-1.8369701987210297e-16,0.43388373911755823,-0.900968867902419,1110.0,1212.0,1229.0,1232.0,1172.7142857142858,94.63916434844074,1362.0,1082.0,1203.0,96.02403545266806,1378.0,1082.0,1197.6,86.69271933794234,1407.0,1082.0,1169.65503875969
2021-09-17,1184,98962.25,0,115.23249999999999,98.62,2021,9,17,4,3,260,0,0,0,-1.0,-1.8369701987210297e-16,-0.433883739117558,-0.9009688679024191,1231.0,1082.0,1130.0,1099.0,1175.4285714285713,96.21305722692809,1362.0,1082.0,1203.142857142857,96.06716972463052,1378.0,1082.0,1197.5666666666666,86.67922764854029,1407.0,1082.0,1169.8918918918919
2021-09-18,1414,113447.59,1,102.5925,102.9925,2021,9,18,5,3,261,1,0,0,-1.0,-1.8369701987210297e-16,-0.9749279121818236,-0.2225209339563146,1184.0,1362.0,1378.0,1109.0,1190.0,86.98658900466472,1362.0,1110.0,1207.0,93.96562382881494,1378.0,1082.0,1200.4,84.7131468036671,1407.0,1082.0,1169.946153846154
2021-09-19,1170,89854.3,0,114.53000000000002,98.11,2021,9,19,6,3,262,1,0,0,-1.0,-1.8369701987210297e-16,-0.7818314824680299,0.6234898018587334,1414.0,1183.0,1247.0,1121.0,1197.4285714285713,104.56713496259479,1414.0,1110.0,1209.5714285714287,99.34378094871728,1414.0,1082.0,1210.5666666666666,91.40349473939744,1414.0,1082.0,1170.88122605364
2021-09-20,1235,93915.8,1,108.505,99.985,2021,9,20,0,3,263,0,0,0,-1.0,-1.8369701987210297e-16,0.0,1.0,1170.0,1145.0,1132.0,1245.0,1195.5714285714287,104.98072385420181,1414.0,1110.0,1204.0714285714287,99.24365066744609,1414.0,1082.0,1212.2,90.17737310816942,1414.0,1082.0,1170.8778625954199
2021-09-21,1196,89889.95999999999,1,111.2775,102.12,2021,9,21,1,3,264,0,0,0,-1.0,-1.8369701987210297e-16,0.7818314824680298,0.6234898018587336,1235.0,1115.0,1329.0,1285.0,1208.4285714285713,103.25188802608987,1414.0,1110.0,1211.4285714285713,97.28840098918722,1414.0,1082.0,1211.8666666666666,90.07036840364404,1414.0,1082.0,1171.1216730038022
2021-09-22,1186,89008.15,0,110.955,97.9075,2021,9,22,2,3,265,0,0,0,-1.0,-1.8369701987210297e-16,0.9749279121818236,-0.22252093395631434,1196.0,1110.0,1188.0,1203.0,1220.0,95.26629344456782,1414.0,1110.0,1201.9285714285713,91.22960407313253,1414.0,1082.0,1208.9,89.03829087184711,1414.0,1082.0,1171.215909090909
2021-09-23,1279,102694.9,1,116.57499999999999,102.795,2021,9,23,3,3,266,0,0,0,-1.0,-1.8369701987210297e-16,0.43388373911755823,-0.900968867902419,1186.0,1231.0,1212.0,1209.0,1230.857142857143,84.3453783982425,1414.0,1170.0,1201.7857142857142,91.25465515748743,1414.0,1082.0,1208.3333333333333,89.13118318575322,1414.0,1082.0,1171.2716981132075
2021-09-24,1234,101129.19,1,112.31,98.8425,2021,9,24,4,3,267,0,0,0,-1.0,-1.8369701987210297e-16,-0.433883739117558,-0.9009688679024191,1279.0,1184.0,1082.0,1125.0,1237.7142857142858,86.28772466910515,1414.0,1170.0,1206.5714285714287,93.55928954059318,1414.0,1082.0,1210.6666666666667,90.0606436809677,1414.0,1082.0,1171.6766917293232
2021-09-25,1196,99312.02,0,111.85249999999999,101.3125,2021,9,25,5,3,268,1,0,0,-1.0,-1.8369701987210297e-16,-0.9749279121818236,-0.2225209339563146,1234.0,1414.0,1362.0,1153.0,1244.857142857143,83.11122782438044,1414.0,1170.0,1217.4285714285713,86.54808737673748,1414.0,1110.0,1214.3,88.67342252371513,1414.0,1082.0,1171.9101123595506
2021-09-26,1289,99447.58,1,113.855,100.60249999999999,2021,9,26,6,3,269,1,0,0,-1.0,-1.8369701987210297e-16,-0.7818314824680299,0.6234898018587334,1196.0,1170.0,1183.0,1190.0,1213.7142857142858,37.49095128922806,1279.0,1170.0,1205.5714285714287,75.93895755621853,1414.0,1110.0,1215.7333333333333,87.99331218056342,1414.0,1082.0,1172.0
2021-09-27,1113,94234.91,0,112.00750000000001,98.2575,2021,9,27,0,3,270,0,0,0,-1.0,-1.8369701987210297e-16,0.0,1.0,1289.0,1235.0,1145.0,1203.0,1230.7142857142858,41.16517251963479,1289.0,1186.0,1213.142857142857,78.74775419787363,1414.0,1110.0,1219.0333333333333,88.84720837922795,1414.0,1082.0,1172.4349442379182
2021-09-28,1096,91663.23999999999,1,110.43749999999999,100.865,2021,9,28,1,3,271,0,0,0,-1.0,-1.8369701987210297e-16,0.7818314824680298,0.6234898018587336,1113.0,1196.0,1115.0,1407.0,1213.2857142857142,60.38684814238339,1289.0,1113.0,1210.857142857143,81.3008251853823,1414.0,1110.0,1216.0333333333333,90.90293547604094,1414.0,1082.0,1172.2148148148149
2021-09-29,1179,89746.87000000001,1,108.8625,96.60499999999999,2021,9,29,2,3,272,0,0,0,-1.0,-1.8369701987210297e-16,0.9749279121818236,-0.22252093395631434,1096.0,1186.0,1110.0,1242.0,1199.0,75.17535057007157,1289.0,1096.0,1209.5,83.16133532061399,1414.0,1096.0,1205.6666666666667,85.97366610985105,1414.0,1082.0,1171.9335793357934
2021-09-30,1164,103048.16,1,105.54750000000001,95.995,2021,9,30,3,3,273,0,0,1,-1.0,-1.8369701987210297e-16,0.43388373911755823,-0.900968867902419,1179.0,1279.0,1231.0,1155.0,1198.0,75.42325017305004,1289.0,1096.0,1214.4285714285713,78.7378457391888,1414.0,1096.0,1203.5666666666666,85.82487515518233,1414.0,1082.0,1171.9595588235295
2021-10-01,1095,69823.11,0,113.07,98.2425,2021,10,1,4,4,274,0,1,0,-0.8660254037844386,0.5000000000000001,-0.433883739117558,-0.9009688679024191,1164.0,1234.0,1184.0,1108.0,1181.5714285714287,66.88013442684002,1289.0,1096.0,1209.642857142857,79.68361200383633,1414.0,1096.0,1203.8666666666666,85.66483740611679,1414.0,1082.0,1171.930402930403
2021-10-02,1191,92697.72,0,115.45500000000001,98.7575,2021,10,2,5,4,275,1,0,0,-0.8660254037844386,0.5000000000000001,-0.9749279121818236,-0.2225209339563146,1095.0,1196.0,1414.0,1229.0,1161.7142857142858,69.31020676570343,1289.0,1095.0,1203.2857142857142,85.24302684896573,1414.0,1095.0,1203.4333333333334,86.19772112090385,1414.0,1082.0,1171.6496350364964
2021-10-03,1264,86013.78,1,110.96249999999999,99.84,2021,10,3,6,4,276,1,0,0,-0.8660254037844386,0.5000000000000001,-0.7818314824680299,0.6234898018587334,1191.0,1289.0,1170.0,1130.0,1161.0,68.92266197219266,1289.0,1095.0,1187.357142857143,59.910968743827965,1289.0,1095.0,1202.1666666666667,86.08819989359675,1414.0,1082.0,1171.72
2021-10-04,951,66362.18,0,114.14500000000001,98.89,2021,10,4,0,4,277,0,0,0,-0.8660254037844386,0.5000000000000001,0.0,1.0,1264.0,1113.0,1235.0,1378.0,1157.4285714285713,61.424363089511765,1264.0,1095.0,1194.0714285714287,63.00361929251245,1289.0,1095.0,1206.6333333333334,85.69009250796339,1414.0,1082.0,1172.054347826087
2021-10-05,1227,83378.01000000001,1,112.4725,100.5175,2021,10,5,1,4,278,0,0,0,-0.8660254037844386,0.5000000000000001,0.7818314824680298,0.6234898018587336,951.0,1096.0,1196.0,1247.0,1134.2857142857142,99.60541197765254,1264.0,951.0,1173.7857142857142,89.11977987425023,1289.0,951.0,1192.4,91.50941161319652,1414.0,951.0,1171.2563176895308
2021-10-06,1173,105379.76999999999,0,113.69,98.675,2021,10,6,2,4,279,0,0,0,-0.8660254037844386,0.5000000000000001,0.9749279121818236,-0.22252093395631434,1227.0,1179.0,1186.0,1132.0,1153.0,103.44563789739902,1264.0,951.0,1176.0,90.0939680385027,1289.0,951.0,1191.7333333333333,91.170145345388,1414.0,951.0,1171.4568345323742
2021-10-07,1072,91335.27,0,115.3075,96.7225,2021,10,7,3,4,280,0,0,0,-0.8660254037844386,0.5000000000000001,0.43388373911755823,-0.900968867902419,1173.0,1164.0,1279.0,1329.0,1152.142857142857,103.21890745954761,1264.0,951.0,1175.0714285714287,90.04995561072846,1289.0,951.0,1193.1,90.54903415391696,1414.0,951.0,1171.4623655913979
2021-10-08,1031,80814.62999999999,0,113.7175,100.06,2021,10,8,4,4,281,0,0,0,-0.8660254037844386,0.5000000000000001,-0.433883739117558,-0.9009688679024191,1072.0,1095.0,1234.0,1188.0,1139.0,107.23649876169242,1264.0,951.0,1160.2857142857142,88.65614523489975,1289.0,951.0,1184.5333333333333,89.39826941676758,1414.0,951.0,1171.107142857143
2021-10-09,1191,93153.85,0,111.525,93.9475,2021,10,9,5,4,282,1,0,0,-0.8660254037844386,0.5000000000000001,-0.9749279121818236,-0.2225209339563146,1031.0,1191.0,1196.0,1212.0,1129.857142857143,114.12044597913197,1264.0,951.0,1145.7857142857142,92.20226809443291,1289.0,951.0,1179.3,93.68109881861113,1414.0,951.0,1170.6085409252669
2021-10-10,1213,92498.76,1,112.63499999999999,98.9025,2021,10,10,6,4,283,1,0,0,-0.8660254037844386,0.5000000000000001,-0.7818314824680299,0.6234898018587334,1191.0,1264.0,1289.0,1082.0,1129.857142857143,114.12044597913197,1264.0,951.0,1145.4285714285713,92.00226944166661,1289.0,951.0,1178.6,93.50662893705841,1414.0,951.0,1170.6808510638298
2021-10-11,1082,80698.11,0,112.0725,97.925,2021,10,11,0,4,284,0,0,0,-0.8660254037844386,0.5000000000000001,0.0,1.0,1213.0,951.0,1113.0,1362.0,1122.5714285714287,105.42589362969056,1227.0,951.0,1140.0,84.8428411376416,1264.0,951.0,1182.9666666666667,91.88466658819252,1414.0,951.0,1170.8303886925796
2021-10-12,1129,81924.33,0,112.35750000000002,102.10249999999999,2021,10,12,1,4,285,0,0,0,-0.8660254037844386,0.5000000000000001,0.7818314824680298,0.6234898018587336,1082.0,1227.0,1096.0,1183.0,1141.2857142857142,77.93739856601505,1227.0,1031.0,1137.7857142857142,85.99837079979575,1264.0,951.0,1173.6333333333334,87.17184112463029,1414.0,951.0,1170.5176056338028
2021-10-13,1133,88540.95,1,112.7975,106.36,2021,10,13,2,4,286,0,0,0,-0.8660254037844386,0.5000000000000001,0.9749279121818236,-0.22252093395631434,1129.0,1173.0,1179.0,1145.0,1127.2857142857142,68.1633192797848,1213.0,1031.0,1140.142857142857,85.21362941080514,1264.0,951.0,1171.8333333333333,87.52855035036909,1414.0,951.0,1170.3719298245614
2021-10-14,1189,79164.79000000001,1,111.0525,100.1325,2021,10,14,3,4,287,0,0,0,-0.8660254037844386,0.5000000000000001,0.43388373911755823,-0.900968867902419,1133.0,1072.0,1164.0,1115.0,1121.5714285714287,65.30915490408293,1213.0,1031.0,1136.857142857143,84.48382379790736,1264.0,951.0,1171.4333333333334,87.68268941466623,1414.0,951.0,1170.2412587412587
2021-10-15,1237,88437.53,1,104.33000000000001,102.795,2021,10,15,4,4,288,0,0,0,-0.8660254037844386,0.5000000000000001,-0.433883739117558,-0.9009688679024191,1189.0,1031.0,1095.0,1110.0,1138.2857142857142,65.47954969737664,1213.0,1031.0,1138.642857142857,85.36131995848197,1264.0,951.0,1173.9,87.07917522933371,1414.0,951.0,1170.3066202090592
2021-10-16,1369,113881.23999999999,1,104.89250000000001,103.6775,2021,10,16,5,4,289,1,0,0,-0.8660254037844386,0.5000000000000001,-0.9749279121818236,-0.2225209339563146,1237.0,1191.0,1191.0,1231.0,1167.7142857142858,54.6159753360183,1237.0,1082.0,1148.7857142857142,88.16695575957891,1264.0,951.0,1178.1333333333334,86.95251709919255,1414.0,951.0,1170.5381944444443
2021-10-17,1345,104001.02,1,113.995,98.62,2021,10,17,6,4,290,1,0,0,-0.8660254037844386,0.5000000000000001,-0.7818314824680299,0.6234898018587334,1369.0,1213.0,1264.0,1184.0,1193.142857142857,94.29108931287907,1369.0,1082.0,1161.5,105.79497588768793,1369.0,951.0,1182.7333333333333,93.26674143268639,1414.0,951.0,1171.2249134948097
2021-10-18,1042,85963.72,1,103.325,101.97999999999999,2021,10,18,0,4,291,0,0,0,-0.8660254037844386,0.5000000000000001,0.0,1.0,1345.0,1082.0,951.0,1414.0,1212.0,110.6962811781249,1369.0,1082.0,1167.2857142857142,113.74764820657637,1369.0,951.0,1188.1,97.86103800093787,1414.0,951.0,1171.8241379310346
2021-10-19,1111,76188.38,1,114.91,105.0175,2021,10,19,1,4,292,0,0,0,-0.8660254037844386,0.5000000000000001,0.7818314824680298,0.6234898018587336,1042.0,1129.0,1227.0,1170.0,1206.2857142857142,119.22907123923785,1369.0,1042.0,1173.7857142857142,102.47940023500871,1369.0,1031.0,1175.7,91.61920819536229,1369.0,951.0,1171.3780068728522
2021-10-20,1325,92705.05,1,108.7125,94.65,2021,10,20,2,4,293,0,0,0,-0.8660254037844386,0.5000000000000001,0.9749279121818236,-0.22252093395631434,1111.0,1133.0,1173.0,1235.0,1203.7142857142858,121.3489655026826,1369.0,1042.0,1165.5,102.53535975457234,1369.0,1031.0,1173.7333333333333,92.37589375549634,1369.0,951.0,1171.1712328767123
2021-10-21,1169,88183.14,0,112.97999999999999,101.7175,2021,10,21,3,4,294,0,0,0,-0.8660254037844386,0.5000000000000001,0.43388373911755823,-0.900968867902419,1325.0,1189.0,1072.0,1196.0,1231.142857142857,124.36294808801654,1369.0,1042.0,1176.357142857143,111.08181817772869,1369.0,1031.0,1176.7333333333333,95.83100546898021,1369.0,951.0,1171.6962457337884
2021-10-22,1169,89392.07999999999,0,112.5,101.4675,2021,10,22,4,4,295,0,0,0,-0.8660254037844386,0.5000000000000001,-0.433883739117558,-0.9009688679024191,1169.0,1237.0,1031.0,1186.0,1228.2857142857142,125.71490800711716,1369.0,1042.0,1183.2857142857142,107.02295122034236,1369.0,1031.0,1175.8333333333333,95.77058915516156,1369.0,951.0,1171.687074829932
2021-10-23,1184,94707.84,0,113.18249999999999,100.285,2021,10,23,5,4,296,1,0,0,-0.8660254037844386,0.5000000000000001,-0.9749279121818236,-0.2225209339563146,1169.0,1369.0,1191.0,1279.0,1218.5714285714287,127.54326996860925,1369.0,1042.0,1193.142857142857,97.88286338810641,1369.0,1042.0,1175.2666666666667,95.75865256064434,1369.0,951.0,1171.677966101695
2021-10-24,1274,114191.61,1,105.7125,96.33500000000001,2021,10,24,6,4,297,1,0,0,-0.8660254037844386,0.5000000000000001,-0.7818314824680299,0.6234898018587334,1184.0,1345.0,1213.0,1234.0,1192.142857142857,108.99606808111318,1345.0,1042.0,1192.642857142857,97.91252543654663,1369.0,1042.0,1172.1,93.75990982107162,1369.0,951.0,1171.7195945945946
2021-10-25,1107,85972.11,1,110.4725,98.19,2021,10,25,0,4,298,0,0,0,-0.8660254037844386,0.5000000000000001,0.0,1.0,1274.0,1042.0,1082.0,1196.0,1182.0,94.77693108909182,1325.0,1042.0,1197.0,100.21822343113098,1369.0,1042.0,1173.4333333333334,94.94742041613597,1369.0,951.0,1172.063973063973
2021-10-26,1203,96163.81,0,114.44250000000001,98.525,2021,10,26,1,4,299,0,0,0,-0.8660254037844386,0.5000000000000001,0.7818314824680298,0.6234898018587336,1107.0,1111.0,1129.0,1289.0,1191.2857142857142,80.95001397099671,1325.0,1107.0,1198.7857142857142,98.21419180814586,1369.0,1042.0,1170.4666666666667,95.60613648366741,1369.0,951.0,1171.8456375838925
2021-10-27,1174,85812.83,0,114.3025,95.69,2021,10,27,2,4,300,0,0,0,-0.8660254037844386,0.5000000000000001,0.9749279121818236,-0.22252093395631434,1203.0,1325.0,1133.0,1113.0,1204.4285714285713,72.80077184310753,1325.0,1107.0,1204.0714285714287,96.1388933428435,1369.0,1042.0,1167.6,93.18820407814852,1369.0,951.0,1171.9498327759197
2021-10-28,1192,86376.25,1,112.0925,102.1725,2021,10,28,3,4,301,0,0,0,-0.8660254037844386,0.5000000000000001,0.43388373911755823,-0.900968867902419,1174.0,1169.0,1189.0,1096.0,1182.857142857143,49.88462879962099,1274.0,1107.0,1207.0,94.41642621102211,1369.0,1042.0,1169.6333333333334,92.61953444560089,1369.0,951.0,1171.9566666666667
2021-10-29,1138,78432.16,1,113.43,97.385,2021,10,29,4,4,302,0,0,0,-0.8660254037844386,0.5000000000000001,-0.433883739117558,-0.9009688679024191,1192.0,1169.0,1237.0,1179.0,1186.142857142857,49.57630002137427,1274.0,1107.0,1207.2142857142858,94.37582690125979,1369.0,1042.0,1172.8333333333333,91.64100999358304,1369.0,951.0,1172.0232558139535
2021-10-30,1327,87784.05,1,113.28750000000001,100.555,2021,10,30,5,4,303,1,0,0,-0.8660254037844386,0.5000000000000001,-0.9749279121818236,-0.2225209339563146,1138.0,1184.0,1369.0,1164.0,1181.7142857142858,52.65204739834793,1274.0,1107.0,1200.142857142857,95.67240349865051,1369.0,1042.0,1171.4666666666667,91.85135417819448,1369.0,951.0,1171.91059602649
2021-10-31,1237,93216.57,0,111.76250000000002,102.945,2021,10,31,6,4,304,1,0,1,-0.8660254037844386,0.5000000000000001,-0.7818314824680299,0.6234898018587334,1327.0,1274.0,1345.0,1095.0,1202.142857142857,76.17398631078733,1327.0,1107.0,1197.142857142857,90.48829685728234,1345.0,1042.0,1176.9,96.11643441949744,1369.0,951.0,1172.4224422442244
2021-11-01,1298,94718.73999999999,1,112.09750000000001,99.0625,2021,11,1,0,4,305,0,1,0,-0.5000000000000004,0.8660254037844384,0.0,1.0,1237.0,1107.0,1042.0,1191.0,1196.857142857143,71.49691968056621,1327.0,1107.0,1189.4285714285713,81.022042856072,1327.0,1042.0,1181.6333333333334,95.43818484462649,1369.0,951.0,1172.6348684210527
2021-11-02,1165,87096.03,0,112.7425,104.54249999999999,2021,11,2,1,4,306,0,0,0,-0.5000000000000004,0.8660254037844384,0.7818314824680298,0.6234898018587336,1298.0,1203.0,1111.0,1264.0,1224.142857142857,67.84155209365466,1327.0,1138.0,1207.7142857142858,73.75158780186739,1327.0,1107.0,1185.2,97.77116139230583,1369.0,951.0,1173.0459016393443
2021-11-03,1355,123508.23999999999,0,113.38,97.2375,2021,11,3,2,4,307,0,0,0,-0.5000000000000004,0.8660254037844384,0.9749279121818236,-0.22252093395631434,1165.0,1174.0,1325.0,951.0,1218.7142857142858,71.25006265661305,1327.0,1138.0,1211.5714285714287,69.5996400142254,1327.0,1107.0,1181.9,96.68446724731363,1369.0,951.0,1173.0196078431372
2021-11-04,1195,92527.48,0,113.77,100.6125,2021,11,4,3,4,308,0,0,0,-0.5000000000000004,0.8660254037844384,0.43388373911755823,-0.900968867902419,1355.0,1192.0,1169.0,1227.0,1244.5714285714287,84.01757185822672,1355.0,1138.0,1213.7142857142858,73.70150668685122,1355.0,1107.0,1195.3666666666666,91.4060600621877,1369.0,1031.0,1173.6123778501628
2021-11-05,1199,90603.33,0,114.61500000000001,101.83,2021,11,5,4,4,309,0,0,0,-0.5000000000000004,0.8660254037844384,-0.433883739117558,-0.9009688679024191,1195.0,1138.0,1169.0,1173.0,1245.0,83.711807211806,1355.0,1138.0,1215.5714285714287,72.8103059967513,1355.0,1107.0,1194.3,91.21068827266203,1369.0,1031.0,1173.6818181818182
2021-11-06,1372,105255.4,1,114.29249999999999,98.94,2021,11,6,5,4,310,1,0,0,-0.5000000000000004,0.8660254037844384,-0.9749279121818236,-0.2225209339563146,1199.0,1327.0,1184.0,1072.0,1253.7142857142858,73.23640780767006,1355.0,1165.0,1217.7142857142858,71.76824728723163,1355.0,1107.0,1195.1666666666667,91.12480389585365,1369.0,1031.0,1173.7637540453075
2021-11-07,1460,139594.34,1,107.485,97.9175,2021,11,7,6,4,311,1,0,0,-0.5000000000000004,0.8660254037844384,-0.7818314824680299,0.6234898018587334,1372.0,1237.0,1274.0,1031.0,1260.142857142857,82.17142360421167,1372.0,1165.0,1231.142857142857,81.85433322758092,1372.0,1107.0,1205.1666666666667,93.5705831070258,1372.0,1031.0,1174.4032258064517
2021-11-08,1327,114078.69,1,111.13,98.835,2021,11,8,0,4,312,0,0,0,-0.5000000000000004,0.8660254037844384,0.0,1.0,1460.0,1298.0,1107.0,1191.0,1292.0,110.16351483136324,1460.0,1165.0,1244.4285714285713,101.9688597153485,1460.0,1107.0,1219.4666666666667,98.67736816771142,1460.0,1042.0,1175.3215434083602
2021-11-09,1084,94410.62,0,111.5,101.48,2021,11,9,1,4,313,0,0,0,-0.5000000000000004,0.8660254037844384,0.7818314824680298,0.6234898018587336,1327.0,1165.0,1203.0,1213.0,1296.142857142857,110.969107670301,1460.0,1165.0,1260.142857142857,95.93415782380539,1460.0,1138.0,1224.0,100.4328562806514,1460.0,1042.0,1175.8076923076924
2021-11-10,1365,105300.7,1,110.75999999999999,99.23,2021,11,10,2,4,314,0,0,0,-0.5000000000000004,0.8660254037844384,0.9749279121818236,-0.22252093395631434,1084.0,1355.0,1174.0,1082.0,1284.5714285714287,129.58505204801088,1460.0,1084.0,1251.642857142857,106.1179366719717,1460.0,1084.0,1219.7,103.63069376229946,1460.0,1042.0,1175.5143769968051
2021-11-11,1420,115302.49000000002,1,106.05499999999999,101.6625,2021,11,11,3,4,315,0,0,0,-0.5000000000000004,0.8660254037844384,0.43388373911755823,-0.900968867902419,1365.0,1195.0,1192.0,1129.0,1286.0,130.54245797185416,1460.0,1084.0,1265.2857142857142,107.63501615783267,1460.0,1084.0,1229.1333333333334,103.54433777400769,1460.0,1042.0,1176.1178343949045
2021-11-12,1209,103219.87,0,111.3725,95.7975,2021,11,12,4,4,316,0,0,0,-0.5000000000000004,0.8660254037844384,-0.433883739117558,-0.9009688679024191,1420.0,1199.0,1138.0,1133.0,1318.142857142857,132.09268030620106,1460.0,1084.0,1281.5714285714287,112.81756156646222,1460.0,1084.0,1238.8333333333333,107.39905712465401,1460.0,1042.0,1176.8920634920635
2021-11-13,1215,87560.47,1,110.965,97.945,2021,11,13,5,4,317,1,0,0,-0.5000000000000004,0.8660254037844384,-0.9749279121818236,-0.2225209339563146,1209.0,1372.0,1327.0,1189.0,1319.5714285714287,130.6354433054793,1460.0,1084.0,1286.642857142857,107.3295479732035,1460.0,1084.0,1241.3666666666666,105.69947095856188,1460.0,1042.0,1176.993670886076
2021-11-14,1214,101889.76,0,112.22,101.0475,2021,11,14,6,4,318,1,0,0,-0.5000000000000004,0.8660254037844384,-0.7818314824680299,0.6234898018587334,1215.0,1460.0,1237.0,1237.0,1297.142857142857,133.5782274816628,1460.0,1084.0,1278.642857142857,108.26009076639244,1460.0,1084.0,1242.2333333333333,105.36134321314665,1460.0,1042.0,1177.1135646687696
2021-11-15,1273,113917.04000000001,1,103.65499999999999,101.1075,2021,11,15,0,4,319,0,0,0,-0.5000000000000004,0.8660254037844384,0.0,1.0,1214.0,1327.0,1298.0,1369.0,1262.0,114.60366486286519,1420.0,1084.0,1277.0,109.11179869924646,1460.0,1084.0,1241.4666666666667,105.48434540934075,1460.0,1042.0,1177.2295597484276
2021-11-16,1297,102830.96,0,114.615,98.6825,2021,11,16,1,4,320,0,0,0,-0.5000000000000004,0.8660254037844384,0.7818314824680298,0.6234898018587336,1273.0,1084.0,1165.0,1345.0,1254.2857142857142,111.26801619769867,1420.0,1084.0,1275.2142857142858,108.94612540957341,1460.0,1084.0,1238.2666666666667,102.90669806065809,1460.0,1042.0,1177.5297805642633
2021-11-17,1326,94865.34,1,112.68,98.8275,2021,11,17,2,4,321,0,0,0,-0.5000000000000004,0.8660254037844384,0.9749279121818236,-0.22252093395631434,1297.0,1365.0,1355.0,1042.0,1284.7142857142858,82.2895584419518,1420.0,1209.0,1284.642857142857,104.28629760487317,1460.0,1084.0,1236.6666666666667,101.55424347518135,1460.0,1042.0,1177.903125
2021-11-18,1235,99118.51999999999,0,112.6225,101.6925,2021,11,18,3,4,322,0,0,0,-0.5000000000000004,0.8660254037844384,0.43388373911755823,-0.900968867902419,1326.0,1420.0,1195.0,1111.0,1279.142857142857,77.1047524938821,1420.0,1209.0,1282.5714285714287,103.06212785404001,1460.0,1084.0,1246.1333333333334,95.85935578729055,1460.0,1084.0,1178.3644859813085
2021-11-19,1375,134672.58000000002,1,112.62,100.2625,2021,11,19,4,4,323,0,0,0,-0.5000000000000004,0.8660254037844384,-0.433883739117558,-0.9009688679024191,1235.0,1209.0,1199.0,1325.0,1252.7142857142858,46.349089475824655,1326.0,1209.0,1285.4285714285713,100.98112107313487,1460.0,1084.0,1250.2666666666667,92.4441801130928,1460.0,1084.0,1178.5403726708075
2021-11-20,1381,132457.12,1,111.34,95.5575,2021,11,20,5,4,324,1,0,0,-0.5000000000000004,0.8660254037844384,-0.9749279121818236,-0.2225209339563146,1375.0,1215.0,1372.0,1169.0,1276.4285714285713,60.547108774509866,1375.0,1214.0,1298.0,100.34708995052539,1460.0,1084.0,1251.9333333333334,94.27067900222511,1460.0,1084.0,1179.1486068111456
2021-11-21,1330,104307.93000000001,0,113.235,98.09,2021,11,21,6,4,325,1,0,0,-0.5000000000000004,0.8660254037844384,-0.7818314824680299,0.6234898018587334,1381.0,1214.0,1460.0,1169.0,1300.142857142857,64.83422082878901,1381.0,1214.0,1298.642857142857,100.88501233724506,1460.0,1084.0,1259.0,95.7734395547026,1460.0,1084.0,1179.7716049382716
2021-11-22,1201,99889.66,1,110.0725,99.7825,2021,11,22,0,4,326,0,0,0,-0.5000000000000004,0.8660254037844384,0.0,1.0,1330.0,1273.0,1327.0,1184.0,1316.7142857142858,52.86685882388682,1381.0,1235.0,1289.357142857143,90.3204612160835,1420.0,1084.0,1264.3666666666666,95.06458179913287,1460.0,1084.0,1180.2338461538461
2021-11-23,1180,95021.26999999999,0,113.825,102.11,2021,11,23,1,4,327,0,0,0,-0.5000000000000004,0.8660254037844384,0.7818314824680298,0.6234898018587336,1201.0,1297.0,1084.0,1274.0,1306.4285714285713,67.70981500210326,1381.0,1201.0,1280.357142857143,92.53158059059453,1420.0,1084.0,1264.9333333333334,94.61862954762984,1460.0,1084.0,1180.29754601227
2021-11-24,1337,109608.4,0,114.3775,97.02,2021,11,24,2,4,328,0,0,0,-0.5000000000000004,0.8660254037844384,0.9749279121818236,-0.22252093395631434,1180.0,1326.0,1365.0,1107.0,1289.7142857142858,83.11380608481801,1381.0,1180.0,1287.2142857142858,79.50053562609175,1420.0,1180.0,1261.8,95.85635805365594,1460.0,1084.0,1180.296636085627
2021-11-25,1241,114353.17,1,104.7625,97.92,2021,11,25,3,4,329,0,0,0,-0.5000000000000004,0.8660254037844384,0.43388373911755823,-0.900968867902419,1337.0,1235.0,1420.0,1203.0,1291.2857142857142,84.01332093923004,1381.0,1180.0,1285.2142857142858,77.72553146655576,1420.0,1180.0,1269.4666666666667,92.17551972612878,1460.0,1084.0,1180.7743902439024
2021-11-26,1742,136272.43,1,107.305,103.3675,2021,11,26,4,4,330,0,0,0,-0.5000000000000004,0.8660254037844384,-0.433883739117558,-0.9009688679024191,1241.0,1375.0,1209.0,1174.0,1292.142857142857,83.37151506245704,1381.0,1180.0,1272.4285714285713,67.95667656757604,1381.0,1180.0,1270.7333333333333,91.48918659802462,1460.0,1084.0,1180.9574468085107
2021-11-27,1465,106241.53,1,112.07,93.5775,2021,11,27,5,4,331,1,0,0,-0.5000000000000004,0.8660254037844384,-0.9749279121818236,-0.2225209339563146,1742.0,1381.0,1215.0,1192.0,1344.5714285714287,190.59980512656833,1742.0,1180.0,1310.5,140.38888296990928,1742.0,1180.0,1289.6666666666667,123.83507757005673,1742.0,1084.0,1182.6575757575758
2021-11-28,1477,111438.11,1,114.10250000000002,98.67,2021,11,28,6,4,332,1,0,0,-0.5000000000000004,0.8660254037844384,-0.7818314824680299,0.6234898018587334,1465.0,1330.0,1214.0,1138.0,1356.5714285714287,195.8476083956244,1742.0,1180.0,1328.357142857143,143.17907407420873,1742.0,1180.0,1298.7666666666667,126.41439336790361,1742.0,1084.0,1183.5105740181268
2021-11-29,1161,84870.20999999999,0,114.2225,100.3975,2021,11,29,0,4,333,0,0,0,-0.5000000000000004,0.8660254037844384,0.0,1.0,1477.0,1201.0,1273.0,1327.0,1377.5714285714287,200.35290293451177,1742.0,1180.0,1347.142857142857,144.26996976441345,1742.0,1180.0,1310.0666666666666,126.69919122658845,1742.0,1084.0,1184.394578313253
2021-11-30,1165,95628.23,0,115.44749999999999,99.4,2021,11,30,1,4,334,0,0,1,-0.5000000000000004,0.8660254037844384,0.7818314824680298,0.6234898018587336,1161.0,1180.0,1297.0,1237.0,1371.857142857143,206.69819267991446,1742.0,1161.0,1339.142857142857,151.6158390055709,1742.0,1161.0,1304.5333333333333,129.52745237802137,1742.0,1084.0,1184.3243243243244
2021-12-01,1205,90117.5,0,110.58250000000001,94.71000000000001,2021,12,1,2,4,335,0,1,0,-2.4492935982947064e-16,1.0,0.9749279121818236,-0.22252093395631434,1165.0,1337.0,1326.0,1298.0,1369.7142857142858,209.08269040877488,1742.0,1161.0,1329.7142857142858,158.39115581925256,1742.0,1161.0,1302.1333333333334,131.4743277243701,1742.0,1084.0,1184.2664670658683
2021-12-02,1172,82127.1,0,112.74,93.9525,2021,12,2,3,4,336,0,0,0,-2.4492935982947064e-16,1.0,0.43388373911755823,-0.900968867902419,1205.0,1241.0,1235.0,1165.0,1350.857142857143,218.27538307638585,1742.0,1161.0,1321.0714285714287,161.87243994326917,1742.0,1161.0,1299.0333333333333,132.6661569331179,1742.0,1084.0,1184.3283582089553
2021-12-03,1290,108897.44,1,112.0275,104.6575,2021,12,3,4,4,337,0,0,0,-2.4492935982947064e-16,1.0,-0.433883739117558,-0.9009688679024191,1172.0,1742.0,1375.0,1355.0,1341.0,225.5016629650436,1742.0,1161.0,1316.5714285714287,165.2888912855853,1742.0,1161.0,1299.2666666666667,132.42823256998318,1742.0,1084.0,1184.2916666666667
2021-12-04,1384,111054.4,1,110.085,98.9125,2021,12,4,5,4,338,1,0,0,-2.4492935982947064e-16,1.0,-0.9749279121818236,-0.2225209339563146,1290.0,1465.0,1381.0,1195.0,1276.4285714285713,140.07124037771763,1477.0,1161.0,1310.5,164.5369960735989,1742.0,1161.0,1297.1,132.01602567295805,1742.0,1084.0,1184.605341246291
2021-12-05,1291,108684.62999999999,0,114.91999999999999,101.06,2021,12,5,6,4,339,1,0,0,-2.4492935982947064e-16,1.0,-0.7818314824680299,0.6234898018587334,1384.0,1477.0,1330.0,1199.0,1264.857142857143,124.36160791743355,1477.0,1161.0,1310.7142857142858,164.63779759096883,1742.0,1161.0,1303.4,131.4842589241311,1742.0,1084.0,1185.1952662721894
2021-12-06,1243,100671.13,1,107.495,100.75,2021,12,6,0,4,340,0,0,0,-2.4492935982947064e-16,1.0,0.0,1.0,1291.0,1161.0,1201.0,1372.0,1238.2857142857142,85.17768543015235,1384.0,1161.0,1307.9285714285713,164.61632047592784,1742.0,1161.0,1306.4666666666667,130.03016449332546,1742.0,1084.0,1185.5073746312685
2021-12-07,1283,110515.68000000001,1,106.43,100.9375,2021,12,7,1,4,341,0,0,0,-2.4492935982947064e-16,1.0,0.7818314824680298,0.6234898018587336,1243.0,1165.0,1180.0,1460.0,1250.0,78.12383332462153,1384.0,1165.0,1310.9285714285713,162.8914052063838,1742.0,1161.0,1302.1666666666667,129.92121839217066,1742.0,1084.0,1185.6764705882354
2021-12-08,1237,113772.78,1,106.8475,101.365,2021,12,8,2,4,342,0,0,0,-2.4492935982947064e-16,1.0,0.9749279121818236,-0.22252093395631434,1283.0,1205.0,1337.0,1327.0,1266.857142857143,68.91402511203941,1384.0,1172.0,1318.2857142857142,158.7976111869501,1742.0,1161.0,1296.2666666666667,126.47991072139605,1742.0,1084.0,1185.9618768328446
2021-12-09,1102,79852.68,0,113.0075,95.9025,2021,12,9,3,4,343,0,0,0,-2.4492935982947064e-16,1.0,0.43388373911755823,-0.900968867902419,1237.0,1172.0,1241.0,1084.0,1271.4285714285713,65.08163371965239,1384.0,1172.0,1311.142857142857,160.13449017952183,1742.0,1161.0,1293.2666666666667,126.79278053344622,1742.0,1084.0,1186.111111111111
2021-12-10,1349,111574.0,1,113.3075,94.17,2021,12,10,4,4,344,0,0,0,-2.4492935982947064e-16,1.0,-0.433883739117558,-0.9009688679024191,1102.0,1290.0,1742.0,1365.0,1261.4285714285713,85.17992162252192,1384.0,1102.0,1301.2142857142858,168.88784561242048,1742.0,1102.0,1293.8666666666666,125.80711380942587,1742.0,1102.0,1185.865889212828
2021-12-11,1298,103075.78,0,110.74249999999999,99.86749999999999,2021,12,11,5,4,345,1,0,0,-2.4492935982947064e-16,1.0,-0.9749279121818236,-0.2225209339563146,1349.0,1384.0,1465.0,1420.0,1269.857142857143,91.18557738924211,1384.0,1102.0,1273.142857142857,113.59838646122424,1477.0,1102.0,1293.3333333333333,125.5287666806624,1742.0,1102.0,1186.3401162790697
2021-12-12,1307,112152.56,0,115.23,96.2425,2021,12,12,6,4,346,1,0,0,-2.4492935982947064e-16,1.0,-0.7818314824680299,0.6234898018587334,1298.0,1291.0,1477.0,1209.0,1257.5714285714287,78.09792387948373,1349.0,1102.0,1261.2142857142858,99.83692747632149,1477.0,1102.0,1289.2666666666667,123.23902576401977,1742.0,1102.0,1186.663768115942
2021-12-13,1342,103876.61,0,113.85,102.04499999999999,2021,12,13,0,4,347,0,0,0,-2.4492935982947064e-16,1.0,0.0,1.0,1307.0,1243.0,1161.0,1215.0,1259.857142857143,79.46158101336005,1349.0,1102.0,1249.0714285714287,79.92541165719173,1384.0,1102.0,1292.5333333333333,122.33355570151255,1742.0,1102.0,1187.0115606936415
2021-12-14,1184,104756.98,1,104.835,105.205,2021,12,14,1,4,348,0,0,0,-2.4492935982947064e-16,1.0,0.7818314824680298,0.6234898018587336,1342.0,1283.0,1165.0,1214.0,1274.0,84.60496439334956,1349.0,1102.0,1262.0,79.21926727566026,1384.0,1102.0,1296.7666666666667,121.75404357325117,1742.0,1102.0,1187.4582132564842
2021-12-15,1211,100773.65,1,110.785,96.4425,2021,12,15,2,4,349,0,0,0,-2.4492935982947064e-16,1.0,0.9749279121818236,-0.22252093395631434,1184.0,1237.0,1205.0,1273.0,1259.857142857143,90.89082933466268,1349.0,1102.0,1263.357142857143,77.57537986010611,1384.0,1102.0,1295.7666666666667,122.57768355515407,1742.0,1102.0,1187.448275862069
2021-12-16,1338,104965.79999999999,1,111.72000000000001,97.22999999999999,2021,12,16,3,4,350,0,0,0,-2.4492935982947064e-16,1.0,0.43388373911755823,-0.900968867902419,1211.0,1102.0,1172.0,1297.0,1256.142857142857,92.49761901697491,1349.0,1102.0,1263.7857142857142,77.2440473897054,1384.0,1102.0,1293.7,123.49400376341194,1742.0,1102.0,1187.5157593123208
2021-12-17,1260,106990.83,0,115.1225,98.6825,2021,12,17,4,4,351,0,0,0,-2.4492935982947064e-16,1.0,-0.433883739117558,-0.9009688679024191,1338.0,1349.0,1290.0,1326.0,1289.857142857143,66.23047780649165,1349.0,1184.0,1275.642857142857,74.77207123895181,1384.0,1102.0,1295.0666666666666,123.75836672053205,1742.0,1102.0,1187.9457142857143
2021-12-18,1396,107500.36,1,109.02250000000001,100.7,2021,12,18,5,4,352,1,0,0,-2.4492935982947064e-16,1.0,-0.9749279121818236,-0.2225209339563146,1260.0,1298.0,1384.0,1235.0,1277.142857142857,61.34717752656718,1342.0,1184.0,1273.5,74.75884305809483,1384.0,1102.0,1292.8666666666666,123.7761420199131,1742.0,1102.0,1188.1509971509972
2021-12-19,1288,104479.54999999999,1,113.26750000000001,97.8675,2021,12,19,6,4,353,1,0,0,-2.4492935982947064e-16,1.0,-0.7818314824680299,0.6234898018587334,1396.0,1307.0,1291.0,1375.0,1291.142857142857,76.26801114366049,1396.0,1184.0,1274.357142857143,76.17854244910816,1396.0,1102.0,1298.2333333333333,124.66774693735803,1742.0,1102.0,1188.7414772727273
2021-12-20,1331,97387.86,1,111.1625,97.2825,2021,12,20,0,4,354,0,0,0,-2.4492935982947064e-16,1.0,0.0,1.0,1288.0,1342.0,1243.0,1381.0,1288.4285714285713,75.9470366831542,1396.0,1184.0,1274.142857142857,76.13233129316421,1396.0,1102.0,1295.3333333333333,123.82950830249284,1742.0,1102.0,1189.0226628895184
2021-12-21,1270,99650.89,0,111.8275,96.0825,2021,12,21,1,4,355,0,0,0,-2.4492935982947064e-16,1.0,0.7818314824680298,0.6234898018587336,1331.0,1184.0,1283.0,1330.0,1286.857142857143,74.75834083103707,1396.0,1184.0,1280.4285714285713,76.9912225623715,1396.0,1102.0,1293.6666666666667,122.9702328245332,1742.0,1102.0,1189.4237288135594
2021-12-22,1125,88453.31999999999,1,110.9375,99.0525,2021,12,22,2,4,356,0,0,0,-2.4492935982947064e-16,1.0,0.9749279121818236,-0.22252093395631434,1270.0,1211.0,1237.0,1201.0,1299.142857142857,60.801394094293094,1396.0,1211.0,1279.5,77.03620527438504,1396.0,1102.0,1291.6666666666667,122.84678804646744,1742.0,1102.0,1189.650704225352
2021-12-23,1283,104301.77,1,114.11250000000001,100.46249999999999,2021,12,23,3,4,357,0,0,0,-2.4492935982947064e-16,1.0,0.43388373911755823,-0.900968867902419,1125.0,1338.0,1102.0,1180.0,1286.857142857143,85.32375318246868,1396.0,1125.0,1271.5,86.96484700949489,1396.0,1102.0,1289.1333333333334,125.5351944972868,1742.0,1102.0,1189.4691011235955
2021-12-24,1130,83131.43,0,110.29499999999999,101.025,2021,12,24,4,4,358,0,0,0,-2.4492935982947064e-16,1.0,-0.433883739117558,-0.9009688679024191,1283.0,1260.0,1349.0,1337.0,1279.0,82.30836328506732,1396.0,1125.0,1284.4285714285713,71.9932841800765,1396.0,1125.0,1292.5666666666666,123.84464220263713,1742.0,1102.0,1189.7310924369747
2021-12-25,1462,109188.38,1,109.2675,98.6125,2021,12,25,5,4,359,1,0,0,-2.4492935982947064e-16,1.0,-0.9749279121818236,-0.2225209339563146,1130.0,1396.0,1298.0,1241.0,1260.4285714285713,100.06140971566217,1396.0,1125.0,1268.7857142857142,80.20759466383763,1396.0,1125.0,1285.6666666666667,127.00972901462382,1742.0,1102.0,1189.5642458100558
2021-12-26,1195,96466.70999999999,0,113.16750000000002,99.62,2021,12,26,6,4,360,1,0,0,-2.4492935982947064e-16,1.0,-0.7818314824680299,0.6234898018587334,1462.0,1288.0,1307.0,1742.0,1269.857142857143,116.69251414355071,1462.0,1125.0,1280.5,95.3493576276226,1462.0,1125.0,1293.0333333333333,130.68558829689718,1742.0,1102.0,1190.3231197771588
2021-12-27,1103,73609.57,0,113.58249999999998,100.30250000000001,2021,12,27,0,4,361,0,0,0,-2.4492935982947064e-16,1.0,0.0,1.0,1195.0,1331.0,1342.0,1465.0,1256.5714285714287,119.54198306154034,1462.0,1125.0,1272.5,97.62624962265456,1462.0,1125.0,1274.8,100.57572203106136,1477.0,1102.0,1190.3361111111112
2021-12-28,1237,105660.07,0,112.3525,100.6425,2021,12,28,1,4,362,0,0,0,-2.4492935982947064e-16,1.0,0.7818314824680298,0.6234898018587336,1103.0,1270.0,1184.0,1477.0,1224.0,126.72805529952619,1462.0,1103.0,1255.4285714285713,105.14511165762625,1462.0,1103.0,1262.7333333333333,98.66695402257187,1477.0,1102.0,1190.0941828254847
2021-12-29,1316,95715.78,0,111.11000000000001,102.66,2021,12,29,2,4,363,0,0,0,-2.4492935982947064e-16,1.0,0.9749279121818236,-0.22252093395631434,1237.0,1125.0,1211.0,1161.0,1219.2857142857142,125.33782920001119,1462.0,1103.0,1259.2142857142858,103.31369599535184,1462.0,1103.0,1254.7333333333333,90.04823739236444,1462.0,1102.0,1190.2237569060774
2021-12-30,1326,104397.59,1,114.29750000000001,97.775,2021,12,30,3,4,364,0,0,0,-2.4492935982947064e-16,1.0,0.43388373911755823,-0.900968867902419,1316.0,1283.0,1338.0,1165.0,1246.5714285714287,122.14043439535314,1462.0,1103.0,1266.7142857142858,103.35556891805034,1462.0,1103.0,1259.9,88.92435762664077,1462.0,1102.0,1190.5702479338843
2021-12-31,1191,93013.18,0,113.77250000000001,101.2625,2021,12,31,4,4,365,0,0,1,-2.4492935982947064e-16,1.0,-0.433883739117558,-0.9009688679024191,1326.0,1130.0,1260.0,1205.0,1252.7142857142858,125.31788151964308,1462.0,1103.0,1265.857142857143,102.7669934612041,1462.0,1103.0,1265.2666666666667,87.85133733338796,1462.0,1102.0,1190.9423076923076
2022-01-01,1107,82091.28,0,110.1475,98.505,2022,1,1,5,1,1,1,1,0,0.49999999999999994,0.8660254037844387,-0.9749279121818236,-0.2225209339563146,1191.0,1462.0,1396.0,1172.0,1261.4285714285713,117.22180846989303,1462.0,1103.0,1260.9285714285713,104.70578875020426,1462.0,1103.0,1264.8,88.21892829968627,1462.0,1102.0,1190.9424657534246
2022-01-02,1038,82027.73000000001,0,114.53750000000001,104.0475,2022,1,2,6,1,2,1,0,0,0.49999999999999994,0.8660254037844387,-0.7818314824680299,0.6234898018587334,1107.0,1195.0,1288.0,1290.0,1210.7142857142858,89.49993349292399,1326.0,1103.0,1240.2857142857142,104.51604850741589,1462.0,1103.0,1262.6333333333334,91.3203846010217,1462.0,1102.0,1190.7131147540983
2022-01-03,1165,94910.83,0,113.57499999999999,101.3075,2022,1,3,0,1,3,0,0,0,0.49999999999999994,0.8660254037844387,0.0,1.0,1038.0,1103.0,1331.0,1384.0,1188.2857142857142,111.14812082039178,1326.0,1038.0,1222.4285714285713,116.41617273697548,1462.0,1038.0,1254.2333333333333,99.90294715660335,1462.0,1038.0,1190.2970027247957
2022-01-04,1144,94106.34,1,112.19500000000001,97.86,2022,1,4,1,1,4,0,0,0,0.49999999999999994,0.8660254037844387,0.7818314824680298,0.6234898018587336,1165.0,1237.0,1270.0,1291.0,1197.142857142857,105.54845423063225,1326.0,1038.0,1210.5714285714287,112.90820933955038,1462.0,1038.0,1246.9333333333334,98.07841104261452,1462.0,1038.0,1190.2282608695652
2022-01-05,1062,86410.47,1,108.89249999999998,106.8375,2022,1,5,2,1,5,0,0,0,0.49999999999999994,0.8660254037844387,0.9749279121818236,-0.22252093395631434,1144.0,1316.0,1125.0,1243.0,1183.857142857143,105.54845423063205,1326.0,1038.0,1201.5714285714287,112.82847041533309,1462.0,1038.0,1242.0333333333333,99.46320870079472,1462.0,1038.0,1190.1029810298103
2022-01-06,1186,77628.14,1,112.64,100.3675,2022,1,6,3,1,6,0,0,0,0.49999999999999994,0.8660254037844387,0.43388373911755823,-0.900968867902419,1062.0,1326.0,1283.0,1283.0,1147.5714285714287,95.75464678516599,1326.0,1038.0,1197.0714285714287,117.28562393753772,1462.0,1038.0,1236.0,104.75159450683564,1462.0,1038.0,1189.7567567567567
2022-01-07,1133,79179.1,0,112.285,100.655,2022,1,7,4,1,7,0,0,0,0.49999999999999994,0.8660254037844387,-0.433883739117558,-0.9009688679024191,1186.0,1191.0,1130.0,1237.0,1127.5714285714287,60.351352215879665,1191.0,1038.0,1190.142857142857,114.65456959785875,1462.0,1038.0,1232.7666666666667,104.74786915233364,1462.0,1038.0,1189.7466307277627
2022-01-08,1262,96310.18,1,112.83500000000001,101.63,2022,1,8,5,1,8,1,0,0,0.49999999999999994,0.8660254037844387,-0.9749279121818236,-0.2225209339563146,1133.0,1107.0,1462.0,1102.0,1119.2857142857142,53.819805170316705,1186.0,1038.0,1190.357142857143,114.53626039405536,1462.0,1038.0,1229.3,106.31221099618304,1462.0,1038.0,1189.5940860215053
2022-01-09,1209,102878.22,0,113.48750000000001,94.16499999999999,2022,1,9,6,1,9,1,0,0,0.49999999999999994,0.8660254037844387,-0.7818314824680299,0.6234898018587334,1262.0,1038.0,1195.0,1349.0,1141.4285714285713,75.45828238803138,1262.0,1038.0,1176.0714285714287,87.2780387265656,1326.0,1038.0,1234.6333333333334,103.68669097361462,1462.0,1038.0,1189.7882037533511
2022-01-10,1069,85236.4,1,106.64500000000001,101.1575,2022,1,10,0,1,10,0,0,0,0.49999999999999994,0.8660254037844387,0.0,1.0,1209.0,1165.0,1103.0,1298.0,1165.857142857143,63.05402067916943,1262.0,1062.0,1177.0714285714287,87.59123971451208,1326.0,1038.0,1229.9666666666667,101.4890798723376,1462.0,1038.0,1189.8395721925133
2022-01-11,1079,79088.20999999999,1,105.43,99.4375,2022,1,11,1,1,11,0,0,0,0.49999999999999994,0.8660254037844387,0.7818314824680298,0.6234898018587336,1069.0,1144.0,1237.0,1307.0,1152.142857142857,72.93702436903406,1262.0,1062.0,1174.642857142857,90.2344017143522,1326.0,1038.0,1222.3333333333333,104.75499604029726,1462.0,1038.0,1189.5173333333332
2022-01-12,1015,77525.51000000001,0,115.29499999999999,98.675,2022,1,12,2,1,12,0,0,0,0.49999999999999994,0.8660254037844387,0.9749279121818236,-0.22252093395631434,1079.0,1062.0,1316.0,1342.0,1142.857142857143,78.10127735068758,1262.0,1062.0,1163.357142857143,91.7040449932916,1326.0,1038.0,1214.7333333333333,106.6541084561449,1462.0,1038.0,1189.223404255319
2022-01-13,1062,77418.85,1,103.86500000000001,101.8825,2022,1,13,3,1,13,0,0,0,0.49999999999999994,0.8660254037844387,0.43388373911755823,-0.900968867902419,1015.0,1186.0,1326.0,1184.0,1136.142857142857,87.64783429807223,1262.0,1015.0,1141.857142857143,88.38887603422212,1326.0,1015.0,1203.8333333333333,109.86043915784444,1462.0,1015.0,1188.761273209549
2022-01-14,1123,76749.39,1,110.95000000000002,97.61,2022,1,14,4,1,14,0,0,0,0.49999999999999994,0.8660254037844387,-0.433883739117558,-0.9009688679024191,1062.0,1133.0,1191.0,1211.0,1118.4285714285713,88.4191855931266,1262.0,1015.0,1123.0,72.88241319993283,1262.0,1015.0,1199.7666666666667,112.8375956341953,1462.0,1015.0,1188.4259259259259
2022-01-15,1302,93056.33,1,108.345,101.41,2022,1,15,5,1,15,1,0,0,0.49999999999999994,0.8660254037844387,-0.9749279121818236,-0.2225209339563146,1123.0,1262.0,1107.0,1338.0,1117.0,88.22509091333399,1262.0,1015.0,1118.142857142857,70.21927977946525,1262.0,1015.0,1196.8333333333333,113.67621391124807,1462.0,1015.0,1188.2532981530344
2022-01-16,1121,89205.82,1,113.04,101.975,2022,1,16,6,1,16,1,0,0,0.49999999999999994,0.8660254037844387,-0.7818314824680299,0.6234898018587334,1302.0,1209.0,1038.0,1260.0,1122.7142857142858,99.72748582297075,1302.0,1015.0,1132.0714285714287,85.5133496422202,1302.0,1015.0,1195.6333333333334,112.31651192311459,1462.0,1015.0,1188.5526315789473
2022-01-17,986,65076.58,0,112.6225,99.8125,2022,1,17,0,1,17,0,0,0,0.49999999999999994,0.8660254037844387,0.0,1.0,1121.0,1069.0,1165.0,1396.0,1110.142857142857,92.30823107290524,1302.0,1015.0,1138.0,81.26121224412223,1302.0,1015.0,1191.0,112.43664882946501,1462.0,1015.0,1188.3753280839894
2022-01-18,1161,65855.98,0,112.9925,97.59,2022,1,18,1,1,18,0,0,0,0.49999999999999994,0.8660254037844387,0.7818314824680298,0.6234898018587336,986.0,1079.0,1144.0,1288.0,1098.2857142857142,103.1660704652328,1302.0,986.0,1125.2142857142858,90.26898144428465,1302.0,986.0,1177.3333333333333,111.5741081487809,1462.0,986.0,1187.84554973822
2022-01-19,1126,80719.03,0,112.91499999999999,96.7975,2022,1,19,2,1,19,0,0,0,0.49999999999999994,0.8660254037844387,0.9749279121818236,-0.22252093395631434,1161.0,1015.0,1062.0,1331.0,1110.0,105.24574417365298,1302.0,986.0,1126.4285714285713,90.65463990476901,1302.0,986.0,1173.1,109.62266000333761,1462.0,986.0,1187.7754569190602
2022-01-20,1246,84948.90000000001,1,110.48749999999998,97.16,2022,1,20,3,1,20,0,0,0,0.49999999999999994,0.8660254037844387,0.43388373911755823,-0.900968867902419,1126.0,1062.0,1186.0,1270.0,1125.857142857143,96.54951850635476,1302.0,986.0,1131.0,88.7494312007754,1302.0,986.0,1166.2666666666667,105.76191001109932,1462.0,986.0,1187.6145833333333
2022-01-21,1009,73855.37,0,113.96499999999999,100.57,2022,1,21,4,1,21,0,0,0,0.49999999999999994,0.8660254037844387,-0.433883739117558,-0.9009688679024191,1246.0,1123.0,1133.0,1125.0,1152.142857142857,101.2018256940509,1302.0,986.0,1135.2857142857142,92.95857520044268,1302.0,986.0,1165.4666666666667,105.03849321782818,1462.0,986.0,1187.7662337662337
2022-01-22,1122,91085.73999999999,0,110.965,96.0825,2022,1,22,5,1,22,1,0,0,0.49999999999999994,0.8660254037844387,-0.9749279121818236,-0.2225209339563146,1009.0,1302.0,1262.0,1283.0,1135.857142857143,114.91653285671728,1302.0,986.0,1126.4285714285713,98.90999349502765,1302.0,986.0,1161.6,108.65243542663185,1462.0,986.0,1187.30310880829
2022-01-23,1194,94121.9,1,105.35999999999999,103.405,2022,1,23,6,1,23,1,0,0,0.49999999999999994,0.8660254037844387,-0.7818314824680299,0.6234898018587334,1122.0,1121.0,1209.0,1130.0,1110.142857142857,88.68939916252033,1246.0,986.0,1116.4285714285713,90.90207265616309,1302.0,986.0,1156.2333333333333,106.40219187959468,1462.0,986.0,1187.1343669250646
2022-01-24,1303,90755.98000000001,1,103.935,99.155,2022,1,24,0,1,24,0,0,0,0.49999999999999994,0.8660254037844387,0.0,1.0,1194.0,986.0,1069.0,1462.0,1120.5714285714287,94.2936143876408,1246.0,986.0,1115.357142857143,89.80886297093066,1302.0,986.0,1158.3666666666666,106.49963034850539,1462.0,986.0,1187.1520618556701
2022-01-25,1165,88637.32,0,111.3425,97.815,2022,1,25,1,1,25,0,0,0,0.49999999999999994,0.8660254037844387,0.7818314824680298,0.6234898018587336,1303.0,1161.0,1079.0,1195.0,1165.857142857143,95.0112775261045,1303.0,1009.0,1132.0714285714287,101.5279152864729,1303.0,986.0,1153.0666666666666,94.10300055069528,1326.0,986.0,1187.4498714652957
2022-01-26,1123,91066.11,1,111.9025,102.5925,2022,1,26,2,1,26,0,0,0,0.49999999999999994,0.8660254037844387,0.9749279121818236,-0.22252093395631434,1165.0,1126.0,1015.0,1103.0,1166.4285714285713,94.98922244629638,1303.0,1009.0,1138.2142857142858,100.66790686473594,1303.0,986.0,1152.0666666666666,93.80093865177739,1326.0,986.0,1187.3923076923077
2022-01-27,1044,83711.84,0,116.27,101.575,2022,1,27,3,1,27,0,0,0,0.49999999999999994,0.8660254037844387,0.43388373911755823,-0.900968867902419,1123.0,1246.0,1062.0,1237.0,1166.0,95.20854303404849,1303.0,1009.0,1145.9285714285713,94.44531530159294,1303.0,986.0,1152.7333333333333,93.51080827566562,1326.0,986.0,1187.227621483376
2022-01-28,1083,88501.7,1,104.185,102.34,2022,1,28,4,1,28,0,0,0,0.49999999999999994,0.8660254037844387,-0.433883739117558,-0.9009688679024191,1044.0,1009.0,1123.0,1316.0,1137.142857142857,97.50457864706823,1303.0,1009.0,1144.642857142857,95.78871552525243,1303.0,986.0,1146.3,94.15033832598286,1326.0,986.0,1186.8622448979593
2022-01-29,1388,107161.81,1,114.16250000000001,100.825,2022,1,29,5,1,29,1,0,0,0.49999999999999994,0.8660254037844387,-0.9749279121818236,-0.2225209339563146,1083.0,1122.0,1302.0,1326.0,1147.7142857142858,84.43086774735254,1303.0,1044.0,1141.7857142857142,97.07188341353147,1303.0,986.0,1138.5333333333333,89.14603800480711,1326.0,986.0,1186.5979643765904
2022-01-30,1312,97941.78,0,111.94,96.745,2022,1,30,6,1,30,1,0,0,0.49999999999999994,0.8660254037844387,-0.7818314824680299,0.6234898018587334,1388.0,1194.0,1121.0,1191.0,1185.7142857142858,122.2970622237964,1388.0,1044.0,1147.9285714285713,109.86807773641186,1388.0,986.0,1140.6,94.21640533624306,1388.0,986.0,1187.1091370558377
2022-01-31,1049,88482.73999999999,0,115.2675,105.08500000000001,2022,1,31,0,1,31,0,0,1,0.49999999999999994,0.8660254037844387,0.0,1.0,1312.0,1303.0,986.0,1107.0,1202.5714285714287,131.42153190257233,1388.0,1044.0,1161.5714285714287,117.83672816865852,1388.0,986.0,1144.6333333333334,98.92089606428667,1388.0,986.0,1187.4253164556962
2022-02-01,1114,85320.8,0,115.7675,99.065,2022,2,1,1,1,32,0,1,0,0.8660254037844386,0.5000000000000001,0.7818314824680298,0.6234898018587336,1049.0,1165.0,1161.0,1038.0,1166.2857142857142,134.10905299508195,1388.0,1044.0,1166.0714285714287,111.65707410550414,1388.0,1009.0,1142.7,100.23976428956762,1388.0,986.0,1187.0757575757575
2022-02-02,967,70911.96,0,113.66000000000001,97.6675,2022,2,2,2,1,33,0,0,0,0.8660254037844386,0.5000000000000001,0.9749279121818236,-0.22252093395631434,1114.0,1123.0,1126.0,1165.0,1159.0,135.5679411463722,1388.0,1044.0,1162.7142857142858,112.52447841140194,1388.0,1009.0,1145.2333333333333,98.44679407867126,1388.0,986.0,1186.8916876574308
2022-02-03,1066,85582.17000000001,0,113.38000000000001,102.0875,2022,2,3,3,1,34,0,0,0,0.8660254037844386,0.5000000000000001,0.43388373911755823,-0.900968867902419,967.0,1044.0,1246.0,1144.0,1136.7142857142858,154.036483000741,1388.0,967.0,1151.357142857143,123.95818596660577,1388.0,967.0,1138.6333333333334,103.57921617288383,1388.0,967.0,1186.3391959798994
2022-02-04,1069,83838.79000000001,0,113.4325,97.7025,2022,2,4,4,1,35,0,0,0,0.8660254037844386,0.5000000000000001,-0.433883739117558,-0.9009688679024191,1066.0,1083.0,1009.0,1062.0,1139.857142857143,152.04103456131728,1388.0,967.0,1138.5,122.71527395372644,1388.0,967.0,1136.0333333333333,104.41544453514413,1388.0,967.0,1186.0375939849623
2022-02-05,1279,97620.63,0,116.265,101.355,2022,2,5,5,1,36,1,0,0,0.8660254037844386,0.5000000000000001,-0.9749279121818236,-0.2225209339563146,1069.0,1388.0,1122.0,1186.0,1137.857142857143,153.00264547977267,1388.0,967.0,1142.7857142857142,118.8309585221646,1388.0,967.0,1136.2666666666667,104.25199355849286,1388.0,967.0,1185.745
2022-02-06,1260,108958.20999999999,0,117.69749999999999,102.705,2022,2,6,6,1,37,1,0,0,0.8660254037844386,0.5000000000000001,-0.7818314824680299,0.6234898018587334,1279.0,1312.0,1194.0,1133.0,1122.2857142857142,126.56449513418379,1312.0,967.0,1154.0,124.01364689172068,1388.0,967.0,1139.3666666666666,107.1249619428864,1388.0,967.0,1185.9775561097256
2022-02-07,1197,106009.01999999999,1,105.375,100.495,2022,2,7,0,1,38,0,0,0,0.8660254037844386,0.5000000000000001,0.0,1.0,1260.0,1049.0,1303.0,1262.0,1114.857142857143,114.5271853774271,1279.0,967.0,1158.7142857142858,126.8726972941031,1388.0,967.0,1143.6,109.35093774727031,1388.0,967.0,1186.1616915422885
2022-02-08,1108,77783.72,0,111.6975,98.6075,2022,2,8,1,1,39,0,0,0,0.8660254037844386,0.5000000000000001,0.7818314824680298,0.6234898018587336,1197.0,1114.0,1165.0,1209.0,1136.0,114.00292393910837,1279.0,967.0,1151.142857142857,120.60798362581751,1388.0,967.0,1141.4333333333334,107.55325331597861,1388.0,967.0,1186.1885856079405
2022-02-09,1199,102450.69,1,104.7775,99.5175,2022,2,9,2,1,40,0,0,0,0.8660254037844386,0.5000000000000001,0.9749279121818236,-0.22252093395631434,1108.0,967.0,1123.0,1069.0,1135.142857142857,114.2182538993176,1279.0,967.0,1147.0714285714287,121.06543957439047,1388.0,967.0,1138.0666666666666,106.94437269241988,1388.0,967.0,1185.9950495049504
2022-02-10,1070,75193.95999999999,0,114.2825,98.0925,2022,2,10,3,1,41,0,0,0,0.8660254037844386,0.5000000000000001,0.43388373911755823,-0.900968867902419,1199.0,1066.0,1044.0,1079.0,1168.2857142857142,87.93125020096313,1279.0,1066.0,1152.5,121.6057627683051,1388.0,967.0,1142.4,106.68277177269036,1388.0,967.0,1186.027160493827
2022-02-11,1015,84334.43,1,110.2825,102.725,2022,2,11,4,1,42,0,0,0,0.8660254037844386,0.5000000000000001,-0.433883739117558,-0.9009688679024191,1070.0,1069.0,1083.0,1015.0,1168.857142857143,87.16541472286553,1279.0,1069.0,1154.357142857143,120.0093631878239,1388.0,967.0,1142.1,106.87967775607235,1388.0,967.0,1185.7413793103449
2022-02-12,1220,89979.8,1,115.83000000000001,98.265,2022,2,12,5,1,43,1,0,0,0.8660254037844386,0.5000000000000001,-0.9749279121818236,-0.2225209339563146,1015.0,1279.0,1388.0,1062.0,1161.142857142857,99.05457851007746,1279.0,1015.0,1149.5,124.41478393478084,1388.0,967.0,1142.1,106.87967775607235,1388.0,967.0,1185.3218673218673
2022-02-13,1036,75275.43,0,113.48499999999999,99.4125,2022,2,13,6,1,44,1,0,0,0.8660254037844386,0.5000000000000001,-0.7818314824680299,0.6234898018587334,1220.0,1260.0,1312.0,1123.0,1152.7142857142858,89.39372514465224,1260.0,1015.0,1137.5,106.44590536620206,1312.0,967.0,1147.3666666666666,106.68919841048461,1388.0,967.0,1185.4068627450981
2022-02-14,1064,86411.09,1,113.655,101.53999999999999,2022,2,14,0,1,45,0,0,0,0.8660254037844386,0.5000000000000001,0.0,1.0,1036.0,1197.0,1049.0,1302.0,1120.7142857142858,84.54922488450606,1220.0,1015.0,1117.7857142857142,96.75916062489759,1279.0,967.0,1144.4666666666667,108.54070691437269,1388.0,967.0,1185.0415647921761
2022-02-15,1162,76064.16,1,108.74,94.4125,2022,2,15,1,1,46,0,0,0,0.8660254037844386,0.5000000000000001,0.7818314824680298,0.6234898018587336,1064.0,1108.0,1114.0,1121.0,1101.7142857142858,79.33203280246053,1220.0,1015.0,1118.857142857143,96.01911439744643,1279.0,967.0,1136.5333333333333,105.27819741321183,1388.0,967.0,1184.7463414634146
2022-02-16,1172,98139.26999999999,0,111.7,98.31,2022,2,16,2,1,47,0,0,0,0.8660254037844386,0.5000000000000001,0.9749279121818236,-0.22252093395631434,1162.0,1199.0,967.0,986.0,1109.4285714285713,82.6031822285619,1220.0,1015.0,1122.2857142857142,96.68698788551238,1279.0,967.0,1137.9,105.33570308697841,1388.0,967.0,1184.69099756691
2022-02-17,1218,86274.77,1,112.70749999999998,98.4825,2022,2,17,3,1,48,0,0,0,0.8660254037844386,0.5000000000000001,0.43388373911755823,-0.900968867902419,1172.0,1070.0,1066.0,1161.0,1105.5714285714287,78.23864591290537,1220.0,1015.0,1136.9285714285713,86.32894539600542,1279.0,1015.0,1144.1,101.49039363407991,1388.0,967.0,1184.6601941747572
2022-02-18,1262,117096.16,1,102.81499999999998,99.2425,2022,2,18,4,1,49,0,0,0,0.8660254037844386,0.5000000000000001,-0.433883739117558,-0.9009688679024191,1218.0,1015.0,1069.0,1126.0,1126.7142857142858,86.57696823388318,1220.0,1015.0,1147.7857142857142,86.28056075869522,1279.0,1015.0,1146.0,102.34761591145691,1388.0,967.0,1184.7409200968523
2022-02-19,1282,103212.18,1,110.0575,97.08,2022,2,19,5,1,50,1,0,0,0.8660254037844386,0.5000000000000001,-0.9749279121818236,-0.2225209339563146,1262.0,1220.0,1279.0,1246.0,1162.0,83.74564665302263,1262.0,1036.0,1161.5714285714287,88.12291615492624,1279.0,1015.0,1150.5333333333333,104.42213179779415,1388.0,967.0,1184.927536231884
2022-02-20,1136,88081.51999999999,0,112.8425,99.6,2022,2,20,6,1,51,1,0,0,0.8660254037844386,0.5000000000000001,-0.7818314824680299,0.6234898018587334,1282.0,1036.0,1260.0,1009.0,1170.857142857143,93.60097679587804,1282.0,1036.0,1161.7857142857142,88.43352877155147,1282.0,1015.0,1151.7333333333333,105.75538898255286,1388.0,967.0,1185.1614457831324
2022-02-21,1186,82106.18,0,113.71499999999999,102.365,2022,2,21,0,1,52,0,0,0,0.8660254037844386,0.5000000000000001,0.0,1.0,1136.0,1064.0,1197.0,1122.0,1185.142857142857,75.46175316328083,1282.0,1064.0,1152.9285714285713,83.93538200096616,1282.0,1015.0,1155.9666666666667,102.3312684654481,1388.0,967.0,1185.0432692307693
2022-02-22,1272,82442.4,1,112.5375,97.53999999999999,2022,2,22,1,1,53,0,0,0,0.8660254037844386,0.5000000000000001,0.7818314824680298,0.6234898018587336,1186.0,1162.0,1108.0,1194.0,1202.5714285714287,53.79856609878698,1282.0,1136.0,1152.142857142857,83.54165901637667,1282.0,1015.0,1158.1,102.2658300704614,1388.0,967.0,1185.0455635491608
2022-02-23,1103,87494.16,0,112.35749999999999,101.7975,2022,2,23,2,1,54,0,0,0,0.8660254037844386,0.5000000000000001,0.9749279121818236,-0.22252093395631434,1272.0,1172.0,1199.0,1303.0,1218.2857142857142,55.99319686567314,1282.0,1136.0,1163.857142857143,88.24167613204789,1282.0,1015.0,1160.7,104.18357471972152,1388.0,967.0,1185.2535885167465
2022-02-24,1077,79441.97,0,110.24,102.39,2022,2,24,3,1,55,0,0,0,0.8660254037844386,0.5000000000000001,0.43388373911755823,-0.900968867902419,1103.0,1218.0,1070.0,1165.0,1208.4285714285713,69.8566559531177,1282.0,1103.0,1157.0,89.0272214204506,1282.0,1015.0,1154.0333333333333,101.11771335440432,1388.0,967.0,1185.0572792362768
2022-02-25,987,69427.02,0,113.8325,97.4525,2022,2,25,4,1,56,0,0,0,0.8660254037844386,0.5000000000000001,-0.433883739117558,-0.9009688679024191,1077.0,1262.0,1015.0,1123.0,1188.2857142857142,85.26569119662285,1282.0,1077.0,1157.5,88.51922868029088,1282.0,1015.0,1151.1,102.0606141737239,1388.0,967.0,1184.8
2022-02-26,1170,98651.26999999999,0,113.7075,98.045,2022,2,26,5,1,57,1,0,0,0.8660254037844386,0.5000000000000001,-0.9749279121818236,-0.2225209339563146,987.0,1282.0,1220.0,1044.0,1149.0,106.37982264821738,1282.0,987.0,1155.5,92.22526768733054,1282.0,987.0,1146.5666666666666,106.28481038954119,1388.0,967.0,1184.3301662707838
2022-02-27,1260,94133.59999999999,0,112.79,96.7375,2022,2,27,6,1,58,1,0,0,0.8660254037844386,0.5000000000000001,-0.7818314824680299,0.6234898018587334,1170.0,1136.0,1036.0,1083.0,1133.0,90.2404196207706,1272.0,987.0,1151.9285714285713,90.48711279744391,1282.0,987.0,1150.7666666666667,104.56764295910796,1388.0,967.0,1184.2962085308056
2022-02-28,1114,96405.1,1,113.34,97.69,2022,2,28,0,1,59,0,0,1,0.8660254037844386,0.5000000000000001,0.0,1.0,1260.0,1186.0,1064.0,1388.0,1150.7142857142858,102.29322930626587,1272.0,987.0,1167.9285714285713,88.1863972466304,1282.0,987.0,1156.6666666666667,105.60052681861158,1388.0,967.0,1184.4751773049645
2022-03-01,1263,100343.67,1,112.30000000000001,100.0425,2022,3,1,1,1,60,0,1,0,1.0,6.123233995736766e-17,0.7818314824680298,0.6234898018587336,1114.0,1272.0,1162.0,1312.0,1140.4285714285713,101.7723884342827,1272.0,987.0,1171.5,84.59291659743978,1282.0,987.0,1147.5333333333333,96.34626250587549,1312.0,967.0,1184.308962264151
2022-03-02,1025,87170.01000000001,0,110.98000000000002,98.4925,2022,3,2,2,1,61,0,0,0,1.0,6.123233995736766e-17,0.9749279121818236,-0.22252093395631434,1263.0,1103.0,1172.0,1049.0,1139.142857142857,99.87229941518144,1263.0,987.0,1178.7142857142858,87.96015581494223,1282.0,987.0,1145.9,93.84482790297197,1282.0,967.0,1184.4941176470588
2022-03-03,1179,89102.48,0,111.86250000000001,102.785,2022,3,3,3,1,62,0,0,0,1.0,6.123233995736766e-17,0.43388373911755823,-0.900968867902419,1025.0,1077.0,1218.0,1114.0,1128.0,108.55106325288914,1263.0,987.0,1168.2142857142858,97.12020986815777,1282.0,987.0,1145.1,94.79682447758985,1282.0,967.0,1184.119718309859
2022-03-04,1212,93985.72,0,110.685,97.2825,2022,3,4,4,1,63,0,0,0,1.0,6.123233995736766e-17,-0.433883739117558,-0.9009688679024191,1179.0,987.0,1262.0,967.0,1142.5714285714287,107.40399921613036,1263.0,987.0,1165.4285714285713,96.1366929754897,1282.0,987.0,1147.2666666666667,94.80431145926256,1282.0,967.0,1184.1077283372365
2022-03-05,1286,125409.63999999998,1,112.98249999999999,98.37,2022,3,5,5,1,64,1,0,0,1.0,6.123233995736766e-17,-0.9749279121818236,-0.2225209339563146,1212.0,1170.0,1282.0,1066.0,1174.7142857142858,84.26093259574347,1263.0,1025.0,1161.857142857143,93.15566553880572,1282.0,987.0,1155.4333333333334,89.1224200026398,1282.0,987.0,1184.1728971962616
2022-03-06,1117,88250.42,0,113.1625,101.4375,2022,3,6,6,1,65,1,0,0,1.0,6.123233995736766e-17,-0.7818314824680299,0.6234898018587334,1286.0,1260.0,1136.0,1069.0,1191.2857142857142,94.02076771599195,1286.0,1025.0,1162.142857142857,93.55776261248855,1286.0,987.0,1162.7666666666667,90.54954191066001,1286.0,987.0,1184.4102564102564
2022-03-07,1273,87832.01000000001,1,115.41749999999999,97.905,2022,3,7,0,1,66,0,0,0,1.0,6.123233995736766e-17,0.0,1.0,1117.0,1114.0,1186.0,1279.0,1170.857142857143,92.11845376366867,1286.0,1025.0,1160.7857142857142,94.10238170077338,1286.0,987.0,1164.3666666666666,89.25031955253928,1286.0,987.0,1184.253488372093
2022-03-08,1227,105887.42,1,106.99000000000001,105.4425,2022,3,8,1,1,67,0,0,0,1.0,6.123233995736766e-17,0.7818314824680298,0.6234898018587336,1273.0,1263.0,1272.0,1260.0,1193.5714285714287,95.30977064788345,1286.0,1025.0,1167.0,98.65791714497348,1286.0,987.0,1164.1666666666667,88.99092682668135,1286.0,987.0,1184.45939675174
2022-03-09,1293,94170.24,1,113.29499999999999,97.95,2022,3,9,2,1,68,0,0,0,1.0,6.123233995736766e-17,0.9749279121818236,-0.22252093395631434,1227.0,1025.0,1103.0,1197.0,1188.4285714285713,91.8474407969657,1286.0,1025.0,1163.7857142857142,95.66140494266335,1286.0,987.0,1163.0666666666666,87.96352431090908,1286.0,987.0,1184.5578703703704
2022-03-10,1103,80254.92,0,114.96000000000001,97.33,2022,3,10,3,1,69,0,0,0,1.0,6.123233995736766e-17,0.43388373911755823,-0.900968867902419,1293.0,1179.0,1077.0,1108.0,1226.7142857142858,64.00706806208763,1293.0,1117.0,1177.357142857143,99.76403478890838,1293.0,987.0,1166.2666666666667,90.93648155807112,1293.0,987.0,1184.8083140877598
2022-03-11,1139,100400.73,0,114.83000000000001,102.10249999999999,2022,3,11,4,1,70,0,0,0,1.0,6.123233995736766e-17,-0.433883739117558,-0.9009688679024191,1103.0,1212.0,987.0,1199.0,1215.857142857143,78.299486101822,1293.0,1103.0,1179.2142857142858,97.97815971031335,1293.0,987.0,1166.1,91.05146328048623,1293.0,987.0,1184.6198156682028
2022-03-12,1195,89352.85,0,112.80499999999999,100.3075,2022,3,12,5,1,71,1,0,0,1.0,6.123233995736766e-17,-0.9749279121818236,-0.2225209339563146,1139.0,1286.0,1170.0,1070.0,1205.4285714285713,83.58200991213486,1293.0,1103.0,1190.0714285714287,82.1897095240535,1293.0,1025.0,1164.1,90.96280027837341,1293.0,987.0,1184.5149425287357
2022-03-13,1200,95887.43,0,110.935,98.8025,2022,3,13,6,1,72,1,0,0,1.0,6.123233995736766e-17,-0.7818314824680299,0.6234898018587334,1195.0,1117.0,1260.0,1015.0,1192.4285714285713,75.66341507592777,1293.0,1103.0,1191.857142857143,81.99142276234359,1293.0,1025.0,1168.2666666666667,89.35243405338692,1293.0,987.0,1184.538990825688
2022-03-14,1315,97967.77,1,109.9675,102.3825,2022,3,14,0,1,73,0,0,0,1.0,6.123233995736766e-17,0.0,1.0,1200.0,1273.0,1114.0,1220.0,1204.2857142857142,67.987043583597,1293.0,1103.0,1187.5714285714287,79.69143790097655,1293.0,1025.0,1174.4333333333334,84.67124388025947,1293.0,987.0,1184.574370709382
2022-03-15,1125,76147.20999999999,1,110.0575,97.88749999999999,2022,3,15,1,1,74,0,0,0,1.0,6.123233995736766e-17,0.7818314824680298,0.6234898018587336,1315.0,1227.0,1263.0,1036.0,1210.2857142857142,76.39527534630629,1315.0,1103.0,1201.9285714285713,83.4353404976335,1315.0,1025.0,1177.6,88.13962277800358,1315.0,987.0,1184.8721461187215
2022-03-16,1198,94961.47,1,105.2225,96.43,2022,3,16,2,1,75,0,0,0,1.0,6.123233995736766e-17,0.9749279121818236,-0.22252093395631434,1125.0,1293.0,1025.0,1064.0,1195.7142857142858,82.18417180478166,1315.0,1103.0,1192.0714285714287,83.81615805826642,1315.0,1025.0,1180.5666666666666,84.63743499362056,1315.0,987.0,1184.73576309795
2022-03-17,1148,91202.05,0,114.8125,100.86,2022,3,17,3,1,76,0,0,0,1.0,6.123233995736766e-17,0.43388373911755823,-0.900968867902419,1198.0,1103.0,1179.0,1162.0,1182.142857142857,70.44721090156247,1315.0,1103.0,1204.4285714285713,68.67505905540776,1315.0,1103.0,1185.0333333333333,81.76057701620927,1315.0,987.0,1184.7659090909092
2022-03-18,1119,86180.26,0,110.5925,99.89,2022,3,18,4,1,77,0,0,0,1.0,6.123233995736766e-17,-0.433883739117558,-0.9009688679024191,1148.0,1139.0,1212.0,1172.0,1188.5714285714287,63.75697907642828,1315.0,1125.0,1202.2142857142858,70.04413836061741,1315.0,1103.0,1184.5666666666666,81.93634338812411,1315.0,987.0,1184.6825396825398
2022-03-19,1177,96183.5,0,112.49000000000001,97.085,2022,3,19,5,1,78,1,0,0,1.0,6.123233995736766e-17,-0.9749279121818236,-0.2225209339563146,1119.0,1195.0,1286.0,1218.0,1185.7142857142858,66.72759120911789,1315.0,1119.0,1195.5714285714287,73.3754457836953,1315.0,1103.0,1182.8,82.78363989631802,1315.0,987.0,1184.5339366515836
2022-03-20,1293,106778.64,1,106.075,101.61500000000001,2022,3,20,6,1,79,1,0,0,1.0,6.123233995736766e-17,-0.7818314824680299,0.6234898018587334,1177.0,1200.0,1117.0,1262.0,1183.142857142857,66.65690404708698,1315.0,1119.0,1187.7857142857142,68.67445899809657,1315.0,1103.0,1181.4333333333334,82.52050250291639,1315.0,987.0,1184.5169300225734
2022-03-21,1199,98313.88,0,113.64500000000001,101.49249999999999,2022,3,21,0,1,80,0,0,0,1.0,6.123233995736766e-17,0.0,1.0,1293.0,1315.0,1273.0,1282.0,1196.4285714285713,78.74824261077504,1315.0,1119.0,1200.357142857143,70.79613977183637,1315.0,1103.0,1182.4666666666667,83.74910533061626,1315.0,987.0,1184.7612612612613
2022-03-22,1102,100528.28000000001,0,115.43,97.0925,2022,3,22,1,1,81,0,0,0,1.0,6.123233995736766e-17,0.7818314824680298,0.6234898018587336,1199.0,1125.0,1227.0,1136.0,1179.857142857143,59.48789392648904,1293.0,1119.0,1195.0714285714287,67.64780317737774,1315.0,1103.0,1179.7,81.69335008601591,1315.0,987.0,1184.7932584269663
2022-03-23,1084,90106.25,0,114.0275,98.415,2022,3,23,2,1,82,0,0,0,1.0,6.123233995736766e-17,0.9749279121818236,-0.22252093395631434,1102.0,1198.0,1293.0,1186.0,1176.5714285714287,63.52127502618359,1293.0,1102.0,1186.142857142857,71.26209170579853,1315.0,1102.0,1178.5666666666666,82.55183672776113,1315.0,987.0,1184.6076233183855
2022-03-24,1235,89169.08,1,112.18499999999999,98.6175,2022,3,24,3,1,83,0,0,0,1.0,6.123233995736766e-17,0.43388373911755823,-0.900968867902419,1084.0,1148.0,1103.0,1272.0,1160.2857142857142,71.25474086148722,1293.0,1084.0,1171.2142857142858,69.01078909119114,1315.0,1084.0,1175.1666666666667,84.31676044508895,1315.0,987.0,1184.3825503355704
2022-03-25,1189,90898.23999999999,0,111.685,99.8475,2022,3,25,4,1,84,0,0,0,1.0,6.123233995736766e-17,-0.433883739117558,-0.9009688679024191,1235.0,1119.0,1139.0,1103.0,1172.7142857142858,76.17242345650916,1293.0,1084.0,1180.642857142857,67.98371653775348,1315.0,1084.0,1173.9333333333334,83.11352159104354,1315.0,987.0,1184.4955357142858
2022-03-26,1315,98444.93,1,110.705,101.13,2022,3,26,5,1,85,1,0,0,1.0,6.123233995736766e-17,-0.9749279121818236,-0.2225209339563146,1189.0,1177.0,1195.0,1077.0,1182.7142857142858,72.44932547584176,1293.0,1084.0,1184.2142857142858,66.93300734710336,1315.0,1084.0,1176.8,82.05901997112312,1315.0,987.0,1184.5055679287304
2022-03-27,1406,122535.0,1,104.5325,94.485,2022,3,27,6,1,86,1,0,0,1.0,6.123233995736766e-17,-0.7818314824680299,0.6234898018587334,1315.0,1293.0,1200.0,987.0,1202.4285714285713,87.78735129629335,1315.0,1084.0,1192.7857142857142,75.54945254745229,1315.0,1084.0,1184.7333333333333,83.56865165976042,1315.0,987.0,1184.7955555555557
2022-03-28,1041,75724.33,0,112.005,99.32000000000001,2022,3,28,0,1,87,0,0,0,1.0,6.123233995736766e-17,0.0,1.0,1406.0,1199.0,1315.0,1170.0,1218.5714285714287,113.7641670926551,1406.0,1084.0,1207.5,94.69688484844703,1406.0,1084.0,1198.7,84.39159543053346,1406.0,1025.0,1185.2860310421286
2022-03-29,1271,88346.0,1,111.08,102.51,2022,3,29,1,1,88,0,0,0,1.0,6.123233995736766e-17,0.7818314824680298,0.6234898018587336,1041.0,1102.0,1125.0,1260.0,1196.0,132.4361481368779,1406.0,1041.0,1187.9285714285713,98.98753945337214,1406.0,1041.0,1194.4,89.0616214415255,1406.0,1025.0,1184.966814159292
2022-03-30,1136,90428.79999999999,0,115.9,97.84,2022,3,30,2,1,89,0,0,0,1.0,6.123233995736766e-17,0.9749279121818236,-0.22252093395631434,1271.0,1084.0,1198.0,1114.0,1220.142857142857,127.76596908857499,1406.0,1041.0,1198.357142857143,99.53708790260974,1406.0,1041.0,1194.7666666666667,89.36314265047032,1406.0,1025.0,1185.1567328918322
2022-03-31,1342,92385.48,1,115.14999999999999,97.7675,2022,3,31,3,1,90,0,0,1,1.0,6.123233995736766e-17,0.43388373911755823,-0.900968867902419,1136.0,1235.0,1148.0,1263.0,1227.5714285714287,119.79406933408232,1406.0,1041.0,1193.9285714285713,100.92378257928038,1406.0,1041.0,1195.5,88.76577081829465,1406.0,1025.0,1185.0484581497797
2022-04-01,1112,84151.67,0,112.9425,96.9625,2022,4,1,4,2,91,0,1,0,0.8660254037844387,-0.4999999999999998,-0.433883739117558,-0.9009688679024191,1342.0,1189.0,1119.0,1025.0,1242.857142857143,127.4799704155237,1406.0,1041.0,1207.7857142857142,107.25252629008061,1406.0,1041.0,1198.1333333333334,91.9519114700124,1406.0,1025.0,1185.3934065934066
2022-04-02,1294,113353.09999999999,0,112.95750000000001,99.33500000000001,2022,4,2,5,2,92,1,0,0,0.8660254037844387,-0.4999999999999998,-0.9749279121818236,-0.2225209339563146,1112.0,1315.0,1177.0,1179.0,1231.857142857143,135.9429151904434,1406.0,1041.0,1207.2857142857142,107.71360072070665,1406.0,1041.0,1201.0333333333333,87.57085144606621,1406.0,1041.0,1185.232456140351
2022-04-03,1204,92794.37,0,113.8175,98.175,2022,4,3,6,2,93,1,0,0,0.8660254037844387,-0.4999999999999998,-0.7818314824680299,0.6234898018587334,1294.0,1406.0,1293.0,1212.0,1228.857142857143,134.02043198884292,1406.0,1041.0,1215.642857142857,109.70352153583181,1406.0,1041.0,1204.8666666666666,89.07715885615991,1406.0,1041.0,1185.4704595185995
2022-04-04,1122,94715.73,0,113.19500000000001,99.5025,2022,4,4,0,2,94,0,0,0,0.8660254037844387,-0.4999999999999998,0.0,1.0,1204.0,1041.0,1199.0,1286.0,1200.0,108.91739989551606,1342.0,1041.0,1209.2857142857142,107.43114329397503,1406.0,1041.0,1204.6,89.0670417777248,1406.0,1041.0,1185.5109170305677
2022-04-05,1194,87855.68,0,112.38999999999999,97.97749999999999,2022,4,5,1,2,95,0,0,0,0.8660254037844387,-0.4999999999999998,0.7818314824680298,0.6234898018587336,1122.0,1271.0,1102.0,1117.0,1211.5714285714287,92.23494844301442,1342.0,1112.0,1203.7857142857142,109.93996863423565,1406.0,1041.0,1199.1333333333334,88.9314859619628,1406.0,1041.0,1185.3725490196077
2022-04-06,1235,106747.16,0,115.4375,95.675,2022,4,6,2,2,96,0,0,0,0.8660254037844387,-0.4999999999999998,0.9749279121818236,-0.22252093395631434,1194.0,1136.0,1084.0,1273.0,1200.5714285714287,88.48136742248138,1342.0,1112.0,1210.357142857143,106.06935839915711,1406.0,1041.0,1201.7,87.58017016937706,1406.0,1041.0,1185.391304347826
2022-04-07,1334,105453.63,1,108.9925,102.91499999999999,2022,4,7,3,2,97,0,0,0,0.8660254037844387,-0.4999999999999998,0.43388373911755823,-0.900968867902419,1235.0,1342.0,1235.0,1227.0,1214.7142857142858,84.25104210179197,1342.0,1112.0,1221.142857142857,99.71949669938236,1406.0,1041.0,1200.4333333333334,86.78458600360194,1406.0,1041.0,1185.4989154013015
2022-04-08,1375,114924.19,1,107.2025,101.8,2022,4,8,4,2,98,0,0,0,0.8660254037844387,-0.4999999999999998,-0.433883739117558,-0.9009688679024191,1334.0,1112.0,1189.0,1293.0,1213.5714285714287,82.2675657896367,1334.0,1112.0,1228.2142857142858,104.18783228191543,1406.0,1041.0,1204.0,90.05132636064188,1406.0,1041.0,1185.8203463203463
2022-04-09,1441,96738.39,1,110.88250000000001,101.05,2022,4,9,5,2,99,1,0,0,0.8660254037844387,-0.4999999999999998,-0.9749279121818236,-0.2225209339563146,1375.0,1294.0,1315.0,1103.0,1251.142857142857,88.00459944690107,1375.0,1122.0,1241.5,110.47223807190474,1406.0,1041.0,1206.7333333333333,94.00364385209626,1406.0,1041.0,1186.2289416846652
2022-04-10,1309,100877.98,0,113.50750000000001,101.015,2022,4,10,6,2,100,1,0,0,0.8660254037844387,-0.4999999999999998,-0.7818314824680299,0.6234898018587334,1441.0,1204.0,1406.0,1139.0,1272.142857142857,113.7181143169794,1441.0,1122.0,1250.5,121.50261155787919,1441.0,1041.0,1218.0,101.12743752656914,1441.0,1041.0,1186.7780172413793
2022-04-11,1183,109055.06,0,113.57000000000001,97.6725,2022,4,11,0,2,101,0,0,0,0.8660254037844387,-0.4999999999999998,0.0,1.0,1309.0,1122.0,1041.0,1195.0,1287.142857142857,110.09908956848673,1441.0,1122.0,1243.5714285714287,114.51819760377741,1441.0,1041.0,1223.6666666666667,101.31083386031207,1441.0,1041.0,1187.0408602150537
2022-04-12,1341,105768.83,1,106.48750000000001,96.5825,2022,4,12,1,2,102,0,0,0,0.8660254037844387,-0.4999999999999998,0.7818314824680298,0.6234898018587336,1183.0,1194.0,1271.0,1200.0,1295.857142857143,96.4130498971813,1441.0,1183.0,1253.7142857142858,100.64440721320278,1441.0,1112.0,1223.2666666666667,101.45151154814201,1441.0,1041.0,1187.0321888412018
2022-04-13,1120,85257.86,1,112.86749999999999,99.735,2022,4,13,2,2,103,0,0,0,0.8660254037844387,-0.4999999999999998,0.9749279121818236,-0.22252093395631434,1341.0,1235.0,1136.0,1315.0,1316.857142857143,85.97369475878338,1441.0,1183.0,1258.7142857142858,103.27366822889007,1441.0,1112.0,1227.9666666666667,103.58021490391262,1441.0,1041.0,1187.3618843683084
2022-04-14,1228,88038.78,1,115.1275,101.57,2022,4,14,3,2,104,0,0,0,0.8660254037844387,-0.4999999999999998,0.43388373911755823,-0.900968867902419,1120.0,1334.0,1342.0,1125.0,1300.4285714285713,111.43885788906512,1441.0,1120.0,1257.5714285714287,104.813177596152,1441.0,1112.0,1221.4666666666667,104.04764602660963,1441.0,1041.0,1187.2179487179487
2022-04-15,1241,96037.2,1,107.1075,98.17,2022,4,15,4,2,105,0,0,0,0.8660254037844387,-0.4999999999999998,-0.433883739117558,-0.9009688679024191,1228.0,1375.0,1112.0,1198.0,1285.2857142857142,113.30300714708139,1441.0,1120.0,1249.4285714285713,102.14372550157411,1441.0,1112.0,1224.9,102.44169073185239,1441.0,1041.0,1187.3049040511728
2022-04-16,1322,94345.44,1,115.82499999999999,100.47999999999999,2022,4,16,5,2,106,1,0,0,0.8660254037844387,-0.4999999999999998,-0.9749279121818236,-0.2225209339563146,1241.0,1441.0,1294.0,1148.0,1266.142857142857,106.74959573917019,1441.0,1120.0,1258.642857142857,94.31094817175392,1441.0,1120.0,1226.3333333333333,102.35311875825144,1441.0,1041.0,1187.4191489361701
2022-04-17,1307,96395.95999999999,1,111.69500000000001,99.5275,2022,4,17,6,2,107,1,0,0,0.8660254037844387,-0.4999999999999998,-0.7818314824680299,0.6234898018587334,1322.0,1309.0,1204.0,1119.0,1249.142857142857,80.51382608270582,1341.0,1120.0,1260.642857142857,95.40892325858707,1441.0,1120.0,1232.1333333333334,102.69060774745041,1441.0,1041.0,1187.7048832271762
2022-04-18,1253,104856.93999999999,0,111.745,100.5775,2022,4,18,0,2,108,0,0,0,0.8660254037844387,-0.4999999999999998,0.0,1.0,1307.0,1183.0,1122.0,1177.0,1248.857142857143,80.26918996192043,1341.0,1120.0,1268.0,94.6735281009284,1441.0,1120.0,1238.4,101.27517992561657,1441.0,1041.0,1187.957627118644
2022-04-19,1127,90307.91,0,114.05,100.895,2022,4,19,1,2,109,0,0,0,0.8660254037844387,-0.4999999999999998,0.7818314824680298,0.6234898018587336,1253.0,1341.0,1194.0,1293.0,1258.857142857143,74.8764061001611,1341.0,1120.0,1277.357142857143,85.1257957313851,1441.0,1120.0,1240.9333333333334,100.63485833767626,1441.0,1041.0,1188.0951374207189
2022-04-20,1275,87994.87,1,111.375,99.27250000000001,2022,4,20,2,2,110,0,0,0,0.8660254037844387,-0.4999999999999998,0.9749279121818236,-0.22252093395631434,1127.0,1120.0,1235.0,1199.0,1228.2857142857142,79.3047167275568,1322.0,1120.0,1272.5714285714287,91.79468250538328,1441.0,1120.0,1235.4,102.22443192681048,1441.0,1041.0,1187.9662447257383
2022-04-21,1403,109003.69,1,104.895,96.6525,2022,4,21,3,2,111,0,0,0,0.8660254037844387,-0.4999999999999998,0.43388373911755823,-0.900968867902419,1275.0,1228.0,1334.0,1102.0,1250.4285714285713,64.2387659254057,1322.0,1127.0,1275.4285714285713,91.15558490482663,1441.0,1120.0,1237.9333333333334,102.23297711206443,1441.0,1041.0,1188.1494736842105
2022-04-22,1267,98940.95,0,113.98,99.585,2022,4,22,4,2,112,0,0,0,0.8660254037844387,-0.4999999999999998,-0.433883739117558,-0.9009688679024191,1403.0,1241.0,1375.0,1084.0,1275.4285714285713,84.81324020626631,1403.0,1127.0,1280.357142857143,96.2869167107907,1441.0,1120.0,1247.9666666666667,103.19799628278689,1441.0,1041.0,1188.6008403361345
2022-04-23,1226,117366.65000000001,0,115.4925,100.9075,2022,4,23,5,2,113,1,0,0,0.8660254037844387,-0.4999999999999998,-0.9749279121818236,-0.2225209339563146,1267.0,1322.0,1441.0,1235.0,1279.142857142857,83.61504763184867,1403.0,1127.0,1272.642857142857,92.36766595668689,1441.0,1120.0,1254.0666666666666,98.4720976875632,1441.0,1041.0,1188.7651991614255
2022-04-24,1326,114683.62,0,114.905,101.2375,2022,4,24,6,2,114,1,0,0,0.8660254037844387,-0.4999999999999998,-0.7818314824680299,0.6234898018587334,1226.0,1307.0,1309.0,1189.0,1265.4285714285713,83.28636771776715,1403.0,1127.0,1257.2857142857142,79.15071171401729,1403.0,1120.0,1253.7666666666667,98.54587005931609,1441.0,1041.0,1188.8430962343095
2022-04-25,1351,109417.9,1,105.36500000000001,99.0275,2022,4,25,0,2,115,0,0,0,0.8660254037844387,-0.4999999999999998,0.0,1.0,1326.0,1253.0,1183.0,1315.0,1268.142857142857,85.15559987737906,1403.0,1127.0,1258.5,80.12946255423834,1403.0,1120.0,1258.3333333333333,98.61535633838986,1441.0,1041.0,1189.1294363256784
2022-04-26,1301,104482.1,1,110.95000000000002,103.54,2022,4,26,1,2,116,0,0,0,0.8660254037844387,-0.4999999999999998,0.7818314824680298,0.6234898018587336,1351.0,1127.0,1341.0,1406.0,1282.142857142857,90.15991084628283,1403.0,1127.0,1270.5,80.53164690881792,1403.0,1120.0,1259.5333333333333,99.54334815003976,1441.0,1041.0,1189.4666666666667
2022-04-27,1288,105638.76,0,117.975,100.11,2022,4,27,2,2,117,0,0,0,0.8660254037844387,-0.4999999999999998,0.9749279121818236,-0.22252093395631434,1301.0,1275.0,1120.0,1041.0,1307.0,58.78491870086157,1403.0,1226.0,1267.642857142857,78.52251724369303,1403.0,1120.0,1256.0333333333333,95.9987368211939,1441.0,1041.0,1189.6985446985448
2022-04-28,1162,97207.88,0,113.66000000000001,104.4125,2022,4,28,3,2,118,0,0,0,0.8660254037844387,-0.4999999999999998,0.43388373911755823,-0.900968867902419,1288.0,1403.0,1228.0,1271.0,1308.857142857143,57.802619812108006,1403.0,1226.0,1279.642857142857,66.07409261038796,1403.0,1127.0,1264.2666666666667,87.09999538118693,1441.0,1112.0,1189.902489626556
2022-04-29,1198,94931.23,0,112.5725,98.6625,2022,4,29,4,2,119,0,0,0,0.8660254037844387,-0.4999999999999998,-0.433883739117558,-0.9009688679024191,1162.0,1267.0,1241.0,1136.0,1274.4285714285713,63.84057524505219,1351.0,1162.0,1274.9285714285713,72.12005406128443,1403.0,1127.0,1260.6333333333334,89.0608019096061,1441.0,1112.0,1189.8447204968943
2022-04-30,1265,99104.69,0,113.50500000000001,103.0075,2022,4,30,5,2,120,1,0,1,0.8660254037844387,-0.4999999999999998,-0.9749279121818236,-0.2225209339563146,1198.0,1226.0,1322.0,1342.0,1264.5714285714287,70.18987852688689,1351.0,1162.0,1271.857142857143,74.55081606410862,1403.0,1127.0,1262.7,86.7585432541758,1441.0,1112.0,1189.861570247934
2022-05-01,1281,103951.65,0,112.85,100.32249999999999,2022,5,1,6,2,121,1,1,0,0.49999999999999994,-0.8660254037844387,-0.7818314824680299,0.6234898018587334,1265.0,1326.0,1307.0,1112.0,1270.142857142857,68.1357189033498,1351.0,1162.0,1267.7857142857142,73.14493365012835,1403.0,1127.0,1260.1333333333334,85.46091396710219,1441.0,1112.0,1190.0164948453607
2022-05-02,1243,107382.51000000001,0,110.55000000000001,96.505,2022,5,2,0,2,122,0,0,0,0.49999999999999994,-0.8660254037844387,0.0,1.0,1281.0,1351.0,1253.0,1294.0,1263.7142857142858,63.983628858520106,1351.0,1162.0,1265.9285714285713,72.39896332206865,1403.0,1127.0,1265.7666666666667,80.80273268396242,1441.0,1120.0,1190.2037037037037
2022-05-03,1172,99650.34,0,115.13750000000002,100.1225,2022,5,3,1,2,123,0,0,0,0.49999999999999994,-0.8660254037844387,0.7818314824680298,0.6234898018587336,1243.0,1301.0,1127.0,1204.0,1248.2857142857142,51.16546454303715,1301.0,1162.0,1265.2142857142858,72.58541766183622,1403.0,1127.0,1264.0666666666666,80.72470601321523,1441.0,1120.0,1190.3121149897331
2022-05-04,1392,104982.04,0,114.24000000000001,100.31,2022,5,4,2,2,124,0,0,0,0.49999999999999994,-0.8660254037844387,0.9749279121818236,-0.22252093395631434,1172.0,1288.0,1275.0,1122.0,1229.857142857143,52.23481779882229,1288.0,1162.0,1268.4285714285713,66.7564048044676,1403.0,1162.0,1263.0,81.75067225285423,1441.0,1120.0,1190.2745901639344
2022-05-05,1301,104740.18000000001,0,111.3075,100.4675,2022,5,5,3,2,125,0,0,0,0.49999999999999994,-0.8660254037844387,0.43388373911755823,-0.900968867902419,1392.0,1162.0,1403.0,1194.0,1244.7142857142858,79.30471672755732,1392.0,1162.0,1276.7857142857142,74.51502540420566,1403.0,1162.0,1272.0,80.54598172729837,1441.0,1120.0,1190.6871165644172
2022-05-06,1159,96558.66,0,108.29499999999999,94.9525,2022,5,6,4,2,126,0,0,0,0.49999999999999994,-0.8660254037844387,-0.433883739117558,-0.9009688679024191,1301.0,1198.0,1267.0,1235.0,1264.5714285714287,72.22847347793292,1392.0,1172.0,1269.5,65.6889523553149,1392.0,1162.0,1275.5666666666666,79.33285762438578,1441.0,1120.0,1190.9122448979592
2022-05-07,1309,109572.16,0,112.6475,99.94,2022,5,7,5,2,127,1,0,0,0.49999999999999994,-0.8660254037844387,-0.9749279121818236,-0.2225209339563146,1159.0,1265.0,1226.0,1334.0,1259.0,79.37043950153436,1392.0,1159.0,1261.7857142857142,72.03970974552936,1392.0,1159.0,1273.0333333333333,81.84656938162234,1441.0,1120.0,1190.847250509165
2022-05-08,1386,100314.58,1,110.95750000000001,97.92,2022,5,8,6,2,128,1,0,0,0.49999999999999994,-0.8660254037844387,-0.7818314824680299,0.6234898018587334,1309.0,1281.0,1326.0,1375.0,1265.2857142857142,81.63478483611122,1392.0,1159.0,1267.7142857142858,72.28302127633796,1392.0,1159.0,1272.2,81.33006400062229,1441.0,1120.0,1191.0873983739837
2022-05-09,1256,98624.42,0,114.68,96.60249999999999,2022,5,9,0,2,129,0,0,0,0.49999999999999994,-0.8660254037844387,0.0,1.0,1386.0,1243.0,1351.0,1441.0,1280.2857142857142,93.75093650325967,1392.0,1159.0,1272.0,77.58865896508573,1392.0,1159.0,1272.5666666666666,81.83274925465477,1441.0,1120.0,1191.4827586206898
2022-05-10,1281,98879.19,0,114.55250000000001,94.9875,2022,5,10,1,2,130,0,0,0,0.49999999999999994,-0.8660254037844387,0.7818314824680298,0.6234898018587336,1256.0,1172.0,1301.0,1309.0,1282.142857142857,93.01510374025102,1392.0,1159.0,1265.2142857142858,74.22955929094435,1392.0,1159.0,1266.4,75.42184811057261,1403.0,1120.0,1191.6133603238866
2022-05-11,1391,114117.85,1,102.4075,98.3925,2022,5,11,2,2,131,0,0,0,0.49999999999999994,-0.8660254037844387,0.9749279121818236,-0.22252093395631434,1281.0,1392.0,1288.0,1183.0,1297.7142857142858,79.66955563600365,1392.0,1159.0,1263.7857142857142,73.67828045624678,1392.0,1159.0,1265.4666666666667,75.04882701802941,1403.0,1120.0,1191.7939393939394
2022-05-12,1373,93592.16,1,112.1475,99.3475,2022,5,12,3,2,132,0,0,0,0.49999999999999994,-0.8660254037844387,0.43388373911755823,-0.900968867902419,1391.0,1301.0,1162.0,1341.0,1297.5714285714287,79.47296635304717,1391.0,1159.0,1271.142857142857,81.0554009426787,1392.0,1159.0,1272.4,76.75603986119206,1403.0,1120.0,1192.195564516129
2022-05-13,1119,90879.98,0,113.3525,104.035,2022,5,13,4,2,133,0,0,0,0.49999999999999994,-0.8660254037844387,-0.433883739117558,-0.9009688679024191,1373.0,1159.0,1198.0,1120.0,1307.857142857143,84.49147604231884,1391.0,1159.0,1286.2142857142858,78.7851787813218,1392.0,1159.0,1273.4666666666667,77.95521850366731,1403.0,1120.0,1192.559356136821
2022-05-14,1305,114254.12,0,111.6775,102.5,2022,5,14,5,2,134,1,0,0,0.49999999999999994,-0.8660254037844387,-0.9749279121818236,-0.2225209339563146,1119.0,1309.0,1265.0,1228.0,1302.142857142857,96.70647784478066,1391.0,1119.0,1280.5714285714287,87.89216669893506,1392.0,1119.0,1273.4333333333334,78.02328712207544,1403.0,1119.0,1192.4116465863453
2022-05-15,1333,106806.85,1,110.5075,100.7675,2022,5,15,6,2,135,1,0,0,0.49999999999999994,-0.8660254037844387,-0.7818314824680299,0.6234898018587334,1305.0,1386.0,1281.0,1241.0,1301.5714285714287,96.67101796446498,1391.0,1119.0,1283.4285714285713,87.99712782525881,1392.0,1119.0,1276.0,77.74316690231039,1403.0,1119.0,1192.6372745490983
2022-05-16,1206,103851.91,0,115.63,97.7425,2022,5,16,0,2,136,0,0,0,0.49999999999999994,-0.8660254037844387,0.0,1.0,1333.0,1256.0,1243.0,1322.0,1294.0,90.85703054799983,1391.0,1119.0,1287.142857142857,88.97869852503598,1392.0,1119.0,1279.0666666666666,78.12851187509321,1403.0,1119.0,1192.918
2022-05-17,1243,104688.75,0,112.38,98.345,2022,5,17,1,2,137,0,0,0,0.49999999999999994,-0.8660254037844387,0.7818314824680298,0.6234898018587336,1206.0,1281.0,1172.0,1307.0,1286.857142857143,96.15339926636159,1391.0,1119.0,1284.5,90.91902568093032,1392.0,1119.0,1275.2,78.79803953451663,1403.0,1119.0,1192.944111776447
2022-05-18,1198,92943.39,0,111.9625,98.465,2022,5,18,2,2,138,0,0,0,0.49999999999999994,-0.8660254037844387,0.9749279121818236,-0.22252093395631434,1243.0,1391.0,1392.0,1253.0,1281.4285714285713,97.60098555318241,1391.0,1119.0,1289.5714285714287,86.0086885465356,1392.0,1119.0,1273.0666666666666,78.77376306313495,1403.0,1119.0,1193.0438247011953
2022-05-19,1325,120339.12000000001,0,114.32249999999999,102.66499999999999,2022,5,19,3,2,139,0,0,0,0.49999999999999994,-0.8660254037844387,0.43388373911755823,-0.900968867902419,1198.0,1373.0,1301.0,1127.0,1253.857142857143,88.30709403633968,1373.0,1119.0,1275.7142857142858,83.83723110099541,1391.0,1119.0,1271.2333333333333,79.88901065221043,1403.0,1119.0,1193.0536779324057
2022-05-20,1335,106505.73,1,108.99750000000002,97.42750000000001,2022,5,20,4,2,140,0,0,0,0.49999999999999994,-0.8660254037844387,-0.433883739117558,-0.9009688679024191,1325.0,1119.0,1159.0,1275.0,1247.0,78.8733161468444,1333.0,1119.0,1277.4285714285713,84.63561196793708,1391.0,1119.0,1277.8333333333333,75.62752798092924,1403.0,1119.0,1193.3154761904761
2022-05-21,1245,96387.23999999999,0,115.605,98.6375,2022,5,21,5,2,141,1,0,0,0.49999999999999994,-0.8660254037844387,-0.9749279121818236,-0.2225209339563146,1335.0,1305.0,1309.0,1403.0,1277.857142857143,60.58170398018671,1335.0,1198.0,1290.0,78.54347154969268,1391.0,1119.0,1279.8333333333333,76.34002129011493,1403.0,1119.0,1193.5960396039604
2022-05-22,1339,112731.51999999999,1,113.07,97.28999999999999,2022,5,22,6,2,142,1,0,0,0.49999999999999994,-0.8660254037844387,-0.7818314824680299,0.6234898018587334,1245.0,1333.0,1386.0,1267.0,1269.2857142857142,60.34543419821858,1335.0,1198.0,1285.4285714285713,79.21219242371636,1391.0,1119.0,1274.5666666666666,72.92352315875546,1392.0,1119.0,1193.697628458498
2022-05-23,1306,99381.51999999999,1,111.01249999999999,95.9975,2022,5,23,0,2,143,0,0,0,0.49999999999999994,-0.8660254037844387,0.0,1.0,1339.0,1206.0,1256.0,1226.0,1270.142857142857,61.4340529115812,1339.0,1198.0,1282.0714285714287,75.5324324489075,1391.0,1119.0,1276.9666666666667,73.84489025039201,1392.0,1119.0,1193.9842209072979
2022-05-24,1434,114459.29999999999,1,112.73749999999998,101.4075,2022,5,24,1,2,144,0,0,0,0.49999999999999994,-0.8660254037844387,0.7818314824680298,0.6234898018587336,1306.0,1243.0,1281.0,1326.0,1284.4285714285713,55.359001504896845,1339.0,1198.0,1285.642857142857,75.38680474506643,1391.0,1119.0,1279.6333333333334,73.38396110272954,1392.0,1119.0,1194.2047244094488
2022-05-25,1181,90832.63,0,114.04249999999999,97.97,2022,5,25,2,2,145,0,0,0,0.49999999999999994,-0.8660254037844387,0.9749279121818236,-0.22252093395631434,1434.0,1198.0,1391.0,1351.0,1311.7142857142858,75.0904216832719,1434.0,1198.0,1296.5714285714287,85.12318158972052,1434.0,1119.0,1283.2333333333333,78.22632211260387,1434.0,1119.0,1194.6758349705306
2022-05-26,1238,87522.64000000001,1,107.93,102.2675,2022,5,26,3,2,146,0,0,0,0.49999999999999994,-0.8660254037844387,0.43388373911755823,-0.900968867902419,1181.0,1325.0,1373.0,1301.0,1309.2857142857142,79.52507840447727,1434.0,1181.0,1281.5714285714287,85.70406532473959,1434.0,1119.0,1277.5666666666666,79.29807726213637,1434.0,1119.0,1194.6490196078432
2022-05-27,1410,124264.89,1,103.50999999999999,102.215,2022,5,27,4,2,147,0,0,0,0.49999999999999994,-0.8660254037844387,-0.433883739117558,-0.9009688679024191,1238.0,1335.0,1119.0,1288.0,1296.857142857143,83.36551759456466,1434.0,1181.0,1271.9285714285713,82.14664587536001,1434.0,1119.0,1275.4666666666667,79.49007022495515,1434.0,1119.0,1194.73385518591
2022-05-28,1392,108287.04,0,112.75750000000001,95.1775,2022,5,28,5,2,148,1,0,0,0.49999999999999994,-0.8660254037844387,-0.9749279121818236,-0.2225209339563146,1410.0,1245.0,1305.0,1162.0,1307.5714285714287,93.31105176211732,1434.0,1181.0,1292.7142857142858,77.13766771312346,1434.0,1181.0,1279.5333333333333,83.18808491163175,1434.0,1119.0,1195.154296875
2022-05-29,1363,123274.94,0,115.9375,101.5025,2022,5,29,6,2,149,1,0,0,0.49999999999999994,-0.8660254037844387,-0.7818314824680299,0.6234898018587334,1392.0,1339.0,1333.0,1198.0,1328.5714285714287,93.42351085755959,1434.0,1181.0,1298.9285714285713,81.5800355344535,1434.0,1181.0,1287.2,82.57886512611888,1434.0,1119.0,1195.5380116959063
2022-05-30,1419,127361.26000000001,1,104.505,100.485,2022,5,30,0,2,150,0,0,0,0.49999999999999994,-0.8660254037844387,0.0,1.0,1363.0,1306.0,1206.0,1265.0,1332.0,94.30623874732171,1434.0,1181.0,1301.0714285714287,82.9267186095119,1434.0,1181.0,1292.7,81.92517612284466,1434.0,1119.0,1195.863813229572
2022-05-31,1277,107125.19,1,111.18,101.6075,2022,5,31,1,2,151,0,0,1,0.49999999999999994,-0.8660254037844387,0.7818314824680298,0.6234898018587336,1419.0,1434.0,1243.0,1281.0,1348.142857142857,98.68371796034225,1434.0,1181.0,1316.2857142857142,83.67834806009562,1434.0,1181.0,1297.8333333333333,84.90038111012329,1434.0,1119.0,1196.2970873786408
2022-06-01,1324,97172.51000000001,1,104.035,105.1725,2022,6,1,2,2,152,0,1,0,1.2246467991473532e-16,-1.0,0.9749279121818236,-0.22252093395631434,1277.0,1181.0,1198.0,1243.0,1325.7142857142858,93.6299707816445,1419.0,1181.0,1318.7142857142858,81.86144821158057,1434.0,1181.0,1297.7,84.93086437884894,1434.0,1119.0,1196.453488372093
2022-06-02,1445,108471.93,1,112.235,101.145,2022,6,2,3,2,153,0,0,0,1.2246467991473532e-16,-1.0,0.43388373911755823,-0.900968867902419,1324.0,1238.0,1325.0,1172.0,1346.142857142857,69.20844980065445,1419.0,1238.0,1327.7142857142858,74.13026846907631,1434.0,1181.0,1300.4,84.41792586232533,1434.0,1119.0,1196.7001934235977
2022-06-03,1377,109973.2,1,106.70749999999998,97.5775,2022,6,3,4,2,154,0,0,0,1.2246467991473532e-16,-1.0,-0.433883739117558,-0.9009688679024191,1445.0,1410.0,1335.0,1392.0,1375.7142857142858,58.73021450018976,1445.0,1277.0,1336.2857142857142,80.45966841690878,1445.0,1181.0,1309.5,84.81287719404142,1445.0,1119.0,1197.1795366795366
2022-06-04,1219,97851.23999999999,0,112.98499999999999,104.89750000000001,2022,6,4,5,2,155,1,0,0,1.2246467991473532e-16,-1.0,-0.9749279121818236,-0.2225209339563146,1377.0,1392.0,1245.0,1301.0,1371.0,56.81255729736928,1445.0,1277.0,1339.2857142857142,81.18774876452252,1445.0,1181.0,1309.0,84.3527077831254,1445.0,1119.0,1197.5260115606936
2022-06-05,1394,118145.15,1,112.7825,100.705,2022,6,5,6,2,156,1,0,0,1.2246467991473532e-16,-1.0,-0.7818314824680299,0.6234898018587334,1219.0,1363.0,1339.0,1159.0,1346.2857142857142,79.32362885823036,1445.0,1219.0,1337.4285714285713,83.76681395922726,1445.0,1181.0,1306.2666666666667,85.93459153908289,1445.0,1119.0,1197.5673076923076
2022-06-06,1238,92317.28,0,114.5925,96.565,2022,6,6,0,2,157,0,0,0,1.2246467991473532e-16,-1.0,0.0,1.0,1394.0,1419.0,1306.0,1309.0,1350.7142857142858,81.25415740279558,1445.0,1219.0,1341.357142857143,85.1248920865568,1445.0,1181.0,1314.1,82.69735016394694,1445.0,1119.0,1197.9443378119001
2022-06-07,1255,97958.56,0,112.23249999999999,102.52,2022,6,7,1,2,158,0,0,0,1.2246467991473532e-16,-1.0,0.7818314824680298,0.6234898018587336,1238.0,1277.0,1434.0,1386.0,1324.857142857143,84.63141373317801,1445.0,1219.0,1336.5,89.14271185533758,1445.0,1181.0,1311.7333333333333,83.85617133678885,1445.0,1119.0,1198.021072796935
2022-06-08,1450,115748.26,1,103.74000000000001,100.145,2022,6,8,2,2,159,0,0,0,1.2246467991473532e-16,-1.0,0.9749279121818236,-0.22252093395631434,1255.0,1324.0,1181.0,1256.0,1321.7142857142858,87.07796178466504,1445.0,1219.0,1323.7142857142858,86.89111539200393,1445.0,1181.0,1307.3666666666666,83.2642173148705,1445.0,1119.0,1198.1300191204589
2022-06-09,1251,114252.26000000001,0,111.28,99.3325,2022,6,9,3,2,160,0,0,0,1.2246467991473532e-16,-1.0,0.43388373911755823,-0.900968867902419,1450.0,1445.0,1238.0,1281.0,1339.7142857142858,99.73249935989574,1450.0,1219.0,1342.9285714285713,82.53806980438581,1450.0,1219.0,1313.8333333333333,86.6037680685932,1450.0,1119.0,1198.6106870229007
2022-06-10,1291,104472.11,0,113.34,99.4025,2022,6,10,4,2,161,0,0,0,1.2246467991473532e-16,-1.0,-0.433883739117558,-0.9009688679024191,1251.0,1377.0,1410.0,1391.0,1312.0,92.27495145849073,1450.0,1219.0,1343.857142857143,81.33109646837399,1450.0,1219.0,1312.8333333333333,87.16733148468778,1450.0,1119.0,1198.7104761904761
2022-06-11,1438,126454.04000000001,0,113.5675,100.2225,2022,6,11,5,2,162,1,0,0,1.2246467991473532e-16,-1.0,-0.9749279121818236,-0.2225209339563146,1291.0,1219.0,1392.0,1373.0,1299.7142857142858,87.79467388119231,1450.0,1219.0,1335.357142857143,80.09571883580821,1450.0,1219.0,1309.5,85.97904716688045,1450.0,1119.0,1198.8859315589355
2022-06-12,1268,117083.74,0,113.27,98.2925,2022,6,12,6,2,163,1,0,0,1.2246467991473532e-16,-1.0,-0.7818314824680299,0.6234898018587334,1438.0,1394.0,1363.0,1119.0,1331.0,93.0985141306428,1450.0,1238.0,1338.642857142857,83.47049883536612,1450.0,1219.0,1311.6666666666667,88.41880488601835,1450.0,1119.0,1199.3396584440227
2022-06-13,1355,116547.25,1,103.2925,101.51,2022,6,13,0,2,164,0,0,0,1.2246467991473532e-16,-1.0,0.0,1.0,1268.0,1238.0,1419.0,1305.0,1313.0,91.04577603235356,1450.0,1238.0,1331.857142857143,85.1820287500754,1450.0,1219.0,1316.6333333333334,81.10550103939377,1450.0,1181.0,1199.469696969697
2022-06-14,1345,111106.82999999999,0,113.475,100.45,2022,6,14,1,2,165,0,0,0,1.2246467991473532e-16,-1.0,0.7818314824680298,0.6234898018587336,1355.0,1255.0,1277.0,1333.0,1329.7142857142858,85.55644196613673,1450.0,1251.0,1327.2857142857142,81.79564458165301,1450.0,1219.0,1318.3,81.3714980177685,1450.0,1181.0,1199.7637051039696
2022-06-15,1303,105948.89,0,111.56,97.6225,2022,6,15,2,2,166,0,0,0,1.2246467991473532e-16,-1.0,0.9749279121818236,-0.22252093395631434,1345.0,1450.0,1324.0,1206.0,1342.5714285714287,78.96593599533418,1450.0,1251.0,1332.142857142857,80.58999474344135,1450.0,1219.0,1318.7,81.47567862188743,1450.0,1181.0,1200.0377358490566
2022-06-16,1358,105298.12000000001,1,110.085,99.71,2022,6,16,3,2,167,0,0,0,1.2246467991473532e-16,-1.0,0.43388373911755823,-0.900968867902419,1303.0,1251.0,1445.0,1243.0,1321.5714285714287,63.70729195013085,1438.0,1251.0,1330.642857142857,80.94785324550361,1450.0,1219.0,1321.9333333333334,78.72734850291472,1450.0,1181.0,1200.231638418079
2022-06-17,1278,106362.04,0,113.17,97.765,2022,6,17,4,2,168,0,0,0,1.2246467991473532e-16,-1.0,-0.433883739117558,-0.9009688679024191,1358.0,1291.0,1377.0,1198.0,1336.857142857143,56.36614992300804,1438.0,1268.0,1324.4285714285713,74.58264830757916,1450.0,1219.0,1325.7666666666667,77.54228360789347,1450.0,1181.0,1200.5281954887218
2022-06-18,1343,106432.45000000001,0,113.13250000000001,99.6225,2022,6,18,5,2,169,1,0,0,1.2246467991473532e-16,-1.0,-0.9749279121818236,-0.2225209339563146,1278.0,1438.0,1219.0,1325.0,1335.0,58.30951894845439,1438.0,1268.0,1317.357142857143,73.90493596804029,1450.0,1219.0,1328.4333333333334,74.30490926062987,1450.0,1181.0,1200.6735459662289
2022-06-19,1440,116498.79,0,113.3175,98.29,2022,6,19,6,2,170,1,0,0,1.2246467991473532e-16,-1.0,-0.7818314824680299,0.6234898018587334,1343.0,1268.0,1394.0,1335.0,1321.4285714285713,37.78384638465503,1358.0,1268.0,1326.2142857142858,68.43883127563072,1450.0,1238.0,1329.0333333333333,74.34889018179707,1450.0,1181.0,1200.940074906367
2022-06-20,1527,113823.68,1,109.42999999999999,100.2275,2022,6,20,0,2,171,0,0,0,1.2246467991473532e-16,-1.0,0.0,1.0,1440.0,1355.0,1238.0,1245.0,1346.0,50.89859199100531,1440.0,1278.0,1329.5,72.90220003011852,1450.0,1238.0,1332.5333333333333,77.06143242774984,1450.0,1181.0,1201.3869158878504
2022-06-21,1324,107880.79999999999,1,110.16,94.8125,2022,6,21,1,2,172,0,0,0,1.2246467991473532e-16,-1.0,0.7818314824680298,0.6234898018587336,1527.0,1345.0,1255.0,1339.0,1370.5714285714287,85.63265954618332,1527.0,1278.0,1350.142857142857,84.92517715192871,1527.0,1251.0,1341.9333333333334,82.98729995621962,1527.0,1181.0,1201.9944029850747
2022-06-22,1419,104109.68000000001,1,110.8725,102.69,2022,6,22,2,2,173,0,0,0,1.2246467991473532e-16,-1.0,0.9749279121818236,-0.22252093395631434,1324.0,1303.0,1450.0,1306.0,1367.5714285714287,87.03420236293627,1527.0,1278.0,1355.0714285714287,80.8849746299021,1527.0,1251.0,1341.4333333333334,83.0507461542772,1527.0,1181.0,1202.2216014897579
2022-06-23,1284,94052.7,0,112.75999999999999,100.8175,2022,6,23,3,2,174,0,0,0,1.2246467991473532e-16,-1.0,0.43388373911755823,-0.900968867902419,1419.0,1358.0,1251.0,1434.0,1384.142857142857,83.66884838741565,1527.0,1278.0,1352.857142857143,78.47474571023781,1527.0,1251.0,1345.2,83.94595962839203,1527.0,1181.0,1202.6245353159852
2022-06-24,1430,114851.41999999998,1,106.6725,98.85,2022,6,24,4,2,175,0,0,0,1.2246467991473532e-16,-1.0,-0.433883739117558,-0.9009688679024191,1284.0,1278.0,1291.0,1181.0,1373.5714285714287,91.80206450630186,1527.0,1278.0,1355.2142857142858,75.62374329171584,1527.0,1268.0,1340.2,82.9355379091282,1527.0,1181.0,1202.7755102040817
2022-06-25,1394,109373.06,0,112.065,103.125,2022,6,25,5,2,176,1,0,0,1.2246467991473532e-16,-1.0,-0.9749279121818236,-0.2225209339563146,1430.0,1343.0,1438.0,1238.0,1395.2857142857142,82.981351892488,1527.0,1284.0,1365.142857142857,75.6691758632603,1527.0,1268.0,1348.5,78.8108823222681,1527.0,1219.0,1203.1962962962964
2022-06-26,1382,115170.76000000001,0,115.31,101.64,2022,6,26,6,2,177,1,0,0,1.2246467991473532e-16,-1.0,-0.7818314824680299,0.6234898018587334,1394.0,1440.0,1268.0,1410.0,1402.5714285714287,79.80362803544215,1527.0,1284.0,1362.0,73.28658183408406,1527.0,1268.0,1353.7,76.37753325558181,1527.0,1219.0,1203.5489833641404
2022-06-27,1273,117525.97,0,113.52499999999999,98.1175,2022,6,27,0,2,178,0,0,0,1.2246467991473532e-16,-1.0,0.0,1.0,1382.0,1527.0,1355.0,1392.0,1394.2857142857142,78.26602985057816,1527.0,1284.0,1370.142857142857,68.19525941437774,1527.0,1278.0,1352.7666666666667,75.83497661476218,1527.0,1219.0,1203.8782287822878
2022-06-28,1366,101075.14,0,112.5375,98.39,2022,6,28,1,2,179,0,0,0,1.2246467991473532e-16,-1.0,0.7818314824680298,0.6234898018587336,1273.0,1324.0,1345.0,1363.0,1358.0,64.07547632805276,1430.0,1273.0,1364.2857142857142,72.95143650342277,1527.0,1273.0,1348.8,76.81792175950137,1527.0,1219.0,1204.0055248618785
2022-06-29,1342,106790.93,0,113.8425,93.6325,2022,6,29,2,2,180,0,0,0,1.2246467991473532e-16,-1.0,0.9749279121818236,-0.22252093395631434,1366.0,1419.0,1303.0,1419.0,1364.0,62.303022933617314,1430.0,1273.0,1365.7857142857142,72.73997797363731,1527.0,1273.0,1348.9,76.83899423133646,1527.0,1219.0,1204.3033088235295
2022-06-30,1208,95363.76000000001,0,116.1925,97.53,2022,6,30,3,2,181,0,0,1,1.2246467991473532e-16,-1.0,0.43388373911755823,-0.900968867902419,1342.0,1284.0,1358.0,1277.0,1353.0,57.59340239992931,1430.0,1273.0,1368.5714285714287,70.8733586549546,1527.0,1273.0,1346.3333333333333,75.69418204461219,1527.0,1219.0,1204.5559633027524
2022-07-01,1349,109247.31,0,112.9475,98.88749999999999,2022,7,1,4,3,182,0,1,0,-0.4999999999999997,-0.8660254037844388,-0.433883739117558,-0.9009688679024191,1208.0,1430.0,1278.0,1324.0,1342.142857142857,76.74726612162185,1430.0,1208.0,1357.857142857143,82.91038456148097,1527.0,1208.0,1344.0333333333333,78.85581925188302,1527.0,1208.0,1204.562271062271
2022-07-02,1455,113338.68,0,111.32499999999999,97.05250000000001,2022,7,2,5,3,183,1,0,0,-0.4999999999999997,-0.8660254037844388,-0.9749279121818236,-0.2225209339563146,1349.0,1394.0,1343.0,1445.0,1330.5714285714287,66.74792666657076,1394.0,1208.0,1362.9285714285713,79.76162976280267,1527.0,1208.0,1344.8666666666666,78.76886017541399,1527.0,1208.0,1204.8263254113347
2022-07-03,1380,131042.34,0,111.86000000000001,101.44749999999999,2022,7,3,6,3,184,1,0,0,-0.4999999999999997,-0.8660254037844388,-0.7818314824680299,0.6234898018587334,1455.0,1382.0,1440.0,1377.0,1339.2857142857142,79.22481573706324,1455.0,1208.0,1370.9285714285713,83.1536707971082,1527.0,1208.0,1345.2,79.22704170882328,1527.0,1208.0,1205.2828467153286
2022-07-04,1528,97009.51999999999,1,110.11250000000001,101.225,2022,7,4,0,3,185,0,0,0,-0.4999999999999997,-0.8660254037844388,0.0,1.0,1380.0,1273.0,1527.0,1219.0,1339.0,79.04850831398947,1455.0,1208.0,1366.642857142857,80.83373928375612,1527.0,1208.0,1345.3,79.27044498598738,1527.0,1208.0,1205.6010928961748
2022-07-05,1436,114631.06,1,110.45499999999998,103.28,2022,7,5,1,3,186,0,0,0,-0.4999999999999997,-0.8660254037844388,0.7818314824680298,0.6234898018587336,1528.0,1366.0,1324.0,1394.0,1375.4285714285713,99.63911069932625,1528.0,1208.0,1366.7142857142858,80.98663571748126,1528.0,1208.0,1355.6,82.31043005933294,1528.0,1208.0,1206.1872727272728
2022-07-06,1320,105501.23999999999,1,111.37,101.885,2022,7,6,2,3,187,0,0,0,-0.4999999999999997,-0.8660254037844388,0.9749279121818236,-0.22252093395631434,1436.0,1342.0,1419.0,1238.0,1385.4285714285713,102.01937257674443,1528.0,1208.0,1374.7142857142858,81.96850105275846,1528.0,1208.0,1357.0,83.33687348802594,1528.0,1208.0,1206.6043557168784
2022-07-07,1261,106636.48000000001,0,112.80000000000001,104.825,2022,7,7,3,3,188,0,0,0,-0.4999999999999997,-0.8660254037844388,0.43388373911755823,-0.900968867902419,1320.0,1208.0,1284.0,1255.0,1382.2857142857142,103.90173929521893,1528.0,1208.0,1367.642857142857,82.12430273008079,1528.0,1208.0,1359.7333333333333,80.5990216990951,1528.0,1208.0,1206.8097826086957
2022-07-08,1220,98035.78,0,114.79249999999999,98.185,2022,7,8,4,3,189,0,0,0,-0.4999999999999997,-0.8660254037844388,-0.433883739117558,-0.9009688679024191,1261.0,1349.0,1430.0,1450.0,1389.857142857143,90.09888747265272,1528.0,1261.0,1366.0,84.13176478687875,1528.0,1208.0,1359.9333333333334,80.33719168490221,1528.0,1208.0,1206.9077757685352
2022-07-09,1419,132601.76,0,113.6125,100.6125,2022,7,9,5,3,190,1,0,0,-0.4999999999999997,-0.8660254037844388,-0.9749279121818236,-0.2225209339563146,1220.0,1455.0,1394.0,1251.0,1371.4285714285713,110.68853771259515,1528.0,1220.0,1351.0,90.335272947295,1528.0,1208.0,1352.2666666666667,82.39389554444621,1528.0,1208.0,1206.9314079422384
2022-07-10,1407,120722.67000000001,1,111.3375,101.24,2022,7,10,6,3,191,1,0,0,-0.4999999999999997,-0.8660254037844388,-0.7818314824680299,0.6234898018587334,1419.0,1380.0,1382.0,1291.0,1366.2857142857142,106.93099688695656,1528.0,1220.0,1352.7857142857142,91.49037660316942,1528.0,1208.0,1357.8666666666666,80.97071983911833,1528.0,1208.0,1207.3135135135135
2022-07-11,1279,99698.92,0,111.30749999999999,102.0725,2022,7,11,0,3,192,0,0,0,-0.4999999999999997,-0.8660254037844388,0.0,1.0,1407.0,1528.0,1273.0,1438.0,1370.142857142857,107.98985843036255,1528.0,1220.0,1354.5714285714287,92.34443407967412,1528.0,1208.0,1361.7333333333333,80.43542423127388,1528.0,1208.0,1207.6726618705036
2022-07-12,1239,103769.06,0,111.7775,99.11,2022,7,12,1,3,193,0,0,0,-0.4999999999999997,-0.8660254037844388,0.7818314824680298,0.6234898018587336,1279.0,1436.0,1366.0,1268.0,1334.5714285714287,86.12173001602216,1436.0,1220.0,1355.0,91.94981909046916,1528.0,1208.0,1356.4333333333334,80.47517643962716,1528.0,1208.0,1207.8007181328546
2022-07-13,1381,107415.95,1,112.8425,100.31,2022,7,13,2,3,194,0,0,0,-0.4999999999999997,-0.8660254037844388,0.9749279121818236,-0.22252093395631434,1239.0,1320.0,1342.0,1355.0,1306.4285714285713,79.37643886959962,1419.0,1220.0,1345.9285714285713,96.91190629854674,1528.0,1208.0,1355.4666666666667,81.73832652427575,1528.0,1208.0,1207.8566308243728
2022-07-14,1222,94903.87,0,113.17250000000001,100.82,2022,7,14,3,3,195,0,0,0,-0.4999999999999997,-0.8660254037844388,0.43388373911755823,-0.900968867902419,1381.0,1261.0,1208.0,1345.0,1315.142857142857,84.30980285318603,1419.0,1220.0,1348.7142857142858,97.34982799671374,1528.0,1208.0,1356.3333333333333,81.87093852346668,1528.0,1208.0,1208.1663685152057
2022-07-15,1252,112710.23999999999,0,115.57,98.965,2022,7,15,4,3,196,0,0,0,-0.4999999999999997,-0.8660254037844388,-0.433883739117558,-0.9009688679024191,1222.0,1220.0,1349.0,1303.0,1309.5714285714287,89.60628166755916,1419.0,1220.0,1349.7142857142858,95.85359715687687,1528.0,1220.0,1352.2333333333333,85.45927981060764,1528.0,1208.0,1208.1910714285714
2022-07-16,1411,126580.37,0,112.5675,101.67,2022,7,16,5,3,197,1,0,0,-0.4999999999999997,-0.8660254037844388,-0.9749279121818236,-0.2225209339563146,1252.0,1419.0,1455.0,1358.0,1314.142857142857,84.97142376789441,1419.0,1222.0,1342.7857142857142,99.35110898799047,1528.0,1220.0,1350.5333333333333,86.96639594112835,1528.0,1208.0,1208.2691622103387
2022-07-17,1471,122277.07,1,111.4875,101.765,2022,7,17,6,3,198,1,0,0,-0.4999999999999997,-0.8660254037844388,-0.7818314824680299,0.6234898018587334,1411.0,1407.0,1380.0,1278.0,1313.0,83.36466077821525,1411.0,1222.0,1339.642857142857,96.17340680159386,1528.0,1220.0,1352.3,87.65888038496404,1528.0,1208.0,1208.629893238434
2022-07-18,1239,102278.25,0,112.2025,103.16,2022,7,18,0,3,199,0,0,0,-0.4999999999999997,-0.8660254037844388,0.0,1.0,1471.0,1279.0,1528.0,1343.0,1322.142857142857,97.67365487757226,1471.0,1222.0,1346.142857142857,102.00894164643067,1528.0,1220.0,1358.7333333333333,89.08846178371883,1528.0,1208.0,1209.0959147424512
2022-07-19,1516,110319.41,1,112.7775,92.28,2022,7,19,1,3,200,0,0,0,-0.4999999999999997,-0.8660254037844388,0.7818314824680298,0.6234898018587336,1239.0,1239.0,1436.0,1440.0,1316.4285714285713,101.70522297774394,1471.0,1222.0,1325.5,91.02725711819588,1471.0,1220.0,1355.2666666666667,91.70677910238669,1528.0,1208.0,1209.1489361702127
2022-07-20,1429,117494.33,1,114.50750000000002,99.77,2022,7,20,2,3,201,0,0,0,-0.4999999999999997,-0.8660254037844388,0.9749279121818236,-0.22252093395631434,1516.0,1381.0,1320.0,1527.0,1356.0,118.97898974188786,1516.0,1222.0,1331.2142857142858,100.51419996997952,1516.0,1220.0,1357.8,95.11459513080614,1528.0,1208.0,1209.69203539823
2022-07-21,1380,106989.13,1,113.56750000000001,102.8025,2022,7,21,3,3,202,0,0,0,-0.4999999999999997,-0.8660254037844388,0.43388373911755823,-0.900968867902419,1429.0,1222.0,1261.0,1324.0,1362.857142857143,122.0046837508426,1516.0,1222.0,1339.0,103.74821592534971,1516.0,1220.0,1354.5333333333333,90.68274874275063,1528.0,1208.0,1210.0795053003533
2022-07-22,1270,102067.07,0,112.52250000000001,98.8875,2022,7,22,4,3,203,0,0,0,-0.4999999999999997,-0.8660254037844388,-0.433883739117558,-0.9009688679024191,1380.0,1252.0,1220.0,1419.0,1385.4285714285713,105.0378616545132,1516.0,1239.0,1347.5,101.72114975605142,1516.0,1220.0,1356.4,90.60889809391635,1528.0,1208.0,1210.3791887125221
2022-07-23,1445,116275.68,0,112.745,95.74249999999999,2022,7,23,5,3,204,1,0,0,-0.4999999999999997,-0.8660254037844388,-0.9749279121818236,-0.2225209339563146,1270.0,1411.0,1419.0,1284.0,1388.0,101.383759383182,1516.0,1239.0,1351.0714285714287,97.69848773392175,1516.0,1222.0,1351.4333333333334,91.14130118453322,1528.0,1208.0,1210.4841549295775
2022-07-24,1353,119419.62,0,112.04999999999998,103.3,2022,7,24,6,3,205,1,0,0,-0.4999999999999997,-0.8660254037844388,-0.7818314824680299,0.6234898018587334,1445.0,1471.0,1407.0,1430.0,1392.857142857143,103.46243854885921,1516.0,1239.0,1352.9285714285713,99.32267870680528,1516.0,1222.0,1356.8,91.77160555535418,1528.0,1208.0,1210.896309314587
2022-07-25,1283,94156.05,1,113.39249999999998,101.83500000000001,2022,7,25,0,3,206,0,0,0,-0.4999999999999997,-0.8660254037844388,0.0,1.0,1353.0,1239.0,1279.0,1394.0,1376.0,98.0815986819152,1516.0,1239.0,1349.0714285714287,98.10235179939455,1516.0,1222.0,1354.2333333333333,90.72454837672949,1528.0,1208.0,1211.1456140350876
2022-07-26,1310,112994.65,0,117.47,97.89,2022,7,26,1,3,207,0,0,0,-0.4999999999999997,-0.8660254037844388,0.7818314824680298,0.6234898018587336,1283.0,1516.0,1239.0,1382.0,1382.2857142857142,88.81012383303138,1516.0,1270.0,1349.357142857143,97.88816785799064,1516.0,1222.0,1350.5333333333333,91.3083949508825,1528.0,1208.0,1211.2714535901926
2022-07-27,1429,113649.17,1,113.445,104.38250000000001,2022,7,27,2,3,208,0,0,0,-0.4999999999999997,-0.8660254037844388,0.9749279121818236,-0.22252093395631434,1310.0,1429.0,1381.0,1273.0,1352.857142857143,69.04932674407313,1445.0,1270.0,1354.4285714285713,93.47045134547093,1516.0,1222.0,1348.1333333333334,91.39898638740075,1528.0,1208.0,1211.444055944056
2022-07-28,1535,120131.28,1,113.3775,102.93,2022,7,28,3,3,209,0,0,0,-0.4999999999999997,-0.8660254037844388,0.43388373911755823,-0.900968867902419,1429.0,1380.0,1222.0,1366.0,1352.857142857143,69.04932674407313,1445.0,1270.0,1357.857142857143,95.38090209007922,1516.0,1222.0,1353.3333333333333,91.41467977388275,1528.0,1208.0,1211.823734729494
2022-07-29,1222,104360.43000000001,0,113.35249999999999,98.0,2022,7,29,4,3,210,0,0,0,-0.4999999999999997,-0.8660254037844388,-0.433883739117558,-0.9009688679024191,1535.0,1270.0,1252.0,1342.0,1375.0,97.99149622969131,1535.0,1270.0,1380.2142857142858,97.7407706218811,1535.0,1239.0,1358.9666666666667,97.2435560610724,1535.0,1208.0,1212.3867595818815
2022-07-30,1342,118598.28,0,114.9975,96.7675,2022,7,30,5,3,211,1,0,0,-0.4999999999999997,-0.8660254037844388,-0.9749279121818236,-0.2225209339563146,1222.0,1445.0,1411.0,1208.0,1368.142857142857,107.75655984893196,1535.0,1222.0,1378.0714285714287,101.04109163010423,1535.0,1222.0,1354.9666666666667,100.38288194959517,1535.0,1208.0,1212.4034782608696
2022-07-31,1490,119833.70000000001,1,108.7675,102.83500000000001,2022,7,31,6,3,212,1,0,1,-0.4999999999999997,-0.8660254037844388,-0.7818314824680299,0.6234898018587334,1342.0,1353.0,1471.0,1349.0,1353.4285714285713,102.41233184673594,1535.0,1222.0,1373.142857142857,100.99417892049556,1535.0,1222.0,1359.4333333333334,96.52503099816147,1535.0,1220.0,1212.6284722222222
2022-08-01,1134,96629.73000000001,0,114.66250000000001,100.11250000000001,2022,8,1,0,3,213,0,1,0,-0.8660254037844385,-0.5000000000000004,0.0,1.0,1490.0,1283.0,1239.0,1455.0,1373.0,114.67344941179836,1535.0,1222.0,1374.5,102.52635683644839,1535.0,1222.0,1364.1333333333334,99.38977028236991,1535.0,1220.0,1213.109185441941
2022-08-02,1258,104243.88,0,112.07249999999999,103.78999999999999,2022,8,2,1,3,214,0,0,0,-0.8660254037844385,-0.5000000000000004,0.7818314824680298,0.6234898018587336,1134.0,1310.0,1516.0,1380.0,1351.7142857142858,144.19282724383922,1535.0,1134.0,1367.0,116.13784912766748,1535.0,1134.0,1353.4333333333334,106.30816730986484,1535.0,1134.0,1212.9723183391004
2022-08-03,1315,115395.53,0,109.9625,100.8175,2022,8,3,2,3,215,0,0,0,-0.8660254037844385,-0.5000000000000004,0.9749279121818236,-0.22252093395631434,1258.0,1429.0,1429.0,1528.0,1344.2857142857142,147.98954274510405,1535.0,1134.0,1348.5714285714287,111.03340750611201,1535.0,1134.0,1349.3666666666666,107.58268138196745,1535.0,1134.0,1213.0500863557859
2022-08-04,1358,101949.72,1,115.915,98.7875,2022,8,4,3,3,216,0,0,0,-0.8660254037844385,-0.5000000000000004,0.43388373911755823,-0.900968867902419,1315.0,1535.0,1380.0,1436.0,1328.0,143.3120139183506,1535.0,1134.0,1340.4285714285713,108.83983595224035,1535.0,1134.0,1342.2666666666667,102.28524460726668,1535.0,1134.0,1213.2258620689656
2022-08-05,1295,107785.41,0,112.5575,103.91,2022,8,5,4,3,217,0,0,0,-0.8660254037844385,-0.5000000000000004,-0.433883739117558,-0.9009688679024191,1358.0,1222.0,1270.0,1320.0,1302.7142857142858,113.14108343968113,1490.0,1134.0,1338.857142857143,108.38241210061688,1535.0,1134.0,1339.6666666666667,100.80104451201483,1535.0,1134.0,1213.47504302926
2022-08-06,1324,115529.26000000001,0,112.905,103.8275,2022,8,6,5,3,218,1,0,0,-0.8660254037844385,-0.5000000000000004,-0.9749279121818236,-0.2225209339563146,1295.0,1342.0,1445.0,1261.0,1313.142857142857,107.69467422831552,1490.0,1134.0,1340.642857142857,107.36179462479029,1535.0,1134.0,1338.8333333333333,101.0722115817376,1535.0,1134.0,1213.615120274914
2022-08-07,1401,119805.59,0,113.34249999999999,100.36500000000001,2022,8,7,6,3,219,1,0,0,-0.8660254037844385,-0.5000000000000004,-0.7818314824680299,0.6234898018587334,1324.0,1490.0,1353.0,1220.0,1310.5714285714287,107.10408822396023,1490.0,1134.0,1332.0,103.10039916359665,1535.0,1134.0,1340.9333333333334,100.04858589820468,1535.0,1134.0,1213.804459691252
2022-08-08,1477,132035.01,1,103.9575,99.2225,2022,8,8,0,3,220,0,0,0,-0.8660254037844385,-0.5000000000000004,0.0,1.0,1401.0,1134.0,1283.0,1419.0,1297.857142857143,85.32179981581277,1401.0,1134.0,1335.4285714285713,104.63909718332498,1535.0,1134.0,1346.9666666666667,97.93963071386572,1535.0,1134.0,1214.125
2022-08-09,1268,111583.68,0,112.4975,107.04,2022,8,9,1,3,221,0,0,0,-0.8660254037844385,-0.5000000000000004,0.7818314824680298,0.6234898018587336,1477.0,1258.0,1310.0,1407.0,1346.857142857143,73.1606191231078,1477.0,1258.0,1349.2857142857142,109.87645409657118,1535.0,1134.0,1348.9,99.96218250436044,1535.0,1134.0,1214.574358974359
2022-08-10,1238,101094.06,0,112.8925,101.845,2022,8,10,2,3,222,0,0,0,-0.8660254037844385,-0.5000000000000004,0.9749279121818236,-0.22252093395631434,1268.0,1315.0,1429.0,1279.0,1348.2857142857142,71.20794498208532,1477.0,1268.0,1346.2857142857142,111.59158265156942,1535.0,1134.0,1344.2666666666667,100.39677606217603,1535.0,1134.0,1214.665529010239
2022-08-11,1350,110572.28,1,109.36999999999999,94.9625,2022,8,11,3,3,223,0,0,0,-0.8660254037844385,-0.5000000000000004,0.43388373911755823,-0.900968867902419,1238.0,1358.0,1535.0,1239.0,1337.2857142857142,82.29158378537257,1477.0,1238.0,1332.642857142857,112.3741053821574,1535.0,1134.0,1342.9,101.58785903565855,1535.0,1134.0,1214.7052810902896
2022-08-12,1297,100032.82,0,114.29499999999999,103.7375,2022,8,12,4,3,224,0,0,0,-0.8660254037844385,-0.5000000000000004,-0.433883739117558,-0.9009688679024191,1350.0,1295.0,1222.0,1381.0,1336.142857142857,82.01103293953656,1477.0,1238.0,1319.4285714285713,96.50485383226793,1490.0,1134.0,1346.6,99.67658044724321,1535.0,1134.0,1214.9353741496598
2022-08-13,1364,134148.76,1,104.37499999999999,100.45,2022,8,13,5,3,225,1,0,0,-0.8660254037844385,-0.5000000000000004,-0.9749279121818236,-0.2225209339563146,1297.0,1324.0,1342.0,1222.0,1336.4285714285713,81.84712811670674,1477.0,1238.0,1324.7857142857142,92.6865508220978,1490.0,1134.0,1343.8,99.85658681847205,1535.0,1134.0,1215.074702886248
2022-08-14,1367,106290.9,1,112.59500000000001,100.565,2022,8,14,6,3,226,1,0,0,-0.8660254037844385,-0.5000000000000004,-0.7818314824680299,0.6234898018587334,1364.0,1401.0,1490.0,1252.0,1342.142857142857,82.23022269098976,1477.0,1238.0,1326.357142857143,93.1860068257702,1490.0,1134.0,1348.5333333333333,97.21456302616599,1535.0,1134.0,1215.3271186440677
2022-08-15,1289,101908.48,0,111.3475,102.54,2022,8,15,0,3,227,0,0,0,-0.8660254037844385,-0.5000000000000004,0.0,1.0,1367.0,1477.0,1134.0,1411.0,1337.2857142857142,79.11955991981371,1477.0,1238.0,1317.5714285714287,81.65566943972063,1477.0,1134.0,1352.3666666666666,95.52955250758507,1535.0,1134.0,1215.5837563451776
2022-08-16,1313,101298.73999999999,0,112.13000000000001,101.0925,2022,8,16,1,3,228,0,0,0,-0.8660254037844385,-0.5000000000000004,0.7818314824680298,0.6234898018587336,1289.0,1268.0,1258.0,1471.0,1310.4285714285713,50.533345897725816,1367.0,1238.0,1328.642857142857,63.29492280387024,1477.0,1238.0,1348.3,95.54423059505258,1535.0,1134.0,1215.7077702702702
2022-08-17,1341,104146.06999999999,1,110.44250000000001,99.92,2022,8,17,2,3,229,0,0,0,-0.8660254037844385,-0.5000000000000004,0.9749279121818236,-0.22252093395631434,1313.0,1238.0,1315.0,1239.0,1316.857142857143,46.97314328929206,1367.0,1238.0,1332.5714285714287,60.2044136967722,1477.0,1238.0,1343.0333333333333,92.86455963812121,1535.0,1134.0,1215.8718381112985
2022-08-18,1261,95465.44,0,114.7675,100.5575,2022,8,18,3,3,230,0,0,0,-0.8660254037844385,-0.5000000000000004,0.43388373911755823,-0.900968867902419,1341.0,1350.0,1358.0,1516.0,1331.5714285714287,31.853085370482717,1367.0,1289.0,1334.4285714285713,60.02142474626958,1477.0,1238.0,1346.4333333333334,90.76786737126201,1535.0,1134.0,1216.0824915824917
2022-08-19,1385,123723.42000000001,1,104.36,100.765,2022,8,19,4,3,231,0,0,0,-0.8660254037844385,-0.5000000000000004,-0.433883739117558,-0.9009688679024191,1261.0,1297.0,1295.0,1429.0,1318.857142857143,39.993451844975425,1367.0,1261.0,1327.5,62.63293554820219,1477.0,1238.0,1337.9333333333334,86.16421104129229,1535.0,1134.0,1216.1579831932772
2022-08-20,1318,121987.99,0,114.01249999999999,99.4725,2022,8,20,5,3,232,1,0,0,-0.8660254037844385,-0.5000000000000004,-0.9749279121818236,-0.2225209339563146,1385.0,1364.0,1324.0,1380.0,1331.4285714285713,45.43807926859651,1385.0,1261.0,1333.9285714285713,63.65104904050456,1477.0,1238.0,1336.4666666666667,84.92622897442594,1535.0,1134.0,1216.4412751677853
2022-08-21,1350,109347.62,0,112.8875,99.3875,2022,8,21,6,3,233,1,0,0,-0.8660254037844385,-0.5000000000000004,-0.7818314824680299,0.6234898018587334,1318.0,1367.0,1401.0,1270.0,1324.857142857143,43.214305391575884,1385.0,1261.0,1333.5,63.743174596916475,1477.0,1238.0,1334.4,84.58401251072402,1535.0,1134.0,1216.6113902847571
2022-08-22,1304,98552.96,0,112.10250000000002,102.6925,2022,8,22,0,3,234,0,0,0,-0.8660254037844385,-0.5000000000000004,0.0,1.0,1350.0,1289.0,1477.0,1445.0,1322.4285714285713,40.86505084974897,1385.0,1261.0,1329.857142857143,60.98657751803495,1477.0,1238.0,1337.0666666666666,83.74054072502803,1535.0,1134.0,1216.8344481605352
2022-08-23,1276,111739.6,0,111.9025,97.5775,2022,8,23,1,3,235,0,0,0,-0.8660254037844385,-0.5000000000000004,0.7818314824680298,0.6234898018587336,1304.0,1313.0,1268.0,1353.0,1324.5714285714287,39.17846833341719,1385.0,1261.0,1317.5,44.05547202544984,1385.0,1238.0,1332.3666666666666,81.39790869690941,1535.0,1134.0,1216.9799666110184
2022-08-24,1248,99166.29000000001,1,108.14750000000001,103.0775,2022,8,24,2,3,236,0,0,0,-0.8660254037844385,-0.5000000000000004,0.9749279121818236,-0.22252093395631434,1276.0,1341.0,1238.0,1283.0,1319.2857142857142,43.28092068381027,1385.0,1261.0,1318.0714285714287,43.411207850433605,1385.0,1238.0,1329.8,81.93706584093181,1535.0,1134.0,1217.0783333333334
2022-08-25,1401,103387.12,0,112.39000000000001,100.385,2022,8,25,3,3,237,0,0,0,-0.8660254037844385,-0.5000000000000004,0.43388373911755823,-0.900968867902419,1248.0,1261.0,1350.0,1310.0,1306.0,49.35247376441042,1385.0,1248.0,1318.7857142857142,42.053406651418804,1385.0,1248.0,1328.6333333333334,82.87026975457424,1535.0,1134.0,1217.1297836938436
2022-08-26,1268,97561.84,0,108.5975,102.6825,2022,8,26,4,3,238,0,0,0,-0.8660254037844385,-0.5000000000000004,-0.433883739117558,-0.9009688679024191,1401.0,1385.0,1297.0,1429.0,1326.0,55.99702373043466,1401.0,1248.0,1322.4285714285713,46.89548819649306,1401.0,1248.0,1331.6666666666667,83.82466649288975,1535.0,1134.0,1217.4352159468438
2022-08-27,1373,102621.54999999999,1,112.6625,101.6,2022,8,27,5,3,239,1,0,0,-0.8660254037844385,-0.5000000000000004,-0.9749279121818236,-0.2225209339563146,1268.0,1318.0,1364.0,1535.0,1309.2857142857142,52.822704353698654,1401.0,1248.0,1320.357142857143,48.71045874562654,1401.0,1248.0,1326.3,82.52195110268293,1535.0,1134.0,1217.519071310116
2022-08-28,1451,136884.43,1,105.4,102.775,2022,8,28,6,3,240,1,0,0,-0.8660254037844385,-0.5000000000000004,-0.7818314824680299,0.6234898018587334,1373.0,1350.0,1367.0,1222.0,1317.142857142857,58.156193626672604,1401.0,1248.0,1321.0,49.3854541026371,1401.0,1248.0,1320.9,73.16412819936338,1490.0,1134.0,1217.7764900662253
2022-08-29,1181,91703.74,0,112.7125,101.7475,2022,8,29,0,3,241,0,0,0,-0.8660254037844385,-0.5000000000000004,0.0,1.0,1451.0,1304.0,1289.0,1342.0,1331.5714285714287,77.107840377093,1451.0,1248.0,1327.0,59.47591626352007,1451.0,1248.0,1328.5333333333333,74.42502977810466,1490.0,1134.0,1218.1619834710743
2022-08-30,1386,101391.42000000001,1,109.7125,101.545,2022,8,30,1,3,242,0,0,0,-0.8660254037844385,-0.5000000000000004,0.7818314824680298,0.6234898018587336,1181.0,1276.0,1313.0,1490.0,1314.0,96.11104688501474,1451.0,1181.0,1319.2857142857142,70.72419732957506,1451.0,1181.0,1323.1666666666667,79.07965575306625,1490.0,1134.0,1218.1006600660066
2022-08-31,1198,102437.19,0,117.4525,99.125,2022,8,31,2,3,243,0,0,1,-0.8660254037844385,-0.5000000000000004,0.9749279121818236,-0.22252093395631434,1386.0,1248.0,1341.0,1134.0,1329.7142857142858,97.83951874662725,1451.0,1181.0,1324.5,72.88320477628682,1451.0,1181.0,1319.7,73.60385578356176,1477.0,1134.0,1218.3772652388798
2022-09-01,1450,127541.31999999999,1,103.3425,102.4675,2022,9,1,3,3,244,0,1,0,-1.0,-1.8369701987210297e-16,0.43388373911755823,-0.900968867902419,1198.0,1401.0,1261.0,1258.0,1322.5714285714287,106.26203013127142,1451.0,1181.0,1314.2857142857142,80.0600049688042,1451.0,1181.0,1321.8333333333333,68.80711838342278,1477.0,1181.0,1218.34375
2022-09-02,1181,100828.82,0,111.6875,102.60249999999999,2022,9,2,4,3,245,0,0,0,-1.0,-1.8369701987210297e-16,-0.433883739117558,-0.9009688679024191,1450.0,1268.0,1385.0,1315.0,1329.5714285714287,113.6469051387641,1451.0,1181.0,1327.7857142857142,86.09134555935584,1451.0,1181.0,1328.2333333333333,71.54004585489191,1477.0,1181.0,1218.7241379310344
2022-09-03,1359,103613.35,1,113.745,96.28999999999999,2022,9,3,5,3,246,1,0,0,-1.0,-1.8369701987210297e-16,-0.9749279121818236,-0.2225209339563146,1181.0,1373.0,1318.0,1358.0,1317.142857142857,125.62832558971866,1451.0,1181.0,1313.2142857142858,92.67493111485655,1451.0,1181.0,1323.7666666666667,76.41207854211869,1477.0,1181.0,1218.6622950819672
2022-09-04,1313,100738.72,0,111.215,100.4175,2022,9,4,6,3,247,1,0,0,-1.0,-1.8369701987210297e-16,-0.7818314824680299,0.6234898018587334,1359.0,1451.0,1350.0,1295.0,1315.142857142857,124.69887539111848,1451.0,1181.0,1316.142857142857,93.48208972258625,1451.0,1181.0,1323.8,76.42774365373138,1477.0,1181.0,1218.8919803600654
2022-09-05,1208,97872.64,0,113.41,100.785,2022,9,5,0,3,248,0,0,0,-1.0,-1.8369701987210297e-16,0.0,1.0,1313.0,1181.0,1304.0,1324.0,1295.4285714285713,109.64010388973783,1450.0,1181.0,1313.5,92.97290755086715,1451.0,1181.0,1324.4,76.26433160962304,1477.0,1181.0,1219.045751633987
2022-09-06,1160,98690.84,0,113.63499999999999,102.14750000000001,2022,9,6,1,3,249,0,0,0,-1.0,-1.8369701987210297e-16,0.7818314824680298,0.6234898018587336,1208.0,1386.0,1276.0,1401.0,1299.2857142857142,105.33393610436396,1450.0,1181.0,1306.642857142857,97.17280970032436,1451.0,1181.0,1320.5333333333333,79.17058550494538,1477.0,1181.0,1219.0277324632953
2022-09-07,1319,99342.11,0,112.71749999999999,102.8475,2022,9,7,2,3,250,0,0,0,-1.0,-1.8369701987210297e-16,0.9749279121818236,-0.22252093395631434,1160.0,1198.0,1248.0,1477.0,1267.0,108.90056626727608,1450.0,1160.0,1298.357142857143,104.6448992787293,1451.0,1160.0,1312.5,82.86497117767132,1477.0,1160.0,1218.9315960912052
2022-09-08,1205,96598.45999999999,1,113.2775,96.3975,2022,9,8,3,3,251,0,0,0,-1.0,-1.8369701987210297e-16,0.43388373911755823,-0.900968867902419,1319.0,1450.0,1401.0,1268.0,1284.2857142857142,105.67830790613968,1450.0,1160.0,1303.4285714285713,103.7331741950082,1451.0,1160.0,1307.2333333333333,76.8521569182604,1451.0,1160.0,1219.0943089430893
2022-09-09,1244,107765.91,0,114.7425,101.5625,2022,9,9,4,3,252,0,0,0,-1.0,-1.8369701987210297e-16,-0.433883739117558,-0.9009688679024191,1205.0,1181.0,1268.0,1238.0,1249.2857142857142,78.80083393322326,1359.0,1160.0,1289.4285714285713,102.77362298964644,1451.0,1160.0,1305.1333333333334,78.79731018222913,1451.0,1160.0,1219.0714285714287
2022-09-10,1417,114950.01999999999,1,111.20499999999998,100.21000000000001,2022,9,10,5,3,253,1,0,0,-1.0,-1.8369701987210297e-16,-0.9749279121818236,-0.2225209339563146,1244.0,1359.0,1373.0,1350.0,1258.2857142857142,73.09289588305731,1359.0,1160.0,1287.7142857142858,103.35705742077658,1451.0,1160.0,1305.3333333333333,78.62847309727948,1451.0,1160.0,1219.1118314424634
2022-09-11,1407,110709.13,0,112.7375,100.2625,2022,9,11,6,3,254,1,0,0,-1.0,-1.8369701987210297e-16,-0.7818314824680299,0.6234898018587334,1417.0,1313.0,1451.0,1297.0,1266.5714285714287,88.14922412753141,1417.0,1160.0,1290.857142857143,106.76275434010742,1451.0,1160.0,1307.5666666666666,80.86075017918549,1451.0,1160.0,1219.4320388349515
2022-09-12,1336,104457.84,1,111.7125,94.5375,2022,9,12,0,3,255,0,0,0,-1.0,-1.8369701987210297e-16,0.0,1.0,1407.0,1208.0,1181.0,1364.0,1280.0,102.40768200351681,1417.0,1160.0,1287.7142857142858,102.23760302612666,1450.0,1160.0,1311.2333333333333,82.83497650952624,1451.0,1160.0,1219.735056542811
2022-09-13,1355,121632.54,1,104.8775,101.83250000000001,2022,9,13,1,3,256,0,0,0,-1.0,-1.8369701987210297e-16,0.7818314824680298,0.6234898018587336,1336.0,1160.0,1386.0,1367.0,1298.2857142857142,98.77198368922687,1417.0,1160.0,1298.7857142857142,98.10134365223588,1450.0,1160.0,1310.3,82.37640690023771,1451.0,1160.0,1219.9225806451614
2022-09-14,1346,122897.74999999999,1,102.70750000000001,97.53,2022,9,14,2,3,257,0,0,0,-1.0,-1.8369701987210297e-16,0.9749279121818236,-0.22252093395631434,1355.0,1319.0,1198.0,1289.0,1326.142857142857,78.73675247606042,1417.0,1205.0,1296.5714285714287,96.31495952639897,1450.0,1160.0,1309.9,82.12032803065568,1451.0,1160.0,1220.1400966183576
2022-09-15,1231,102350.58,0,114.2525,98.5775,2022,9,15,3,3,258,0,0,0,-1.0,-1.8369701987210297e-16,0.43388373911755823,-0.900968867902419,1346.0,1205.0,1450.0,1313.0,1330.0,78.98945077245163,1417.0,1205.0,1307.142857142857,92.71864565850687,1450.0,1160.0,1311.8,82.27933917559649,1451.0,1160.0,1220.3424437299036
2022-09-16,1200,95509.66,0,112.09,100.805,2022,9,16,4,3,259,0,0,0,-1.0,-1.8369701987210297e-16,-0.433883739117558,-0.9009688679024191,1231.0,1244.0,1181.0,1341.0,1333.7142857142858,72.47462610163413,1417.0,1231.0,1291.5,84.9078686215039,1417.0,1160.0,1309.0666666666666,83.58969303454593,1451.0,1160.0,1220.3595505617977
2022-09-17,1467,124440.48999999999,1,103.2875,97.755,2022,9,17,5,3,260,1,0,0,-1.0,-1.8369701987210297e-16,-0.9749279121818236,-0.2225209339563146,1200.0,1417.0,1359.0,1261.0,1327.4285714285713,82.73422738475658,1417.0,1200.0,1292.857142857143,83.1392318230827,1417.0,1160.0,1304.3666666666666,85.67037202953284,1451.0,1160.0,1220.326923076923
2022-09-18,1261,106186.86000000002,0,114.8825,100.9125,2022,9,18,6,3,261,1,0,0,-1.0,-1.8369701987210297e-16,-0.7818314824680299,0.6234898018587334,1467.0,1407.0,1313.0,1385.0,1334.5714285714287,93.2467285268101,1467.0,1200.0,1300.5714285714287,94.04394577145412,1467.0,1160.0,1311.2333333333333,90.20997854941265,1467.0,1160.0,1220.7216
2022-09-19,1139,86068.45,0,112.5875,104.17750000000001,2022,9,19,0,3,262,0,0,0,-1.0,-1.8369701987210297e-16,0.0,1.0,1261.0,1336.0,1208.0,1318.0,1313.7142857142858,90.63795063458952,1467.0,1200.0,1296.857142857143,94.54088016291401,1467.0,1160.0,1307.1,89.55189210346568,1467.0,1160.0,1220.7859424920127
2022-09-20,1439,117737.13999999998,1,111.2825,98.52250000000001,2022,9,20,1,3,263,0,0,0,-1.0,-1.8369701987210297e-16,0.7818314824680298,0.6234898018587336,1139.0,1355.0,1160.0,1350.0,1285.5714285714287,110.8871154866628,1467.0,1139.0,1291.9285714285713,101.10045597227843,1467.0,1139.0,1301.1333333333334,94.6203788406832,1467.0,1139.0,1220.6555023923445
2022-09-21,1263,105480.15,0,113.7125,94.045,2022,9,21,2,3,264,0,0,0,-1.0,-1.8369701987210297e-16,0.9749279121818236,-0.22252093395631434,1439.0,1346.0,1319.0,1304.0,1297.5714285714287,123.48259950678285,1467.0,1139.0,1311.857142857143,100.59121933148018,1467.0,1139.0,1304.1,97.55505960826846,1467.0,1139.0,1221.0031847133757
2022-09-22,1172,101455.13,0,112.6675,104.28,2022,9,22,3,3,265,0,0,0,-1.0,-1.8369701987210297e-16,0.43388373911755823,-0.900968867902419,1263.0,1231.0,1205.0,1276.0,1285.7142857142858,122.03375801489607,1467.0,1139.0,1307.857142857143,101.39553710620336,1467.0,1139.0,1302.7333333333333,97.84327134313749,1467.0,1139.0,1221.0699523052465
2022-09-23,1180,90725.07,0,114.42500000000001,101.8175,2022,9,23,4,3,266,0,0,0,-1.0,-1.8369701987210297e-16,-0.433883739117558,-0.9009688679024191,1172.0,1200.0,1244.0,1248.0,1277.2857142857142,128.31824277386096,1467.0,1139.0,1305.5,104.31221626223346,1467.0,1139.0,1299.2666666666667,100.62594898531779,1467.0,1139.0,1220.9920634920634
2022-09-24,1340,107971.74,0,111.50999999999999,99.5525,2022,9,24,5,3,267,1,0,0,-1.0,-1.8369701987210297e-16,-0.9749279121818236,-0.2225209339563146,1180.0,1467.0,1417.0,1401.0,1274.4285714285713,130.52950770209955,1467.0,1139.0,1300.9285714285713,108.53178498324269,1467.0,1139.0,1297.0,102.56772363192452,1467.0,1139.0,1220.9270998415213
2022-09-25,1411,117173.74,1,102.17,101.76,2022,9,25,6,3,268,1,0,0,-1.0,-1.8369701987210297e-16,-0.7818314824680299,0.6234898018587334,1340.0,1261.0,1407.0,1268.0,1256.2857142857142,105.78234617319096,1439.0,1139.0,1295.4285714285713,104.05598662089936,1467.0,1139.0,1294.9666666666667,101.0279863354153,1467.0,1139.0,1221.115506329114
2022-09-26,1225,105712.76999999999,0,112.845,100.18,2022,9,26,0,3,269,0,0,0,-1.0,-1.8369701987210297e-16,0.0,1.0,1411.0,1139.0,1336.0,1373.0,1277.7142857142858,120.9954741381051,1439.0,1139.0,1295.7142857142858,104.39085472133556,1467.0,1139.0,1299.7333333333333,103.06473805276678,1467.0,1139.0,1221.4154818325435
2022-09-27,1225,98505.67,0,111.22749999999999,98.345,2022,9,27,1,3,270,0,0,0,-1.0,-1.8369701987210297e-16,0.7818314824680298,0.6234898018587336,1225.0,1439.0,1355.0,1451.0,1290.0,108.25894882179544,1439.0,1172.0,1287.7857142857142,105.30700800073242,1467.0,1139.0,1294.8,102.97887295878908,1467.0,1139.0,1221.4211356466876
2022-09-28,1202,86755.32,0,111.04750000000001,102.3875,2022,9,28,2,3,271,0,0,0,-1.0,-1.8369701987210297e-16,0.9749279121818236,-0.22252093395631434,1225.0,1263.0,1346.0,1181.0,1259.4285714285713,87.37058456722774,1411.0,1172.0,1278.5,104.65382495123343,1467.0,1139.0,1287.2666666666667,99.36103910464274,1467.0,1139.0,1221.4267716535433
2022-09-29,1304,101563.51000000001,1,108.625,99.6375,2022,9,29,3,3,272,0,0,0,-1.0,-1.8369701987210297e-16,0.43388373911755823,-0.900968867902419,1202.0,1172.0,1231.0,1386.0,1250.7142857142858,89.95872069216777,1411.0,1172.0,1268.2142857142858,104.58576059235592,1467.0,1139.0,1287.9666666666667,98.65805919274149,1467.0,1139.0,1221.3962264150944
2022-09-30,1311,100411.91,1,113.005,97.06,2022,9,30,4,3,273,0,0,1,-1.0,-1.8369701987210297e-16,-0.433883739117558,-0.9009688679024191,1304.0,1180.0,1200.0,1198.0,1269.5714285714287,84.36993371033182,1411.0,1180.0,1273.4285714285713,104.4072752296478,1467.0,1139.0,1285.2333333333333,96.96984363560125,1467.0,1139.0,1221.5259026687597
2022-10-01,1267,94802.94,0,113.61500000000001,104.3275,2022,10,1,5,4,274,1,1,0,-0.8660254037844386,0.5000000000000001,-0.9749279121818236,-0.2225209339563146,1311.0,1340.0,1467.0,1450.0,1288.2857142857142,75.2234765786024,1411.0,1202.0,1281.357142857143,102.60124991205922,1467.0,1139.0,1289.0,95.65022486770069,1467.0,1139.0,1221.666144200627
2022-10-02,1396,119200.7,0,113.8025,96.79249999999999,2022,10,2,6,4,275,1,0,0,-0.8660254037844386,0.5000000000000001,-0.7818314824680299,0.6234898018587334,1267.0,1411.0,1261.0,1181.0,1277.857142857143,71.84341438487095,1411.0,1202.0,1267.0714285714287,87.59036150497207,1439.0,1139.0,1282.9,90.73772359255507,1467.0,1139.0,1221.737089201878
2022-10-03,1224,96960.32,0,113.075,97.2375,2022,10,3,0,4,276,0,0,0,-0.8660254037844386,0.5000000000000001,0.0,1.0,1396.0,1225.0,1139.0,1359.0,1275.7142857142858,67.28970769668159,1396.0,1202.0,1276.7142857142858,94.06252304588986,1439.0,1139.0,1290.0666666666666,90.9023475032935,1467.0,1139.0,1222.009375
2022-10-04,1170,91580.31,0,114.9675,103.05000000000001,2022,10,4,1,4,277,0,0,0,-0.8660254037844386,0.5000000000000001,0.7818314824680298,0.6234898018587336,1224.0,1225.0,1439.0,1313.0,1275.5714285714287,67.41626199184043,1396.0,1202.0,1282.7857142857142,86.96522609325467,1439.0,1172.0,1285.5666666666666,90.71352533201008,1467.0,1139.0,1222.01248049922
2022-10-05,1185,94570.53,1,110.5775,99.935,2022,10,5,2,4,278,0,0,0,-0.8660254037844386,0.5000000000000001,0.9749279121818236,-0.22252093395631434,1170.0,1202.0,1263.0,1208.0,1267.7142857142858,76.83904017645045,1396.0,1170.0,1263.5714285714287,79.16265075605737,1411.0,1170.0,1280.8,92.95174869902768,1467.0,1139.0,1221.9314641744547
2022-10-06,1278,93817.01,0,110.92249999999999,100.5725,2022,10,6,3,4,279,0,0,0,-0.8660254037844386,0.5000000000000001,0.43388373911755823,-0.900968867902419,1185.0,1304.0,1172.0,1160.0,1265.2857142857142,79.48524870631547,1396.0,1170.0,1258.0,81.9033201167941,1411.0,1170.0,1280.0333333333333,93.66502432396786,1467.0,1139.0,1221.8740279937792
2022-10-07,1140,83451.43,0,112.9425,102.1125,2022,10,7,4,4,280,0,0,0,-0.8660254037844386,0.5000000000000001,-0.433883739117558,-0.9009688679024191,1278.0,1311.0,1180.0,1319.0,1261.5714285714287,77.9676367536713,1396.0,1170.0,1265.5714285714287,78.15538200446585,1411.0,1170.0,1283.9666666666667,90.88700196638182,1467.0,1139.0,1221.9611801242236
2022-10-08,1372,111027.95999999999,0,111.4525,93.35249999999999,2022,10,8,5,4,281,1,0,0,-0.8660254037844386,0.5000000000000001,-0.9749279121818236,-0.2225209339563146,1140.0,1267.0,1340.0,1205.0,1237.142857142857,86.24853345889147,1396.0,1140.0,1262.7142857142858,82.15316705485607,1411.0,1140.0,1278.0,94.31860898041428,1467.0,1139.0,1221.8341085271318
2022-10-09,1221,104447.24,0,114.7525,97.2975,2022,10,9,6,4,282,1,0,0,-0.8660254037844386,0.5000000000000001,-0.7818314824680299,0.6234898018587334,1372.0,1396.0,1411.0,1244.0,1252.142857142857,100.29361656560977,1396.0,1140.0,1265.0,84.86913002246149,1411.0,1140.0,1283.5666666666666,94.78857902006965,1467.0,1139.0,1222.0665634674922
2022-10-10,1197,84215.47,0,112.2025,99.66499999999999,2022,10,10,0,4,283,0,0,0,-0.8660254037844386,0.5000000000000001,0.0,1.0,1221.0,1224.0,1225.0,1417.0,1227.142857142857,77.73122189405511,1372.0,1140.0,1251.4285714285713,74.25394502414342,1396.0,1140.0,1282.8,95.21170603196619,1467.0,1139.0,1222.064914992272
2022-10-11,1172,90168.11,1,111.025,102.2325,2022,10,11,1,4,284,0,0,0,-0.8660254037844386,0.5000000000000001,0.7818314824680298,0.6234898018587336,1197.0,1170.0,1225.0,1407.0,1223.2857142857142,78.578441245493,1372.0,1140.0,1249.4285714285713,75.38895479773316,1396.0,1140.0,1275.4666666666667,92.96485555206527,1467.0,1139.0,1222.0262345679012
2022-10-12,1286,93829.96,1,111.37,102.0825,2022,10,12,2,4,285,0,0,0,-0.8660254037844386,0.5000000000000001,0.9749279121818236,-0.22252093395631434,1172.0,1185.0,1202.0,1336.0,1223.5714285714287,78.35572121816642,1372.0,1140.0,1245.642857142857,77.99566767343107,1396.0,1140.0,1267.6333333333334,91.38681838598427,1467.0,1139.0,1221.949152542373
2022-10-13,1322,99175.58,1,113.03500000000001,101.7325,2022,10,13,3,4,286,0,0,0,-0.8660254037844386,0.5000000000000001,0.43388373911755823,-0.900968867902419,1286.0,1278.0,1304.0,1355.0,1238.0,79.3620396243275,1372.0,1140.0,1251.642857142857,77.61007779808199,1396.0,1140.0,1265.9666666666667,90.54908492971873,1467.0,1139.0,1222.0476923076924
2022-10-14,1258,108591.39,0,114.45750000000001,100.115,2022,10,14,4,4,287,0,0,0,-0.8660254037844386,0.5000000000000001,-0.433883739117558,-0.9009688679024191,1322.0,1140.0,1311.0,1346.0,1244.2857142857142,84.6260682566042,1372.0,1140.0,1252.9285714285713,78.68580586075367,1396.0,1140.0,1264.8666666666666,89.6259404157218,1467.0,1139.0,1222.2012288786482
2022-10-15,1338,114614.55,1,104.75999999999999,98.225,2022,10,15,5,4,288,1,0,0,-0.8660254037844386,0.5000000000000001,-0.9749279121818236,-0.2225209339563146,1258.0,1372.0,1267.0,1231.0,1261.142857142857,71.05497536281015,1372.0,1172.0,1249.142857142857,76.93239504001909,1396.0,1140.0,1261.9333333333334,88.30938300337617,1467.0,1139.0,1222.256134969325
2022-10-16,1365,108671.91,1,113.8775,105.63749999999999,2022,10,16,6,4,289,1,0,0,-0.8660254037844386,0.5000000000000001,-0.7818314824680299,0.6234898018587334,1338.0,1221.0,1396.0,1200.0,1256.2857142857142,62.909231664132214,1338.0,1172.0,1254.2142857142858,80.45942940525966,1396.0,1140.0,1265.5,89.17350387364885,1467.0,1139.0,1222.4333843797856
2022-10-17,1312,104054.83,1,112.85249999999999,99.55,2022,10,17,0,4,290,0,0,0,-0.8660254037844386,0.5000000000000001,0.0,1.0,1365.0,1197.0,1224.0,1467.0,1276.857142857143,72.29206634993163,1365.0,1172.0,1252.0,76.5908209001184,1372.0,1140.0,1271.0,90.07812700937717,1467.0,1139.0,1222.651376146789
2022-10-18,1153,93693.13,0,113.4125,103.695,2022,10,18,1,4,291,0,0,0,-0.8660254037844386,0.5000000000000001,0.7818314824680298,0.6234898018587336,1312.0,1172.0,1170.0,1261.0,1293.2857142857142,63.672899221239966,1365.0,1172.0,1258.2857142857142,77.71885086785569,1372.0,1140.0,1265.8333333333333,82.58165586289542,1439.0,1139.0,1222.787786259542
2022-10-19,1187,78583.16,0,113.9425,94.5975,2022,10,19,2,4,292,0,0,0,-0.8660254037844386,0.5000000000000001,0.9749279121818236,-0.22252093395631434,1153.0,1286.0,1185.0,1139.0,1290.5714285714287,69.81369765993247,1365.0,1153.0,1257.0714285714287,79.3206387787185,1372.0,1140.0,1262.2333333333333,85.11480414744354,1439.0,1139.0,1222.6814024390244
2022-10-20,1222,90935.54,0,112.73,98.7125,2022,10,20,3,4,293,0,0,0,-0.8660254037844386,0.5000000000000001,0.43388373911755823,-0.900968867902419,1187.0,1322.0,1278.0,1439.0,1276.4285714285713,80.15580066939906,1365.0,1153.0,1257.2142857142858,79.18253359405617,1372.0,1140.0,1263.8333333333333,83.14676817213926,1439.0,1140.0,1222.627092846271
2022-10-21,1114,88182.01999999999,0,114.97,99.8075,2022,10,21,4,4,294,0,0,0,-0.8660254037844386,0.5000000000000001,-0.433883739117558,-0.9009688679024191,1222.0,1258.0,1140.0,1263.0,1262.142857142857,79.58942260423942,1365.0,1153.0,1253.2142857142858,79.4656951350511,1372.0,1140.0,1256.6,76.56081648395492,1411.0,1140.0,1222.626139817629
2022-10-22,1266,100808.76999999999,0,115.14750000000001,104.25,2022,10,22,5,4,295,1,0,0,-0.8660254037844386,0.5000000000000001,-0.9749279121818236,-0.2225209339563146,1114.0,1338.0,1372.0,1172.0,1241.5714285714287,97.44546704500432,1365.0,1114.0,1251.357142857143,82.5587037231068,1372.0,1114.0,1251.6333333333334,80.84445829357601,1411.0,1114.0,1222.4613050075873
2022-10-23,1344,100872.63,0,112.5025,101.63250000000001,2022,10,23,6,4,296,1,0,0,-0.8660254037844386,0.5000000000000001,-0.7818314824680299,0.6234898018587334,1266.0,1365.0,1221.0,1180.0,1231.2857142857142,89.00508278691005,1365.0,1114.0,1243.7857142857142,75.17382786318994,1365.0,1114.0,1254.7666666666667,79.46141259727378,1411.0,1114.0,1222.5272727272727
2022-10-24,1298,97020.25,1,113.4025,98.8575,2022,10,24,0,4,297,0,0,0,-0.8660254037844386,0.5000000000000001,0.0,1.0,1344.0,1312.0,1197.0,1340.0,1228.2857142857142,83.95775581746278,1344.0,1114.0,1252.5714285714287,79.37613891196527,1365.0,1114.0,1260.2333333333333,79.7810293470719,1411.0,1114.0,1222.7110438729198
2022-10-25,1292,102124.6,1,111.6,101.845,2022,10,25,1,4,298,0,0,0,-0.8660254037844386,0.5000000000000001,0.7818314824680298,0.6234898018587336,1298.0,1153.0,1172.0,1411.0,1226.2857142857142,81.76942029412972,1344.0,1114.0,1259.7857142857142,78.52209740079547,1365.0,1114.0,1258.8333333333333,78.69411901671097,1411.0,1114.0,1222.8247734138972
2022-10-26,1131,81309.93,0,112.02250000000001,98.3425,2022,10,26,2,4,299,0,0,0,-0.8660254037844386,0.5000000000000001,0.9749279121818236,-0.22252093395631434,1292.0,1187.0,1286.0,1225.0,1246.142857142857,77.78694957259545,1344.0,1114.0,1268.357142857143,74.65676036456554,1365.0,1114.0,1254.8666666666666,73.5933530231879,1396.0,1114.0,1222.9291101055808
2022-10-27,1249,112730.76,1,105.6,100.38499999999999,2022,10,27,3,4,300,0,0,0,-0.8660254037844386,0.5000000000000001,0.43388373911755823,-0.900968867902419,1131.0,1222.0,1322.0,1225.0,1238.142857142857,87.19409110604623,1344.0,1114.0,1257.2857142857142,82.87936420478395,1365.0,1114.0,1251.7333333333333,76.83835847630709,1396.0,1114.0,1222.7906626506024
2022-10-28,1199,104564.74,0,113.85000000000001,97.23,2022,10,28,4,4,301,0,0,0,-0.8660254037844386,0.5000000000000001,-0.433883739117558,-0.9009688679024191,1249.0,1114.0,1258.0,1202.0,1242.0,86.95784419284233,1344.0,1114.0,1252.0714285714287,80.76410501789043,1365.0,1114.0,1252.5333333333333,76.67519192979833,1396.0,1114.0,1222.83007518797
2022-10-29,1421,116769.48999999999,1,102.6975,100.36,2022,10,29,5,4,302,1,0,0,-0.8660254037844386,0.5000000000000001,-0.9749279121818236,-0.2225209339563146,1199.0,1266.0,1338.0,1304.0,1254.142857142857,70.47796008074343,1344.0,1131.0,1247.857142857143,81.96139536190482,1365.0,1114.0,1252.4333333333334,76.7452945129876,1396.0,1114.0,1222.7942942942943
2022-10-30,1187,98172.29000000001,0,114.125,97.60249999999999,2022,10,30,6,4,303,1,0,0,-0.8660254037844386,0.5000000000000001,-0.7818314824680299,0.6234898018587334,1421.0,1344.0,1365.0,1311.0,1276.2857142857142,94.93105267458493,1421.0,1131.0,1253.7857142857142,91.4373922599332,1421.0,1114.0,1256.3333333333333,82.23277865339126,1421.0,1114.0,1223.0914542728635
2022-10-31,1301,116976.70999999999,1,104.255,98.5175,2022,10,31,0,4,304,0,0,1,-0.8660254037844386,0.5000000000000001,0.0,1.0,1187.0,1298.0,1312.0,1267.0,1253.857142857143,94.81284823522705,1421.0,1131.0,1241.0714285714287,87.05388630543275,1421.0,1114.0,1252.2,82.50617531747176,1421.0,1114.0,1223.0374251497005
2022-11-01,1393,99160.06,1,110.275,101.47,2022,11,1,1,4,305,0,1,0,-0.5000000000000004,0.8660254037844384,0.7818314824680298,0.6234898018587336,1301.0,1292.0,1153.0,1396.0,1254.2857142857142,95.05211603065325,1421.0,1131.0,1240.2857142857142,86.41174116397087,1421.0,1114.0,1253.3333333333333,82.94881401880674,1421.0,1114.0,1223.153961136024
2022-11-02,1353,109565.93000000001,0,116.245,95.5025,2022,11,2,2,4,306,0,0,0,-0.5000000000000004,0.8660254037844384,0.9749279121818236,-0.22252093395631434,1393.0,1131.0,1187.0,1224.0,1268.7142857142858,108.45231561338281,1421.0,1131.0,1257.4285714285713,91.42438177213884,1421.0,1114.0,1253.2333333333333,82.77251056810636,1421.0,1114.0,1223.4074626865672
2022-11-03,1399,118028.73,0,111.8225,102.9225,2022,11,3,3,4,307,0,0,0,-0.5000000000000004,0.8660254037844384,0.43388373911755823,-0.900968867902419,1353.0,1249.0,1222.0,1170.0,1300.4285714285713,92.79880951617402,1421.0,1187.0,1269.2857142857142,92.34752803441046,1421.0,1114.0,1257.5333333333333,84.53350012674466,1421.0,1114.0,1223.6005961251863
2022-11-04,1462,112450.49,1,113.36499999999998,101.2725,2022,11,4,4,4,308,0,0,0,-0.5000000000000004,0.8660254037844384,-0.433883739117558,-0.9009688679024191,1399.0,1199.0,1114.0,1185.0,1321.857142857143,96.20018810000498,1421.0,1187.0,1281.9285714285713,97.35617738349043,1421.0,1114.0,1265.1666666666667,86.66904284983175,1421.0,1114.0,1223.861607142857
2022-11-05,1385,116430.49,0,113.61250000000001,94.485,2022,11,5,5,4,309,1,0,0,-0.5000000000000004,0.8660254037844384,-0.9749279121818236,-0.2225209339563146,1462.0,1421.0,1266.0,1278.0,1359.4285714285713,91.46193587654886,1462.0,1187.0,1306.7857142857142,95.59222576326059,1462.0,1131.0,1274.4,92.39965666453755,1462.0,1114.0,1224.2154531946508
2022-11-06,1413,129474.44,0,114.2175,98.45,2022,11,6,6,4,310,1,0,0,-0.5000000000000004,0.8660254037844384,-0.7818314824680299,0.6234898018587334,1385.0,1187.0,1344.0,1140.0,1354.2857142857142,88.3830946989957,1462.0,1187.0,1315.2857142857142,96.96742400766317,1462.0,1131.0,1277.9666666666667,94.58274368138804,1462.0,1114.0,1224.454005934718
2022-11-07,1309,110872.70000000001,0,111.67250000000001,98.92,2022,11,7,0,4,311,0,0,0,-0.5000000000000004,0.8660254037844384,0.0,1.0,1413.0,1301.0,1298.0,1372.0,1386.5714285714287,50.0594884208044,1462.0,1301.0,1320.2142857142858,100.23754752619688,1462.0,1131.0,1287.0666666666666,93.98199876547834,1462.0,1114.0,1224.7333333333333
2022-11-08,1323,105944.5,1,111.52,100.3575,2022,11,8,1,4,312,0,0,0,-0.5000000000000004,0.8660254037844384,0.7818314824680298,0.6234898018587336,1309.0,1393.0,1292.0,1221.0,1387.7142857142858,47.821593050681955,1462.0,1309.0,1321.0,100.093033646783,1462.0,1131.0,1284.9666666666667,92.714051806073,1462.0,1114.0,1224.8579881656806
2022-11-09,1264,113593.13,0,114.82,100.59,2022,11,9,2,4,313,0,0,0,-0.5000000000000004,0.8660254037844384,0.9749279121818236,-0.22252093395631434,1323.0,1353.0,1131.0,1197.0,1377.7142857142858,53.51234837466657,1462.0,1309.0,1323.2142857142858,99.74442615731074,1462.0,1131.0,1288.3666666666666,92.15597098672504,1462.0,1114.0,1225.0029542097489
2022-11-10,1325,105135.78,0,116.6175,99.4925,2022,11,10,3,4,314,0,0,0,-0.5000000000000004,0.8660254037844384,0.43388373911755823,-0.900968867902419,1264.0,1399.0,1249.0,1172.0,1365.0,68.76287758182869,1462.0,1264.0,1332.7142857142858,85.31969614017197,1462.0,1187.0,1290.6,90.66520451830017,1462.0,1114.0,1225.0604719764012
2022-11-11,1330,106848.19,1,112.3875,100.3775,2022,11,11,4,4,315,0,0,0,-0.5000000000000004,0.8660254037844384,-0.433883739117558,-0.9009688679024191,1325.0,1462.0,1199.0,1286.0,1354.4285714285713,68.35168162490653,1462.0,1264.0,1338.142857142857,81.93417352490691,1462.0,1187.0,1295.7,88.0286591263698,1462.0,1114.0,1225.2076583210603
2022-11-12,1473,122196.07,0,112.63749999999999,98.3475,2022,11,12,5,4,316,1,0,0,-0.5000000000000004,0.8660254037844384,-0.9749279121818236,-0.2225209339563146,1330.0,1385.0,1421.0,1322.0,1335.5714285714287,49.27425677727215,1413.0,1264.0,1347.5,71.65703572735617,1462.0,1187.0,1297.1666666666667,88.2277942496656,1462.0,1114.0,1225.3617647058823
2022-11-13,1371,117077.15999999999,1,111.785,99.18,2022,11,13,6,4,317,1,0,0,-0.5000000000000004,0.8660254037844384,-0.7818314824680299,0.6234898018587334,1473.0,1413.0,1187.0,1258.0,1348.142857142857,70.5984621443205,1473.0,1264.0,1351.2142857142858,76.91471657865276,1473.0,1187.0,1302.2,93.82316455384026,1473.0,1114.0,1225.7254038179149
2022-11-14,1347,117962.68,0,112.6325,99.43,2022,11,14,0,4,318,0,0,0,-0.5000000000000004,0.8660254037844384,0.0,1.0,1371.0,1309.0,1301.0,1338.0,1342.142857142857,65.78862255088671,1473.0,1264.0,1364.357142857143,60.70940510442193,1473.0,1264.0,1305.9666666666667,94.25478432321911,1473.0,1114.0,1225.9384164222874
2022-11-15,1538,117872.09,1,111.0775,100.1525,2022,11,15,1,4,319,0,0,0,-0.5000000000000004,0.8660254037844384,0.7818314824680298,0.6234898018587336,1347.0,1323.0,1393.0,1365.0,1347.5714285714287,64.14529637954168,1473.0,1264.0,1367.642857142857,58.20997422179522,1473.0,1264.0,1306.2666666666667,94.37450464207609,1473.0,1114.0,1226.1156661786238
2022-11-16,1357,109231.79000000001,0,110.6875,96.09,2022,11,16,2,4,320,0,0,0,-0.5000000000000004,0.8660254037844384,0.9749279121818236,-0.22252093395631434,1538.0,1264.0,1353.0,1312.0,1378.2857142857142,94.64268643291122,1538.0,1264.0,1378.0,73.86369983860266,1538.0,1264.0,1312.0333333333333,102.98024026510117,1538.0,1114.0,1226.5716374269007
2022-11-17,1367,108541.52,0,111.57249999999999,98.64,2022,11,17,3,4,321,0,0,0,-0.5000000000000004,0.8660254037844384,0.43388373911755823,-0.900968867902419,1357.0,1325.0,1399.0,1153.0,1391.5714285714287,81.54724017986553,1538.0,1325.0,1378.2857142857142,73.76723117757257,1538.0,1264.0,1313.5333333333333,103.306952509413,1538.0,1114.0,1226.7620437956205
2022-11-18,1409,120082.84999999999,1,103.27499999999999,103.01,2022,11,18,4,4,322,0,0,0,-0.5000000000000004,0.8660254037844384,-0.433883739117558,-0.9009688679024191,1367.0,1330.0,1462.0,1187.0,1397.5714285714287,77.26546693674146,1538.0,1330.0,1376.0,73.57152459185723,1538.0,1264.0,1320.6666666666667,99.14438559698094,1538.0,1114.0,1226.966472303207
2022-11-19,1348,122179.55,0,114.8725,99.885,2022,11,19,5,4,323,1,0,0,-0.5000000000000004,0.8660254037844384,-0.9749279121818236,-0.2225209339563146,1409.0,1473.0,1385.0,1222.0,1408.857142857143,71.28914964525241,1538.0,1347.0,1372.2142857142858,70.08695541027814,1538.0,1264.0,1328.0666666666666,97.087210469671,1538.0,1114.0,1227.2314410480349
2022-11-20,1494,113820.73999999999,1,113.64999999999999,100.75,2022,11,20,6,4,324,1,0,0,-0.5000000000000004,0.8660254037844384,-0.7818314824680299,0.6234898018587334,1348.0,1371.0,1413.0,1114.0,1391.0,68.1297781199011,1538.0,1347.0,1369.5714285714287,70.26511804009007,1538.0,1264.0,1332.2666666666667,95.04443002176156,1538.0,1114.0,1227.406976744186
2022-11-21,1370,95090.13,1,112.99000000000001,100.015,2022,11,21,0,4,325,0,0,0,-0.5000000000000004,0.8660254037844384,0.0,1.0,1494.0,1347.0,1309.0,1266.0,1408.5714285714287,77.34954674044776,1538.0,1347.0,1375.357142857143,77.11690141283883,1538.0,1264.0,1344.9333333333334,90.14812841912995,1538.0,1131.0,1227.7939042089986
2022-11-22,1426,106841.91,1,110.41499999999999,98.9125,2022,11,22,1,4,326,0,0,0,-0.5000000000000004,0.8660254037844384,0.7818314824680298,0.6234898018587336,1370.0,1538.0,1323.0,1344.0,1411.857142857143,74.74273336235791,1538.0,1348.0,1379.7142857142858,74.76674350315776,1538.0,1264.0,1348.4,89.00042619038217,1538.0,1131.0,1228.0
2022-11-23,1379,110540.11,1,111.1325,93.825,2022,11,23,2,4,327,0,0,0,-0.5000000000000004,0.8660254037844384,0.9749279121818236,-0.22252093395631434,1426.0,1357.0,1264.0,1298.0,1395.857142857143,51.66374799744166,1494.0,1348.0,1387.0714285714287,73.81834698534944,1538.0,1264.0,1351.1333333333334,90.11285389322838,1538.0,1131.0,1228.286541244573
2022-11-24,1294,96542.95999999999,0,115.965,100.845,2022,11,24,3,4,328,0,0,0,-0.5000000000000004,0.8660254037844384,0.43388373911755823,-0.900968867902419,1379.0,1367.0,1325.0,1292.0,1399.0,49.53113498935433,1494.0,1348.0,1395.2857142857142,64.9336093743046,1538.0,1325.0,1353.8333333333333,89.6783844841046,1538.0,1131.0,1228.5043352601156
2022-11-25,1639,144110.06,0,111.8725,103.12,2022,11,25,4,4,329,0,0,0,-0.5000000000000004,0.8660254037844384,-0.433883739117558,-0.9009688679024191,1294.0,1409.0,1330.0,1131.0,1388.5714285714287,63.192449820259355,1494.0,1294.0,1393.0714285714287,67.97223900039201,1538.0,1294.0,1353.9,89.63156386775835,1538.0,1131.0,1228.5988455988456
2022-11-26,1513,120766.03,0,112.065,100.675,2022,11,26,5,4,330,1,0,0,-0.5000000000000004,0.8660254037844384,-0.9749279121818236,-0.2225209339563146,1639.0,1348.0,1473.0,1249.0,1421.4285714285713,114.5278090579725,1639.0,1294.0,1415.142857142857,91.88023738530126,1639.0,1294.0,1370.8333333333333,93.9508614532987,1639.0,1187.0,1229.1902017291065
2022-11-27,1426,117908.64,1,104.60999999999999,97.465,2022,11,27,6,4,331,1,0,0,-0.5000000000000004,0.8660254037844384,-0.7818314824680299,0.6234898018587334,1513.0,1494.0,1371.0,1199.0,1445.0,113.87419959470077,1639.0,1294.0,1418.0,94.40501942327536,1639.0,1294.0,1379.6333333333334,94.50797570187005,1639.0,1187.0,1229.5985611510791
2022-11-28,1381,110801.93,0,113.03999999999999,101.1625,2022,11,28,0,4,332,0,0,0,-0.5000000000000004,0.8660254037844384,0.0,1.0,1426.0,1370.0,1347.0,1421.0,1435.2857142857142,111.8804634207353,1639.0,1294.0,1421.9285714285713,93.43814431584217,1639.0,1294.0,1387.2,88.43949811926313,1639.0,1187.0,1229.8807471264367
2022-11-29,1270,98637.48999999999,1,109.60499999999999,101.965,2022,11,29,1,4,333,0,0,0,-0.5000000000000004,0.8660254037844384,0.7818314824680298,0.6234898018587336,1381.0,1426.0,1538.0,1187.0,1436.857142857143,110.88346521074843,1639.0,1294.0,1424.357142857143,91.76777307870954,1639.0,1294.0,1385.8666666666666,88.21358615094462,1639.0,1187.0,1230.0975609756097
2022-11-30,1366,127474.25,1,105.70999999999998,97.0875,2022,11,30,2,4,334,0,0,1,-0.5000000000000004,0.8660254037844384,0.9749279121818236,-0.22252093395631434,1270.0,1379.0,1357.0,1301.0,1414.5714285714287,127.81348017437783,1639.0,1270.0,1405.2142857142858,94.15958513358419,1639.0,1270.0,1388.6333333333334,82.90313555625276,1639.0,1264.0,1230.1547277936963
2022-12-01,1299,111948.36000000002,0,113.745,100.485,2022,12,1,3,4,335,0,1,0,-2.4492935982947064e-16,1.0,0.43388373911755823,-0.900968867902419,1366.0,1294.0,1367.0,1393.0,1412.7142857142858,128.5090324785452,1639.0,1270.0,1405.857142857143,93.83525427607775,1639.0,1270.0,1390.8,81.36906130669075,1639.0,1264.0,1230.349070100143
2022-12-02,1238,103375.09,0,114.06500000000001,101.4825,2022,12,2,4,4,336,0,0,0,-2.4492935982947064e-16,1.0,-0.433883739117558,-0.9009688679024191,1299.0,1639.0,1409.0,1353.0,1413.4285714285713,127.75087363414026,1639.0,1270.0,1401.0,97.68237381353576,1639.0,1270.0,1387.6666666666667,83.07343379384166,1639.0,1264.0,1230.4471428571428
2022-12-03,1342,109096.44,0,109.755,102.7725,2022,12,3,5,4,337,1,0,0,-2.4492935982947064e-16,1.0,-0.9749279121818236,-0.2225209339563146,1238.0,1513.0,1348.0,1399.0,1356.142857142857,95.60583763806703,1513.0,1238.0,1388.7857142857142,106.86452859826112,1639.0,1238.0,1383.8333333333333,87.2752614683493,1639.0,1238.0,1230.4579172610556
2022-12-04,1428,120055.96,1,112.005,101.6625,2022,12,4,6,4,338,1,0,0,-2.4492935982947064e-16,1.0,-0.7818314824680299,0.6234898018587334,1342.0,1426.0,1494.0,1462.0,1331.7142857142858,66.15817985634847,1426.0,1238.0,1388.357142857143,107.05254435438863,1639.0,1238.0,1381.9333333333334,87.55370109089364,1639.0,1238.0,1230.616809116809
2022-12-05,1385,109094.19,1,115.7725,98.7475,2022,12,5,0,4,339,0,0,0,-2.4492935982947064e-16,1.0,0.0,1.0,1428.0,1381.0,1370.0,1385.0,1332.0,66.63582619982681,1428.0,1238.0,1383.642857142857,103.43456284632255,1639.0,1238.0,1380.8,86.69741276019282,1639.0,1238.0,1230.8975817923185
2022-12-06,1317,106938.5,0,111.6775,95.6175,2022,12,6,1,4,340,0,0,0,-2.4492935982947064e-16,1.0,0.7818314824680298,0.6234898018587336,1385.0,1270.0,1426.0,1413.0,1332.5714285714287,67.1412867090926,1428.0,1238.0,1384.7142857142858,103.36003436192235,1639.0,1238.0,1380.8,86.69741276019282,1639.0,1238.0,1231.1164772727273
2022-12-07,1402,123104.57,0,112.43749999999999,99.5025,2022,12,7,2,4,341,0,0,0,-2.4492935982947064e-16,1.0,0.9749279121818236,-0.22252093395631434,1317.0,1366.0,1379.0,1309.0,1339.2857142857142,61.99385530226608,1428.0,1238.0,1376.9285714285713,104.11344721077532,1639.0,1238.0,1377.6,87.23792278828442,1639.0,1238.0,1231.2382978723404
2022-12-08,1357,112553.68000000001,0,112.9125,97.2025,2022,12,8,3,4,342,0,0,0,-2.4492935982947064e-16,1.0,0.43388373911755823,-0.900968867902419,1402.0,1299.0,1294.0,1323.0,1344.4285714285713,65.94658733363389,1428.0,1238.0,1378.5714285714287,104.32988677615967,1639.0,1238.0,1380.7,86.36416482267481,1639.0,1238.0,1231.4801699716713
2022-12-09,1310,111055.34,1,109.745,98.6925,2022,12,9,4,4,343,0,0,0,-2.4492935982947064e-16,1.0,-0.433883739117558,-0.9009688679024191,1357.0,1238.0,1639.0,1264.0,1352.7142857142858,62.85887443502576,1428.0,1238.0,1383.0714285714287,101.72773941769286,1639.0,1238.0,1381.8333333333333,85.80213136704323,1639.0,1238.0,1231.6577086280056
2022-12-10,1579,117183.06,1,109.03,101.79249999999999,2022,12,10,5,4,344,1,0,0,-2.4492935982947064e-16,1.0,-0.9749279121818236,-0.2225209339563146,1310.0,1342.0,1513.0,1325.0,1363.0,44.03029260255866,1428.0,1310.0,1359.5714285714287,71.5968567055201,1513.0,1238.0,1383.3666666666666,84.01620670148506,1639.0,1238.0,1231.768361581921
2022-12-11,1595,129605.01000000001,0,109.8175,101.17750000000001,2022,12,11,6,4,345,1,0,0,-2.4492935982947064e-16,1.0,-0.7818314824680299,0.6234898018587334,1579.0,1428.0,1426.0,1330.0,1396.857142857143,91.12524087106644,1579.0,1310.0,1364.2857142857142,83.63697063586041,1579.0,1238.0,1391.8333333333333,90.4811214195221,1639.0,1238.0,1232.2581100141044
2022-12-12,1322,107374.93,0,116.97749999999999,99.385,2022,12,12,0,4,346,0,0,0,-2.4492935982947064e-16,1.0,0.0,1.0,1595.0,1385.0,1381.0,1473.0,1420.7142857142858,118.41271649857477,1595.0,1310.0,1376.357142857143,103.14933695514829,1595.0,1238.0,1400.6666666666667,96.94126673096099,1639.0,1238.0,1232.769014084507
2022-12-13,1387,109792.08,1,111.42,99.5775,2022,12,13,1,4,347,0,0,0,-2.4492935982947064e-16,1.0,0.7818314824680298,0.6234898018587336,1322.0,1317.0,1270.0,1371.0,1411.7142857142858,123.84898638491886,1595.0,1310.0,1372.142857142857,104.1455026119068,1595.0,1238.0,1395.6333333333334,96.97617316083644,1639.0,1238.0,1232.8945147679324
2022-12-14,1454,108597.59,1,109.3225,102.05499999999999,2022,12,14,2,4,348,0,0,0,-2.4492935982947064e-16,1.0,0.9749279121818236,-0.22252093395631434,1387.0,1402.0,1366.0,1347.0,1421.7142857142858,117.5949464414685,1595.0,1310.0,1380.5,99.92747369968399,1595.0,1238.0,1396.1666666666667,96.87997669827581,1639.0,1238.0,1233.1109550561798
2022-12-15,1361,112210.79,1,113.4825,96.9875,2022,12,15,3,4,349,0,0,0,-2.4492935982947064e-16,1.0,0.43388373911755823,-0.900968867902419,1454.0,1357.0,1299.0,1538.0,1429.142857142857,117.78430649769643,1595.0,1310.0,1386.7857142857142,101.69727216025142,1595.0,1238.0,1399.7333333333333,96.97704432719011,1639.0,1238.0,1233.4207573632539
2022-12-16,1391,110363.29000000001,1,112.0225,98.285,2022,12,16,4,4,350,0,0,0,-2.4492935982947064e-16,1.0,-0.433883739117558,-0.9009688679024191,1361.0,1310.0,1238.0,1357.0,1429.7142857142858,117.3849994472826,1595.0,1310.0,1391.2142857142858,98.8916878916881,1595.0,1238.0,1393.8333333333333,93.60042857746987,1639.0,1238.0,1233.5994397759105
2022-12-17,1420,127922.53,1,107.0575,99.8075,2022,12,17,5,4,351,1,0,0,-2.4492935982947064e-16,1.0,-0.9749279121818236,-0.2225209339563146,1391.0,1579.0,1342.0,1367.0,1441.2857142857142,107.16453748903396,1595.0,1322.0,1402.142857142857,88.57318325097044,1595.0,1310.0,1394.9666666666667,93.34455392323336,1639.0,1238.0,1233.8195804195805
2022-12-18,1552,138840.62999999998,1,106.00750000000001,100.41,2022,12,18,6,4,352,1,0,0,-2.4492935982947064e-16,1.0,-0.7818314824680299,0.6234898018587334,1420.0,1595.0,1428.0,1409.0,1418.5714285714287,88.3003532323217,1595.0,1322.0,1407.7142857142858,86.93713782996987,1595.0,1310.0,1396.7333333333333,93.29853209967999,1639.0,1238.0,1234.0796089385474
2022-12-19,1328,107716.98999999999,0,111.46999999999998,101.285,2022,12,19,0,4,353,0,0,0,-2.4492935982947064e-16,1.0,0.0,1.0,1552.0,1322.0,1385.0,1348.0,1412.4285714285713,74.37933660826843,1552.0,1322.0,1416.5714285714287,95.09648079367591,1595.0,1310.0,1401.5,97.5049954511668,1639.0,1238.0,1234.5230125523012
2022-12-20,1476,102462.66,1,107.6225,97.10249999999999,2022,12,20,1,4,354,0,0,0,-2.4492935982947064e-16,1.0,0.7818314824680298,0.6234898018587336,1328.0,1387.0,1317.0,1494.0,1413.2857142857142,73.18860176674929,1552.0,1328.0,1412.5,97.73571113349773,1595.0,1310.0,1400.8333333333333,97.95075586596393,1639.0,1238.0,1234.6532033426183
2022-12-21,1378,106762.75,1,110.1525,100.56,2022,12,21,2,4,355,0,0,0,-2.4492935982947064e-16,1.0,0.9749279121818236,-0.22252093395631434,1476.0,1454.0,1402.0,1370.0,1426.0,75.55351304429041,1552.0,1328.0,1423.857142857143,94.98409352085953,1595.0,1310.0,1400.2333333333333,97.41404109418656,1639.0,1238.0,1234.988873435327
2022-12-22,1556,127955.13,1,103.29249999999999,95.91499999999999,2022,12,22,3,4,356,0,0,0,-2.4492935982947064e-16,1.0,0.43388373911755823,-0.900968867902419,1378.0,1361.0,1357.0,1426.0,1415.142857142857,76.3160720762229,1552.0,1328.0,1422.142857142857,95.62334534947797,1595.0,1310.0,1400.5,97.33934598025142,1639.0,1238.0,1235.1875
2022-12-23,1383,109857.09,0,110.99750000000002,99.56,2022,12,23,4,4,357,0,0,0,-2.4492935982947064e-16,1.0,-0.433883739117558,-0.9009688679024191,1556.0,1391.0,1310.0,1379.0,1443.0,87.96021828076871,1556.0,1328.0,1436.357142857143,99.89040697982402,1595.0,1310.0,1404.8333333333333,101.32572377659889,1639.0,1238.0,1235.632454923717
2022-12-24,1438,115851.85999999999,0,111.5225,103.68,2022,12,24,5,4,358,1,0,0,-2.4492935982947064e-16,1.0,-0.9749279121818236,-0.2225209339563146,1383.0,1420.0,1579.0,1294.0,1441.857142857143,88.7964499504907,1556.0,1328.0,1441.5714285714287,94.54971365186604,1595.0,1322.0,1404.9666666666667,101.29318434822426,1639.0,1238.0,1235.8365650969529
2022-12-25,1487,121592.45000000001,1,113.99749999999999,100.64,2022,12,25,6,4,359,1,0,0,-2.4492935982947064e-16,1.0,-0.7818314824680299,0.6234898018587334,1438.0,1552.0,1595.0,1639.0,1444.4285714285713,88.31733907309972,1556.0,1328.0,1431.5,85.89864331337459,1595.0,1322.0,1409.7666666666667,99.24462404735044,1639.0,1238.0,1236.1161825726142
2022-12-26,1319,111925.28,0,114.46999999999998,99.2325,2022,12,26,0,4,360,0,0,0,-2.4492935982947064e-16,1.0,0.0,1.0,1487.0,1328.0,1322.0,1513.0,1435.142857142857,77.92823316237818,1556.0,1328.0,1423.7857142857142,74.12897136481634,1556.0,1322.0,1404.7,90.64563439285867,1595.0,1238.0,1236.4627071823204
2022-12-27,1301,99185.45999999999,0,112.95,96.4725,2022,12,27,1,4,361,0,0,0,-2.4492935982947064e-16,1.0,0.7818314824680298,0.6234898018587336,1319.0,1476.0,1387.0,1426.0,1433.857142857143,80.03630128766555,1556.0,1319.0,1423.5714285714287,74.44948135968872,1556.0,1319.0,1398.2333333333333,89.56665148073955,1595.0,1238.0,1236.576551724138
2022-12-28,1357,120921.38,0,113.05749999999999,99.095,2022,12,28,2,4,362,0,0,0,-2.4492935982947064e-16,1.0,0.9749279121818236,-0.22252093395631434,1301.0,1378.0,1454.0,1381.0,1408.857142857143,91.22760651511442,1556.0,1301.0,1417.4285714285713,80.96220797928152,1556.0,1301.0,1394.0666666666666,91.12436872052183,1595.0,1238.0,1236.6652892561983
2022-12-29,1497,120865.26999999999,1,102.68749999999999,96.64750000000001,2022,12,29,3,4,363,0,0,0,-2.4492935982947064e-16,1.0,0.43388373911755823,-0.900968867902419,1357.0,1556.0,1361.0,1270.0,1405.857142857143,92.74414369908504,1556.0,1301.0,1410.5,81.73856071459521,1556.0,1301.0,1393.2666666666667,91.3481152565312,1595.0,1238.0,1236.830811554333
2022-12-30,1269,108197.93,0,113.61749999999999,101.705,2022,12,30,4,4,364,0,0,0,-2.4492935982947064e-16,1.0,-0.433883739117558,-0.9009688679024191,1497.0,1383.0,1391.0,1366.0,1397.4285714285713,78.3961247827512,1497.0,1301.0,1420.2142857142858,83.4664175410937,1556.0,1301.0,1400.8333333333333,90.17954632128985,1595.0,1238.0,1237.1881868131868
2022-12-31,1460,117492.94,1,109.50999999999999,99.3425,2022,12,31,5,4,365,1,0,1,-2.4492935982947064e-16,1.0,-0.9749279121818236,-0.2225209339563146,1269.0,1438.0,1420.0,1299.0,1381.142857142857,92.47058734435387,1497.0,1269.0,1411.5,92.61811585546671,1556.0,1269.0,1397.6,93.16118771544683,1595.0,1238.0,1237.2318244170096
2023-01-01,1348,103435.82,1,104.39,102.32,2023,1,1,6,1,1,1,1,0,0.49999999999999994,0.8660254037844387,-0.7818314824680299,0.6234898018587334,1460.0,1487.0,1552.0,1238.0,1384.2857142857142,95.06263599282859,1497.0,1269.0,1414.357142857143,93.51314769170206,1556.0,1269.0,1402.9666666666667,91.91430916830137,1595.0,1238.0,1237.5369863013698
2023-01-02,1043,81766.14,0,110.9075,98.85,2023,1,2,0,1,2,0,0,0,0.49999999999999994,0.8660254037844387,0.0,1.0,1348.0,1319.0,1328.0,1342.0,1364.4285714285713,83.89250491523407,1497.0,1269.0,1399.7857142857142,86.00820942162014,1556.0,1269.0,1406.6333333333334,87.17856559299213,1595.0,1269.0,1237.688098495212
2023-01-03,1154,85013.92000000001,0,113.195,100.0875,2023,1,3,1,1,3,0,0,0,0.49999999999999994,0.8660254037844387,0.7818314824680298,0.6234898018587336,1043.0,1301.0,1476.0,1428.0,1325.0,148.65956634763435,1497.0,1043.0,1379.4285714285713,127.85431269506041,1556.0,1043.0,1396.6666666666667,109.14632169812629,1595.0,1043.0,1237.422131147541
2023-01-04,1176,83073.57,0,112.54249999999999,99.8775,2023,1,4,2,1,4,0,0,0,0.49999999999999994,0.8660254037844387,0.9749279121818236,-0.22252093395631434,1154.0,1357.0,1378.0,1385.0,1304.0,162.36584205634696,1497.0,1043.0,1356.4285714285713,137.7269954465213,1556.0,1043.0,1387.5333333333333,117.57278987734004,1595.0,1043.0,1237.3083219645293
2023-01-05,1143,84014.65,0,110.77,99.2525,2023,1,5,3,1,5,0,0,0,0.49999999999999994,0.8660254037844387,0.43388373911755823,-0.900968867902419,1176.0,1497.0,1556.0,1317.0,1278.142857142857,166.8686395256541,1497.0,1043.0,1342.0,145.6465690530463,1556.0,1043.0,1380.5666666666666,123.75746117064286,1595.0,1043.0,1237.2247956403269
2023-01-06,1263,91673.37,1,112.69500000000001,102.255,2023,1,6,4,1,6,0,0,0,0.49999999999999994,0.8660254037844387,-0.433883739117558,-0.9009688679024191,1143.0,1269.0,1383.0,1402.0,1227.5714285714287,141.14632731419306,1460.0,1043.0,1312.5,140.709602755792,1497.0,1043.0,1374.7666666666667,130.72072978454156,1595.0,1043.0,1237.0965986394558
2023-01-07,1226,99960.09999999999,0,112.87,97.47999999999999,2023,1,7,5,1,7,1,0,0,0.49999999999999994,0.8660254037844387,-0.9749279121818236,-0.2225209339563146,1263.0,1460.0,1438.0,1357.0,1226.7142857142858,140.8707614395941,1460.0,1043.0,1303.9285714285713,139.73627043371985,1497.0,1043.0,1370.1333333333334,132.17744951738302,1595.0,1043.0,1237.1317934782608
2023-01-08,1196,86952.06,0,110.82,99.2225,2023,1,8,6,1,8,1,0,0,0.49999999999999994,0.8660254037844387,-0.7818314824680299,0.6234898018587334,1226.0,1348.0,1487.0,1310.0,1193.2857142857142,97.31686096751618,1348.0,1043.0,1288.7857142857142,135.51280301218804,1497.0,1043.0,1365.7666666666667,134.76484841314095,1595.0,1043.0,1237.1166892808683
2023-01-09,1164,83666.79000000001,0,114.36749999999999,102.535,2023,1,9,0,1,9,0,0,0,0.49999999999999994,0.8660254037844387,0.0,1.0,1196.0,1043.0,1319.0,1579.0,1171.5714285714287,70.23023361975277,1263.0,1043.0,1268.0,124.6533655320292,1497.0,1043.0,1361.9666666666667,137.96088484468044,1595.0,1043.0,1237.060975609756
2023-01-10,1268,91771.98999999999,1,115.67999999999999,102.50999999999999,2023,1,10,1,1,10,0,0,0,0.49999999999999994,0.8660254037844387,0.7818314824680298,0.6234898018587336,1164.0,1154.0,1301.0,1595.0,1188.857142857143,42.87356828096166,1263.0,1143.0,1256.9285714285713,126.64272233681328,1497.0,1043.0,1348.1333333333334,136.24388207291906,1595.0,1043.0,1236.9621109607579
2023-01-11,1107,90189.33,0,113.82,98.33,2023,1,11,2,1,11,0,0,0,0.49999999999999994,0.8660254037844387,0.9749279121818236,-0.22252093395631434,1268.0,1176.0,1357.0,1322.0,1205.142857142857,48.68411298506289,1268.0,1143.0,1254.5714285714287,126.0651323023842,1497.0,1043.0,1337.2333333333333,128.68343497428936,1556.0,1043.0,1237.004054054054
2023-01-12,1272,104018.19,0,113.64,102.045,2023,1,12,3,1,12,0,0,0,0.49999999999999994,0.8660254037844387,0.43388373911755823,-0.900968867902419,1107.0,1143.0,1497.0,1387.0,1195.2857142857142,60.99648701827743,1268.0,1107.0,1236.7142857142858,128.1293988791908,1497.0,1043.0,1330.0666666666666,135.37404970426877,1556.0,1043.0,1236.8286099865047
2023-01-13,1227,89168.01000000001,1,112.665,99.0325,2023,1,13,4,1,13,0,0,0,0.49999999999999994,0.8660254037844387,-0.433883739117558,-0.9009688679024191,1272.0,1263.0,1269.0,1454.0,1213.7142857142858,62.04491460684742,1272.0,1107.0,1220.642857142857,104.99201958160437,1460.0,1043.0,1326.2333333333333,135.33449832464035,1556.0,1043.0,1236.876010781671
2023-01-14,1174,95825.95000000001,0,112.86000000000001,98.58250000000001,2023,1,14,5,1,14,1,0,0,0.49999999999999994,0.8660254037844387,-0.9749279121818236,-0.2225209339563146,1227.0,1226.0,1460.0,1361.0,1208.5714285714287,58.67951699089935,1272.0,1107.0,1217.642857142857,104.10025282083822,1460.0,1043.0,1318.6666666666667,134.28644970626434,1556.0,1043.0,1236.8627187079408
2023-01-15,1207,91074.19,0,113.045,98.25,2023,1,15,6,1,15,1,0,0,0.49999999999999994,0.8660254037844387,-0.7818314824680299,0.6234898018587334,1174.0,1196.0,1348.0,1391.0,1201.142857142857,59.392560059957674,1272.0,1107.0,1197.2142857142858,77.56107129365509,1348.0,1043.0,1312.4333333333334,136.57426509067457,1556.0,1043.0,1236.7782258064517
2023-01-16,1342,116919.51,1,103.3725,102.4925,2023,1,16,0,1,16,0,0,0,0.49999999999999994,0.8660254037844387,0.0,1.0,1207.0,1164.0,1043.0,1420.0,1202.7142857142858,59.379329416087714,1272.0,1107.0,1187.142857142857,64.53604495861755,1272.0,1043.0,1306.3,137.0550229300085,1556.0,1043.0,1236.7382550335572
2023-01-17,1310,95898.06,1,109.8825,101.0075,2023,1,17,1,1,17,0,0,0,0.49999999999999994,0.8660254037844387,0.7818314824680298,0.6234898018587336,1342.0,1268.0,1154.0,1552.0,1228.142857142857,75.86265785709398,1342.0,1107.0,1208.5,62.61082481979547,1342.0,1107.0,1303.7,135.55534561255135,1556.0,1043.0,1236.8793565683645
2023-01-18,1372,123910.22,1,108.10249999999999,102.39,2023,1,18,2,1,18,0,0,0,0.49999999999999994,0.8660254037844387,0.9749279121818236,-0.22252093395631434,1310.0,1107.0,1176.0,1328.0,1234.142857142857,81.02556915654797,1342.0,1107.0,1219.642857142857,65.95757044419463,1342.0,1107.0,1295.6333333333334,127.21377157431178,1556.0,1043.0,1236.9772423025436
2023-01-19,1320,97068.72,1,110.035,101.67500000000001,2023,1,19,3,1,19,0,0,0,0.49999999999999994,0.8660254037844387,0.43388373911755823,-0.900968867902419,1372.0,1272.0,1143.0,1476.0,1272.0,73.25526147201468,1372.0,1174.0,1233.642857142857,76.01579506195394,1372.0,1107.0,1297.1,127.85184043825315,1556.0,1043.0,1237.1577540106953
2023-01-20,1278,116994.62,1,107.1275,99.3775,2023,1,20,4,1,20,0,0,0,0.49999999999999994,0.8660254037844387,-0.433883739117558,-0.9009688679024191,1320.0,1227.0,1263.0,1378.0,1278.857142857143,75.4683787455126,1372.0,1174.0,1246.2857142857142,74.48430766216495,1372.0,1107.0,1291.9,123.42032191689177,1556.0,1043.0,1237.2683578104138
2023-01-21,1264,92914.91,0,113.63250000000001,97.4025,2023,1,21,5,1,21,1,0,0,0.49999999999999994,0.8660254037844387,-0.9749279121818236,-0.2225209339563146,1278.0,1174.0,1226.0,1556.0,1286.142857142857,72.01025059306612,1372.0,1174.0,1247.357142857143,74.85021673351994,1372.0,1107.0,1288.5666666666666,122.36059860900579,1556.0,1043.0,1237.3226666666667
2023-01-22,1317,112197.31,1,105.4125,97.9925,2023,1,22,6,1,22,1,0,0,0.49999999999999994,0.8660254037844387,-0.7818314824680299,0.6234898018587334,1264.0,1207.0,1196.0,1383.0,1299.0,54.57410863526218,1372.0,1207.0,1250.0714285714287,74.70502432461045,1372.0,1107.0,1278.8333333333333,111.48405896045851,1497.0,1043.0,1237.358189081225
2023-01-23,1176,89333.68,0,112.05749999999999,103.1275,2023,1,23,0,1,23,0,0,0,0.49999999999999994,0.8660254037844387,0.0,1.0,1317.0,1342.0,1164.0,1438.0,1314.7142857142858,36.5180972747977,1372.0,1264.0,1258.7142857142858,74.96709901060576,1372.0,1107.0,1276.6333333333334,109.99889759113266,1497.0,1043.0,1237.464095744681
2023-01-24,1274,105184.75,0,113.0575,98.38,2023,1,24,1,1,24,0,0,0,0.49999999999999994,0.8660254037844387,0.7818314824680298,0.6234898018587336,1176.0,1310.0,1268.0,1487.0,1291.0,61.32155684042393,1372.0,1176.0,1259.5714285714287,73.86131941344227,1372.0,1107.0,1267.9,107.10817928134888,1497.0,1043.0,1237.382470119522
2023-01-25,1285,114234.9,1,106.53999999999999,97.025,2023,1,25,2,1,25,0,0,0,0.49999999999999994,0.8660254037844387,0.9749279121818236,-0.22252093395631434,1274.0,1372.0,1107.0,1319.0,1285.857142857143,60.97110947388252,1372.0,1176.0,1260.0,73.93136109829302,1372.0,1107.0,1260.8,98.8228648678516,1497.0,1043.0,1237.4310344827586
2023-01-26,1135,93908.53,0,114.05499999999999,99.43,2023,1,26,3,1,26,0,0,0,0.49999999999999994,0.8660254037844387,0.43388373911755823,-0.900968867902419,1285.0,1320.0,1272.0,1301.0,1273.4285714285713,47.96476881648598,1320.0,1176.0,1272.7142857142858,59.49069555101011,1372.0,1174.0,1259.6666666666667,98.3261053256242,1497.0,1043.0,1237.4940397350992
2023-01-27,1181,84485.6,1,110.655,96.565,2023,1,27,4,1,27,0,0,0,0.49999999999999994,0.8660254037844387,-0.433883739117558,-0.9009688679024191,1135.0,1278.0,1227.0,1357.0,1247.0,65.71149062378451,1317.0,1135.0,1262.9285714285713,69.96313786088156,1372.0,1135.0,1254.1333333333334,100.56520730123408,1497.0,1043.0,1237.3584656084656
2023-01-28,1379,108446.44,0,111.58250000000001,98.515,2023,1,28,5,1,28,1,0,0,0.49999999999999994,0.8660254037844387,-0.9749279121818236,-0.2225209339563146,1181.0,1264.0,1174.0,1497.0,1233.142857142857,68.26279750939854,1317.0,1135.0,1259.642857142857,72.80279701184077,1372.0,1135.0,1248.2666666666667,99.4852036592696,1497.0,1043.0,1237.2840158520476
2023-01-29,1317,109267.15000000001,0,116.02250000000001,101.7425,2023,1,29,6,1,29,1,0,0,0.49999999999999994,0.8660254037844387,-0.7818314824680299,0.6234898018587334,1379.0,1317.0,1207.0,1269.0,1249.5714285714287,87.93152097485927,1379.0,1135.0,1274.2857142857142,74.83975555137214,1379.0,1135.0,1244.3333333333333,91.30862154153887,1460.0,1043.0,1237.4709762532982
2023-01-30,1309,106942.03,1,112.77749999999999,95.845,2023,1,30,0,1,30,0,0,0,0.49999999999999994,0.8660254037844387,0.0,1.0,1317.0,1176.0,1342.0,1460.0,1249.5714285714287,87.93152097485927,1379.0,1135.0,1282.142857142857,72.98351462209516,1379.0,1135.0,1245.9333333333334,92.1722275971986,1460.0,1043.0,1237.5757575757575
2023-01-31,1165,105821.35,0,114.9425,100.64,2023,1,31,1,1,31,0,0,1,0.49999999999999994,0.8660254037844387,0.7818314824680298,0.6234898018587336,1309.0,1274.0,1310.0,1348.0,1268.5714285714287,83.6497801209637,1379.0,1135.0,1279.7857142857142,71.41770796510602,1379.0,1135.0,1240.9,83.82426198035736,1379.0,1043.0,1237.6697368421053
2023-02-01,1209,88201.88,1,113.99000000000001,99.5,2023,2,1,2,1,32,0,1,0,0.8660254037844386,0.5000000000000001,0.9749279121818236,-0.22252093395631434,1165.0,1285.0,1372.0,1043.0,1253.0,92.18098140795142,1379.0,1135.0,1269.4285714285713,76.99521891821485,1379.0,1135.0,1234.8,82.40831896406198,1379.0,1043.0,1237.5742444152431
2023-02-02,1350,101763.03,1,114.0475,99.58500000000001,2023,2,2,3,1,33,0,0,0,0.8660254037844386,0.5000000000000001,0.43388373911755823,-0.900968867902419,1209.0,1135.0,1320.0,1154.0,1242.142857142857,92.25946847781644,1379.0,1135.0,1257.7857142857142,72.48360936359094,1379.0,1135.0,1240.3333333333333,74.25553890095418,1379.0,1107.0,1237.5367454068241
2023-02-03,1187,88714.82,1,110.6125,102.045,2023,2,3,4,1,34,0,0,0,0.8660254037844386,0.5000000000000001,-0.433883739117558,-0.9009688679024191,1350.0,1181.0,1278.0,1176.0,1272.857142857143,86.23693827942525,1379.0,1165.0,1259.9285714285713,74.86856615297393,1379.0,1135.0,1246.8666666666666,75.01619748465907,1379.0,1107.0,1237.684141546527
2023-02-04,1364,109031.27,1,108.97,98.80250000000001,2023,2,4,5,1,35,1,0,0,0.8660254037844386,0.5000000000000001,-0.9749279121818236,-0.2225209339563146,1187.0,1379.0,1264.0,1143.0,1273.7142857142858,85.19529385616306,1379.0,1165.0,1253.4285714285713,77.09605825074452,1379.0,1135.0,1247.2333333333333,74.68401635457533,1379.0,1107.0,1237.6178010471203
2023-02-05,1270,111288.23000000001,0,113.315,98.54249999999999,2023,2,5,6,1,36,1,0,0,0.8660254037844386,0.5000000000000001,-0.7818314824680299,0.6234898018587334,1364.0,1317.0,1317.0,1263.0,1271.5714285714287,82.24325127907,1364.0,1165.0,1260.5714285714287,82.58768234261882,1379.0,1135.0,1254.6,74.94715379565068,1379.0,1107.0,1237.7830065359476
2023-02-06,1200,96997.87,0,114.30749999999999,102.0075,2023,2,6,0,1,37,0,0,0,0.8660254037844386,0.5000000000000001,0.0,1.0,1270.0,1309.0,1176.0,1226.0,1264.857142857143,79.79855590052586,1364.0,1165.0,1257.2142857142858,81.05855297862792,1379.0,1135.0,1254.8333333333333,74.98509430424184,1379.0,1107.0,1237.8250652741515
2023-02-07,1353,87201.34,1,112.61,100.715,2023,2,7,1,1,38,0,0,0,0.8660254037844386,0.5000000000000001,0.7818314824680298,0.6234898018587336,1200.0,1165.0,1274.0,1196.0,1249.2857142857142,80.38182689661775,1364.0,1165.0,1258.9285714285713,79.44660934403535,1379.0,1135.0,1253.9666666666667,75.47846613819506,1379.0,1107.0,1237.7757496740549
2023-02-08,1013,76218.6,0,111.13749999999999,98.2825,2023,2,8,2,1,39,0,0,0,0.8660254037844386,0.5000000000000001,0.9749279121818236,-0.22252093395631434,1353.0,1209.0,1285.0,1164.0,1276.142857142857,78.92069557775129,1364.0,1187.0,1264.5714285714287,83.3110153264581,1379.0,1135.0,1259.2,76.75280518292641,1379.0,1107.0,1237.92578125
2023-02-09,1278,95630.11,0,111.8075,98.645,2023,2,9,3,1,40,0,0,0,0.8660254037844386,0.5000000000000001,0.43388373911755823,-0.900968867902419,1013.0,1350.0,1135.0,1268.0,1248.142857142857,126.89815939225666,1364.0,1013.0,1245.142857142857,106.63226322478343,1379.0,1013.0,1254.1666666666667,87.4209330780096,1379.0,1013.0,1237.633289986996
2023-02-10,1248,87968.84,0,111.92000000000002,97.3475,2023,2,10,4,1,41,0,0,0,0.8660254037844386,0.5000000000000001,-0.433883739117558,-0.9009688679024191,1278.0,1187.0,1181.0,1107.0,1237.857142857143,119.9964285182793,1364.0,1013.0,1255.357142857143,102.01930974300681,1379.0,1013.0,1254.5,87.49453184884312,1379.0,1013.0,1237.6857142857143
2023-02-11,1311,107812.12999999999,1,114.42750000000001,103.2,2023,2,11,5,1,42,1,0,0,0.8660254037844386,0.5000000000000001,-0.9749279121818236,-0.2225209339563146,1248.0,1364.0,1379.0,1272.0,1246.5714285714287,117.88392192160373,1364.0,1013.0,1260.142857142857,99.81047975103567,1379.0,1013.0,1259.2,82.9679622421852,1379.0,1013.0,1237.6990920881972
2023-02-12,1424,116158.33,1,108.55,96.815,2023,2,12,6,1,43,1,0,0,0.8660254037844386,0.5000000000000001,-0.7818314824680299,0.6234898018587334,1311.0,1270.0,1317.0,1227.0,1239.0,110.55918475338444,1353.0,1013.0,1255.2857142857142,95.12617416352354,1364.0,1013.0,1260.5,83.47940072154073,1379.0,1013.0,1237.7940414507773
2023-02-13,1288,103514.96,1,104.9925,98.915,2023,2,13,0,1,44,0,0,0,0.8660254037844386,0.5000000000000001,0.0,1.0,1424.0,1200.0,1309.0,1174.0,1261.0,131.15893666337226,1424.0,1013.0,1262.9285714285713,104.32011701099107,1424.0,1013.0,1267.0666666666666,88.35895963130433,1424.0,1013.0,1238.0349288486416
2023-02-14,1233,104553.42000000001,0,112.7675,100.5075,2023,2,14,1,1,45,0,0,0,0.8660254037844386,0.5000000000000001,0.7818314824680298,0.6234898018587336,1288.0,1353.0,1165.0,1207.0,1273.5714285714287,128.52867013868527,1424.0,1013.0,1261.4285714285713,103.75615962120371,1424.0,1013.0,1270.8666666666666,86.65338536607993,1424.0,1013.0,1238.0994832041345
2023-02-15,1253,105615.04999999999,1,106.0075,102.9275,2023,2,15,2,1,46,0,0,0,0.8660254037844386,0.5000000000000001,0.9749279121818236,-0.22252093395631434,1233.0,1013.0,1209.0,1342.0,1256.4285714285713,124.09520154953147,1424.0,1013.0,1266.2857142857142,100.43323735116398,1424.0,1013.0,1271.7333333333333,86.12097879440182,1424.0,1013.0,1238.0929032258064
2023-02-16,1232,98354.17000000001,0,111.565,97.5475,2023,2,16,3,1,47,0,0,0,0.8660254037844386,0.5000000000000001,0.43388373911755823,-0.900968867902419,1253.0,1278.0,1350.0,1310.0,1290.7142857142858,64.45079333805609,1424.0,1233.0,1269.4285714285713,99.18336886464763,1424.0,1013.0,1268.7666666666667,85.1443736709369,1424.0,1013.0,1238.1121134020618
2023-02-17,1149,84961.28,0,110.33500000000001,100.7125,2023,2,17,4,1,48,0,0,0,0.8660254037844386,0.5000000000000001,-0.433883739117558,-0.9009688679024191,1232.0,1248.0,1187.0,1372.0,1284.142857142857,68.1992878052466,1424.0,1232.0,1261.0,96.79478689077634,1424.0,1013.0,1266.1666666666667,85.03268472337204,1424.0,1013.0,1238.1042471042472
2023-02-18,1298,97843.15,0,114.6275,99.5375,2023,2,18,5,1,49,1,0,0,0.8660254037844386,0.5000000000000001,-0.9749279121818236,-0.2225209339563146,1149.0,1311.0,1364.0,1320.0,1270.0,85.1116913238122,1424.0,1149.0,1258.2857142857142,99.52381127644294,1424.0,1013.0,1258.7333333333333,85.20884417967864,1424.0,1013.0,1237.9897172236504
2023-02-19,1261,105742.84,0,112.29,103.48,2023,2,19,6,1,50,1,0,0,0.8660254037844386,0.5000000000000001,-0.7818314824680299,0.6234898018587334,1298.0,1424.0,1270.0,1278.0,1268.142857142857,84.20496535523344,1424.0,1149.0,1253.5714285714287,95.6175991892981,1424.0,1013.0,1258.0,84.75685304405185,1424.0,1013.0,1238.0667522464698
2023-02-20,1270,109158.35,1,105.2875,102.25999999999999,2023,2,20,0,1,51,0,0,0,0.8660254037844386,0.5000000000000001,0.0,1.0,1261.0,1288.0,1200.0,1264.0,1244.857142857143,49.17122658434718,1298.0,1149.0,1252.9285714285713,95.52886336738085,1424.0,1013.0,1257.4333333333334,84.6753163289176,1424.0,1013.0,1238.0961538461538
2023-02-21,1089,84445.5,0,114.6175,103.1625,2023,2,21,1,1,52,0,0,0,0.8660254037844386,0.5000000000000001,0.7818314824680298,0.6234898018587336,1270.0,1233.0,1353.0,1317.0,1242.2857142857142,46.95996268352183,1298.0,1149.0,1257.9285714285713,94.37035411750745,1424.0,1013.0,1257.6333333333334,84.69844412255502,1424.0,1013.0,1238.1370038412292
2023-02-22,1234,92127.2,1,112.5975,100.0325,2023,2,22,2,1,53,0,0,0,0.8660254037844386,0.5000000000000001,0.9749279121818236,-0.22252093395631434,1089.0,1253.0,1013.0,1176.0,1221.7142857142858,74.92154626833059,1298.0,1089.0,1239.0714285714287,100.11336980237304,1424.0,1013.0,1250.0333333333333,89.29242286783972,1424.0,1013.0,1237.9462915601023
2023-02-23,1325,100815.60999999999,1,110.73499999999999,97.6775,2023,2,23,3,1,54,0,0,0,0.8660254037844386,0.5000000000000001,0.43388373911755823,-0.900968867902419,1234.0,1232.0,1278.0,1274.0,1219.0,73.93691004272597,1298.0,1089.0,1254.857142857143,76.32103968697686,1424.0,1089.0,1251.9666666666667,88.25608637147424,1424.0,1013.0,1237.941251596424
2023-02-24,1243,96823.49,1,113.08250000000001,103.28,2023,2,24,4,1,55,0,0,0,0.8660254037844386,0.5000000000000001,-0.433883739117558,-0.9009688679024191,1325.0,1149.0,1248.0,1285.0,1232.2857142857142,84.2925743778044,1325.0,1089.0,1258.2142857142858,78.42211086503279,1424.0,1089.0,1253.6666666666667,89.18146294681014,1424.0,1013.0,1238.0522959183672
2023-02-25,1226,107418.76000000001,0,115.715,101.43,2023,2,25,5,1,56,1,0,0,0.8660254037844386,0.5000000000000001,-0.9749279121818236,-0.2225209339563146,1243.0,1298.0,1311.0,1135.0,1245.7142857142858,75.88085899556265,1325.0,1089.0,1257.857142857143,78.483567258824,1424.0,1089.0,1252.2666666666667,89.00210510231544,1424.0,1013.0,1238.0585987261147
2023-02-26,1437,127360.45000000001,1,104.29,98.47749999999999,2023,2,26,6,1,57,1,0,0,0.8660254037844386,0.5000000000000001,-0.7818314824680299,0.6234898018587334,1226.0,1261.0,1424.0,1181.0,1235.4285714285713,72.4128375885013,1325.0,1089.0,1251.7857142857142,77.33561083547913,1424.0,1089.0,1255.3,86.37973501168896,1424.0,1013.0,1238.0432569974555
2023-02-27,1280,80376.09,1,107.0025,102.025,2023,2,27,0,1,58,0,0,0,0.8660254037844386,0.5000000000000001,0.0,1.0,1437.0,1270.0,1288.0,1379.0,1260.5714285714287,105.68326443175472,1437.0,1089.0,1252.7142857142858,79.6071397758812,1437.0,1089.0,1263.8333333333333,91.29190897159603,1437.0,1013.0,1238.2960609911054
2023-02-28,1375,104517.67,1,113.0525,95.565,2023,2,28,1,1,59,0,0,1,0.8660254037844386,0.5000000000000001,0.7818314824680298,0.6234898018587336,1280.0,1089.0,1233.0,1317.0,1262.0,105.89932325877484,1437.0,1089.0,1252.142857142857,79.36270887790776,1437.0,1089.0,1260.5333333333333,88.73895592607884,1437.0,1013.0,1238.3489847715737
2023-03-01,1326,116783.84999999999,1,109.87999999999998,104.3825,2023,3,1,2,1,60,0,1,0,1.0,6.123233995736766e-17,0.9749279121818236,-0.22252093395631434,1375.0,1234.0,1253.0,1309.0,1302.857142857143,80.04463040793557,1437.0,1226.0,1262.2857142857142,85.56008106896307,1437.0,1089.0,1262.4666666666667,90.62340922107586,1437.0,1013.0,1238.5221799746514
2023-03-02,1277,103492.80000000002,1,110.6175,101.755,2023,3,2,3,1,61,0,0,0,1.0,6.123233995736766e-17,0.43388373911755823,-0.900968867902419,1326.0,1325.0,1232.0,1165.0,1316.0,74.19344086013882,1437.0,1226.0,1267.5,87.16010908313916,1437.0,1089.0,1263.0333333333333,90.97687593022194,1437.0,1013.0,1238.632911392405
2023-03-03,1122,87653.33,0,116.26750000000001,102.3675,2023,3,3,4,1,62,0,0,0,1.0,6.123233995736766e-17,-0.433883739117558,-0.9009688679024191,1277.0,1243.0,1149.0,1209.0,1309.142857142857,75.43082608463014,1437.0,1226.0,1270.7142857142858,86.57804711217717,1437.0,1089.0,1266.7666666666667,89.09378372732078,1437.0,1013.0,1238.6814159292035
2023-03-04,1420,122647.44,1,110.3425,101.69,2023,3,4,5,1,63,1,0,0,1.0,6.123233995736766e-17,-0.9749279121818236,-0.2225209339563146,1122.0,1226.0,1298.0,1350.0,1291.857142857143,102.22104899257742,1437.0,1122.0,1268.7857142857142,89.74080503267285,1437.0,1089.0,1263.8666666666666,92.39373517100923,1437.0,1013.0,1238.534090909091
2023-03-05,1311,99191.48000000001,0,113.03999999999999,100.3125,2023,3,5,6,1,64,1,0,0,1.0,6.123233995736766e-17,-0.7818314824680299,0.6234898018587334,1420.0,1437.0,1261.0,1187.0,1319.5714285714287,107.5497669962732,1437.0,1122.0,1277.5,98.31014502778847,1437.0,1089.0,1266.2,95.47644591279024,1437.0,1013.0,1238.7629255989912
2023-03-06,1415,108430.70000000001,1,112.62,95.39750000000001,2023,3,6,0,1,65,0,0,0,1.0,6.123233995736766e-17,0.0,1.0,1311.0,1280.0,1270.0,1364.0,1301.5714285714287,94.3554576108479,1420.0,1122.0,1281.0714285714287,98.57247570713228,1437.0,1089.0,1270.3333333333333,94.60966391308651,1437.0,1013.0,1238.8539042821158
2023-03-07,1466,108372.09,1,112.58,98.5925,2023,3,7,1,1,66,0,0,0,1.0,6.123233995736766e-17,0.7818314824680298,0.6234898018587336,1415.0,1375.0,1089.0,1270.0,1320.857142857143,102.64409151923849,1420.0,1122.0,1291.4285714285713,104.74416766264821,1437.0,1089.0,1272.0333333333333,96.7839696520517,1437.0,1013.0,1239.0754716981132
2023-03-08,1279,115284.1,1,106.63250000000001,102.08,2023,3,8,2,1,67,0,0,0,1.0,6.123233995736766e-17,0.9749279121818236,-0.22252093395631434,1466.0,1326.0,1234.0,1200.0,1333.857142857143,115.59040988396586,1466.0,1122.0,1318.357142857143,96.86358936698282,1466.0,1122.0,1278.5666666666666,103.0542820918732,1466.0,1013.0,1239.360552763819
2023-03-09,1285,111034.41999999998,1,105.72,104.5575,2023,3,9,3,1,68,0,0,0,1.0,6.123233995736766e-17,0.43388373911755823,-0.900968867902419,1279.0,1277.0,1325.0,1353.0,1327.142857142857,117.47259052140568,1466.0,1122.0,1321.5714285714287,94.56842397538071,1466.0,1122.0,1281.2,101.98120178366946,1466.0,1013.0,1239.4102885821833
2023-03-10,1265,107210.91,0,113.14999999999999,96.275,2023,3,10,4,1,69,0,0,0,1.0,6.123233995736766e-17,-0.433883739117558,-0.9009688679024191,1285.0,1122.0,1243.0,1013.0,1328.2857142857142,116.94117365256103,1466.0,1122.0,1318.7142857142858,95.05984234351617,1466.0,1122.0,1278.9333333333334,101.08205384337775,1466.0,1013.0,1239.467418546366
2023-03-11,1329,111214.05,0,111.1825,98.9725,2023,3,11,5,1,70,1,0,0,1.0,6.123233995736766e-17,-0.9749279121818236,-0.2225209339563146,1265.0,1420.0,1226.0,1278.0,1348.7142857142858,82.24093523648615,1466.0,1265.0,1320.2857142857142,93.88653427772192,1466.0,1122.0,1287.3333333333333,87.82165836603798,1466.0,1089.0,1239.4993742177721
2023-03-12,1313,102239.41,0,110.6525,100.8475,2023,3,12,6,1,71,1,0,0,1.0,6.123233995736766e-17,-0.7818314824680299,0.6234898018587334,1329.0,1311.0,1437.0,1248.0,1335.7142857142858,76.05417868361002,1466.0,1265.0,1327.642857142857,89.87992600632077,1466.0,1122.0,1289.0333333333333,88.12783948307256,1466.0,1089.0,1239.61125
2023-03-13,1195,96666.24,0,109.755,104.2925,2023,3,13,0,1,72,0,0,0,1.0,6.123233995736766e-17,0.0,1.0,1313.0,1415.0,1280.0,1311.0,1336.0,75.94954465520989,1466.0,1265.0,1318.7857142857142,84.2050414820249,1466.0,1122.0,1291.2,87.88291584006483,1466.0,1089.0,1239.7028714107366
2023-03-14,1328,93856.08,0,110.5,99.895,2023,3,14,1,1,73,0,0,0,1.0,6.123233995736766e-17,0.7818314824680298,0.6234898018587336,1195.0,1466.0,1375.0,1424.0,1304.5714285714287,83.00172115255123,1466.0,1195.0,1312.7142857142858,90.0764022469743,1466.0,1122.0,1287.3333333333333,89.51837928540276,1466.0,1089.0,1239.647132169576
2023-03-15,1436,109889.20999999999,1,114.24249999999999,98.61,2023,3,15,2,1,74,0,0,0,1.0,6.123233995736766e-17,0.9749279121818236,-0.22252093395631434,1328.0,1279.0,1326.0,1288.0,1284.857142857143,46.73481418752912,1329.0,1195.0,1309.357142857143,88.43738083904778,1466.0,1122.0,1284.1333333333334,86.11569336467257,1466.0,1089.0,1239.7571606475717
2023-03-16,1259,102296.02,0,112.1775,103.5025,2023,3,16,3,1,75,0,0,0,1.0,6.123233995736766e-17,0.43388373911755823,-0.900968867902419,1436.0,1285.0,1277.0,1233.0,1307.2857142857142,73.47723975425959,1436.0,1195.0,1317.2142857142858,94.69479603233172,1466.0,1122.0,1289.0666666666666,90.47382297481597,1466.0,1089.0,1240.0012437810944
2023-03-17,1339,99539.3,1,107.595,99.0625,2023,3,17,4,1,76,0,0,0,1.0,6.123233995736766e-17,-0.433883739117558,-0.9009688679024191,1259.0,1265.0,1122.0,1253.0,1303.5714285714287,75.42293449355576,1436.0,1195.0,1315.9285714285713,95.4023578854862,1466.0,1122.0,1289.9333333333334,90.04172723620057,1466.0,1089.0,1240.024844720497
2023-03-18,1385,119415.48000000001,1,112.525,102.0125,2023,3,18,5,1,77,1,0,0,1.0,6.123233995736766e-17,-0.9749279121818236,-0.2225209339563146,1339.0,1329.0,1420.0,1232.0,1314.142857142857,74.29317728080034,1436.0,1195.0,1331.4285714285713,77.40076951090181,1466.0,1195.0,1292.8,90.19419661734604,1466.0,1089.0,1240.1476426799009
2023-03-19,1390,107846.74,1,113.885,98.875,2023,3,19,6,1,78,1,0,0,1.0,6.123233995736766e-17,-0.7818314824680299,0.6234898018587334,1385.0,1313.0,1311.0,1149.0,1322.142857142857,79.02410723196954,1436.0,1195.0,1328.9285714285713,74.84287570608608,1466.0,1195.0,1297.9,90.96014663500877,1466.0,1089.0,1240.3271375464683
2023-03-20,1348,111370.51,0,112.46249999999999,98.02,2023,3,20,0,1,79,0,0,0,1.0,6.123233995736766e-17,0.0,1.0,1390.0,1195.0,1415.0,1298.0,1333.142857142857,82.8078671210848,1436.0,1195.0,1334.5714285714287,76.35011892159245,1466.0,1195.0,1305.9333333333334,87.94862659269049,1466.0,1089.0,1240.5123762376238
2023-03-21,1274,98510.51999999999,0,113.2625,96.4675,2023,3,21,1,1,80,0,0,0,1.0,6.123233995736766e-17,0.7818314824680298,0.6234898018587336,1348.0,1328.0,1466.0,1261.0,1355.0,56.178287620757395,1436.0,1259.0,1329.7857142857142,72.94484594165075,1466.0,1195.0,1307.6,88.26628989050559,1466.0,1089.0,1240.645241038319
2023-03-22,1257,100616.47,0,113.8725,104.87,2023,3,22,2,1,81,0,0,0,1.0,6.123233995736766e-17,0.9749279121818236,-0.22252093395631434,1274.0,1436.0,1279.0,1270.0,1347.2857142857142,63.70691821593568,1436.0,1259.0,1316.0714285714287,62.69396276383771,1436.0,1195.0,1308.0333333333333,88.06129657246296,1466.0,1089.0,1240.6864197530865
2023-03-23,1270,101419.84,0,109.82749999999999,97.91,2023,3,23,3,1,82,0,0,0,1.0,6.123233995736766e-17,0.43388373911755823,-0.900968867902419,1257.0,1259.0,1285.0,1089.0,1321.7142857142858,57.814975815715194,1390.0,1257.0,1314.5,63.95761817858302,1436.0,1195.0,1307.6,88.28660225612559,1466.0,1089.0,1240.7065351418003
2023-03-24,1332,112751.64,0,115.715,99.28999999999999,2023,3,24,4,1,83,0,0,0,1.0,6.123233995736766e-17,-0.433883739117558,-0.9009688679024191,1270.0,1339.0,1265.0,1234.0,1323.2857142857142,55.94555176155723,1390.0,1257.0,1313.4285714285713,64.61211399362936,1436.0,1195.0,1313.6333333333334,78.47181937983808,1466.0,1122.0,1240.7426108374384
2023-03-25,1358,110883.02,0,112.18,96.32,2023,3,25,5,1,84,1,0,0,1.0,6.123233995736766e-17,-0.9749279121818236,-0.2225209339563146,1332.0,1385.0,1329.0,1325.0,1322.2857142857142,55.679781745606775,1390.0,1257.0,1318.2142857142858,63.21535666815335,1436.0,1195.0,1316.9,77.06976239656127,1466.0,1122.0,1240.8548585485855
2023-03-26,1418,119649.87,1,112.50750000000001,101.56,2023,3,26,6,1,85,1,0,0,1.0,6.123233995736766e-17,-0.7818314824680299,0.6234898018587334,1358.0,1390.0,1313.0,1243.0,1318.4285714285713,51.38046692034497,1390.0,1257.0,1320.2857142857142,64.06538555549452,1436.0,1195.0,1318.0,77.42404509337547,1466.0,1122.0,1240.9987714987715
2023-03-27,1285,90815.66,1,114.4825,97.97,2023,3,27,0,1,86,0,0,0,1.0,6.123233995736766e-17,0.0,1.0,1418.0,1348.0,1195.0,1226.0,1322.4285714285713,58.48035893317254,1418.0,1257.0,1327.7857142857142,69.09545078137866,1436.0,1195.0,1323.8333333333333,78.16740803020977,1466.0,1122.0,1241.2159509202454
2023-03-28,1183,93642.6,0,111.80499999999999,101.0675,2023,3,28,1,1,87,0,0,0,1.0,6.123233995736766e-17,0.7818314824680298,0.6234898018587336,1285.0,1274.0,1328.0,1437.0,1313.4285714285713,58.73629526070425,1418.0,1257.0,1334.2142857142858,59.28053068826201,1436.0,1257.0,1325.8,76.34197110190786,1466.0,1122.0,1241.2696078431372
2023-03-29,1343,101908.59,1,112.43,104.2275,2023,3,29,2,1,88,0,0,0,1.0,6.123233995736766e-17,0.9749279121818236,-0.22252093395631434,1183.0,1257.0,1436.0,1280.0,1300.4285714285713,76.34757613017283,1418.0,1183.0,1323.857142857143,71.79549711920637,1436.0,1183.0,1317.3333333333333,77.65766313557539,1466.0,1122.0,1241.1982864137087
2023-03-30,1395,120029.79999999999,1,102.6475,99.2175,2023,3,30,3,1,89,0,0,0,1.0,6.123233995736766e-17,0.43388373911755823,-0.900968867902419,1343.0,1270.0,1259.0,1375.0,1312.7142857142858,75.10373778029741,1418.0,1183.0,1317.2142857142858,64.55907082954442,1418.0,1183.0,1319.4333333333334,77.4648678248843,1466.0,1122.0,1241.3227383863082
2023-03-31,1206,89966.91,0,111.78,100.235,2023,3,31,4,1,90,0,0,1,1.0,6.123233995736766e-17,-0.433883739117558,-0.9009688679024191,1395.0,1332.0,1339.0,1326.0,1330.5714285714287,78.05736596217398,1418.0,1183.0,1326.9285714285713,65.35284619276422,1418.0,1183.0,1320.1,78.04346711045744,1466.0,1122.0,1241.5103785103786
2023-04-01,1528,131523.72999999998,1,104.1225,96.67,2023,4,1,5,2,91,1,1,0,0.8660254037844387,-0.4999999999999998,-0.9749279121818236,-0.2225209339563146,1206.0,1358.0,1385.0,1277.0,1312.5714285714287,91.10956251103738,1418.0,1183.0,1317.4285714285713,72.7151600802406,1418.0,1183.0,1316.1,80.75862289820282,1466.0,1122.0,1241.4670731707317
2023-04-02,1353,109900.45999999999,1,111.695,98.4825,2023,4,2,6,2,92,1,0,0,0.8660254037844387,-0.4999999999999998,-0.7818314824680299,0.6234898018587334,1528.0,1418.0,1390.0,1122.0,1336.857142857143,122.49003846766458,1528.0,1183.0,1327.642857142857,90.74529624839728,1528.0,1183.0,1324.4666666666667,89.13559346854035,1528.0,1122.0,1241.816077953715
2023-04-03,1271,101145.78,1,112.79249999999999,104.5675,2023,4,3,0,2,93,0,0,0,0.8660254037844387,-0.4999999999999998,0.0,1.0,1353.0,1285.0,1348.0,1420.0,1327.5714285714287,117.68298821106671,1528.0,1183.0,1325.0,89.31706702270868,1528.0,1183.0,1332.1666666666667,80.61234753257766,1528.0,1183.0,1241.9513381995134
2023-04-04,1467,114594.29000000001,1,110.83250000000001,97.2375,2023,4,4,1,2,94,0,0,0,0.8660254037844387,-0.4999999999999998,0.7818314824680298,0.6234898018587336,1271.0,1183.0,1274.0,1311.0,1325.5714285714287,118.6421189163137,1528.0,1183.0,1319.5,90.15862090270376,1528.0,1183.0,1327.2,79.59786862508052,1528.0,1183.0,1241.9866342648845
2023-04-05,1231,86909.17,0,112.98249999999999,101.99499999999999,2023,4,5,2,2,95,0,0,0,0.8660254037844387,-0.4999999999999998,0.9749279121818236,-0.22252093395631434,1467.0,1343.0,1257.0,1415.0,1366.142857142857,110.00670975207294,1528.0,1206.0,1333.2857142857142,97.15050066891276,1528.0,1183.0,1332.4,83.50288039632643,1528.0,1183.0,1242.259708737864
2023-04-06,1364,105940.66,1,105.305,100.89500000000001,2023,4,6,3,2,96,0,0,0,0.8660254037844387,-0.4999999999999998,0.43388373911755823,-0.900968867902419,1231.0,1395.0,1270.0,1466.0,1350.142857142857,121.4803531048404,1528.0,1206.0,1331.4285714285713,98.9527581811087,1528.0,1183.0,1326.2666666666667,83.98272947800109,1528.0,1183.0,1242.2460606060606
2023-04-07,1424,112184.73999999999,1,110.9675,102.255,2023,4,7,4,2,97,0,0,0,0.8660254037844387,-0.4999999999999998,-0.433883739117558,-0.9009688679024191,1364.0,1206.0,1332.0,1279.0,1345.7142857142858,120.13008821789228,1528.0,1206.0,1338.142857142857,97.64445483712957,1528.0,1183.0,1322.8666666666666,80.10584951448404,1528.0,1183.0,1242.3934624697335
2023-04-08,1439,129432.51000000001,1,106.27,99.9575,2023,4,8,5,2,98,1,0,0,0.8660254037844387,-0.4999999999999998,-0.9749279121818236,-0.2225209339563146,1424.0,1528.0,1358.0,1285.0,1376.857142857143,105.20365736898236,1528.0,1231.0,1344.7142857142858,100.25999169193393,1528.0,1183.0,1327.7,81.72584531899231,1528.0,1183.0,1242.6130592503023
2023-04-09,1513,117576.27,1,111.6525,99.805,2023,4,9,6,2,99,1,0,0,0.8660254037844387,-0.4999999999999998,-0.7818314824680299,0.6234898018587334,1439.0,1353.0,1418.0,1265.0,1364.142857142857,87.83778338777005,1467.0,1231.0,1350.5,103.37441284365298,1528.0,1183.0,1332.8333333333333,83.76242402271653,1528.0,1183.0,1242.8502415458938
2023-04-10,1267,107187.94,0,111.515,102.2625,2023,4,10,0,2,100,0,0,0,0.8660254037844387,-0.4999999999999998,0.0,1.0,1513.0,1271.0,1285.0,1329.0,1387.0,103.81875232025341,1513.0,1231.0,1357.2857142857142,110.98401033235093,1528.0,1183.0,1341.1,88.91621395138664,1528.0,1183.0,1243.1761158021714
2023-04-11,1380,120318.28,0,116.2,100.12,2023,4,11,1,2,101,0,0,0,0.8660254037844387,-0.4999999999999998,0.7818314824680298,0.6234898018587336,1267.0,1467.0,1183.0,1313.0,1386.4285714285713,104.57191647037217,1513.0,1231.0,1356.0,111.98557599427727,1528.0,1183.0,1339.0333333333333,89.92199045737682,1528.0,1183.0,1243.2048192771085
2023-04-12,1346,117471.44,1,103.2475,99.91749999999999,2023,4,12,2,2,102,0,0,0,0.8660254037844387,-0.4999999999999998,0.9749279121818236,-0.22252093395631434,1380.0,1231.0,1343.0,1195.0,1374.0,98.38699100999423,1513.0,1231.0,1370.0714285714287,100.34744585743486,1528.0,1206.0,1341.2666666666667,90.08499179734062,1528.0,1183.0,1243.3694344163657
2023-04-13,1207,100349.79,0,112.72500000000001,106.44,2023,4,13,3,2,103,0,0,0,0.8660254037844387,-0.4999999999999998,0.43388373911755823,-0.900968867902419,1346.0,1364.0,1395.0,1328.0,1390.4285714285713,78.0231955742641,1513.0,1267.0,1370.2857142857142,100.2883754069193,1528.0,1206.0,1346.3,85.7446690813055,1528.0,1183.0,1243.4927884615386
2023-04-14,1441,131938.45,1,107.24499999999999,103.28,2023,4,14,4,2,104,0,0,0,0.8660254037844387,-0.4999999999999998,-0.433883739117558,-0.9009688679024191,1207.0,1424.0,1206.0,1436.0,1368.0,104.8427393766523,1513.0,1207.0,1356.857142857143,108.93813144862229,1528.0,1206.0,1342.2666666666667,89.40297508485656,1528.0,1183.0,1243.4489795918366
2023-04-15,1323,110289.03,0,113.38749999999999,98.47749999999999,2023,4,15,5,2,105,1,0,0,0.8660254037844387,-0.4999999999999998,-0.9749279121818236,-0.2225209339563146,1441.0,1439.0,1528.0,1259.0,1370.4285714285713,106.53928405813372,1513.0,1207.0,1373.642857142857,101.77471889715231,1528.0,1207.0,1342.4333333333334,89.58820863505017,1528.0,1183.0,1243.6858513189447
2023-04-16,1411,118483.8,0,114.06750000000001,97.65,2023,4,16,6,2,106,1,0,0,0.8660254037844387,-0.4999999999999998,-0.7818314824680299,0.6234898018587334,1323.0,1513.0,1353.0,1339.0,1353.857142857143,103.06054623606802,1513.0,1207.0,1359.0,92.15037877129508,1513.0,1207.0,1344.5666666666666,88.2854630644607,1528.0,1183.0,1243.7808383233532
2023-04-17,1280,104808.14,0,111.475,99.925,2023,4,17,0,2,107,0,0,0,0.8660254037844387,-0.4999999999999998,0.0,1.0,1411.0,1267.0,1271.0,1385.0,1339.2857142857142,81.8346183586455,1441.0,1207.0,1363.142857142857,93.15814274898592,1513.0,1207.0,1346.9666666666667,89.10376877100052,1528.0,1183.0,1243.9808612440193
2023-04-18,1285,115484.32,0,112.33,99.88,2023,4,18,1,2,108,0,0,0,0.8660254037844387,-0.4999999999999998,0.7818314824680298,0.6234898018587336,1280.0,1380.0,1467.0,1390.0,1341.142857142857,80.04879464307965,1441.0,1207.0,1363.7857142857142,92.50212352775335,1513.0,1207.0,1343.4666666666667,89.61901481322172,1528.0,1183.0,1244.0238948626045
2023-04-19,1462,129203.28,0,114.08999999999999,99.12,2023,4,19,2,2,109,0,0,0,0.8660254037844387,-0.4999999999999998,0.9749279121818236,-0.22252093395631434,1285.0,1346.0,1231.0,1348.0,1327.5714285714287,80.41529113060122,1441.0,1207.0,1350.7857142857142,89.62501245268328,1513.0,1207.0,1339.9666666666667,89.78921036990498,1528.0,1183.0,1244.0727923627685
2023-04-20,1367,107336.82,0,114.16,98.86749999999999,2023,4,20,3,2,110,0,0,0,0.8660254037844387,-0.4999999999999998,0.43388373911755823,-0.900968867902419,1462.0,1207.0,1364.0,1274.0,1344.142857142857,95.40165716839843,1462.0,1207.0,1367.2857142857142,87.10420688545285,1513.0,1207.0,1343.7666666666667,92.51195014451233,1528.0,1183.0,1244.3325387365912
2023-04-21,1425,130488.63,1,107.4875,100.97,2023,4,21,4,2,111,0,0,0,0.8660254037844387,-0.4999999999999998,-0.433883739117558,-0.9009688679024191,1367.0,1441.0,1424.0,1257.0,1367.0,73.7857258101725,1462.0,1280.0,1367.5,87.09919190652774,1513.0,1207.0,1346.8666666666666,91.64765111023586,1528.0,1183.0,1244.4785714285715
2023-04-22,1454,114415.27,1,109.60249999999999,100.4475,2023,4,22,5,2,112,1,0,0,0.8660254037844387,-0.4999999999999998,-0.9749279121818236,-0.2225209339563146,1425.0,1323.0,1439.0,1270.0,1364.7142857142858,71.31786659203077,1462.0,1280.0,1367.5714285714287,87.1494863268504,1513.0,1207.0,1352.4666666666667,91.0981786915639,1528.0,1183.0,1244.6932223543402
2023-04-23,1494,144108.59,1,107.27250000000001,94.59,2023,4,23,6,2,113,1,0,0,0.8660254037844387,-0.4999999999999998,-0.7818314824680299,0.6234898018587334,1454.0,1411.0,1513.0,1332.0,1383.4285714285713,75.60612220109202,1462.0,1280.0,1368.642857142857,88.18128804026672,1513.0,1207.0,1358.6,91.5474627230875,1528.0,1183.0,1244.9418052256533
2023-04-24,1336,102317.08,1,112.315,99.5025,2023,4,24,0,2,114,0,0,0,0.8660254037844387,-0.4999999999999998,0.0,1.0,1494.0,1280.0,1267.0,1358.0,1395.2857142857142,86.39003469867886,1494.0,1280.0,1367.2857142857142,85.90551927413719,1494.0,1207.0,1364.0,94.64962611726781,1528.0,1183.0,1245.2372479240807
2023-04-25,1309,110693.73999999999,0,110.6025,98.2875,2023,4,25,1,2,115,0,0,0,0.8660254037844387,-0.4999999999999998,0.7818314824680298,0.6234898018587336,1336.0,1285.0,1380.0,1418.0,1403.2857142857142,75.88964418969827,1494.0,1285.0,1372.2142857142858,81.57976612959366,1494.0,1207.0,1363.2666666666667,94.78284921729129,1528.0,1183.0,1245.3447867298578
2023-04-26,1225,107108.72,0,112.41,101.11500000000001,2023,4,26,2,2,116,0,0,0,0.8660254037844387,-0.4999999999999998,0.9749279121818236,-0.22252093395631434,1309.0,1462.0,1346.0,1285.0,1406.7142857142858,69.9659781267941,1494.0,1309.0,1367.142857142857,83.2483376067452,1494.0,1207.0,1359.6333333333334,94.70152142875088,1528.0,1183.0,1245.4201183431953
2023-04-27,1241,103442.36,1,114.2675,95.91,2023,4,27,3,2,117,0,0,0,0.8660254037844387,-0.4999999999999998,0.43388373911755823,-0.900968867902419,1225.0,1367.0,1207.0,1183.0,1372.857142857143,92.4759943110112,1494.0,1225.0,1358.5,91.48581226701046,1494.0,1207.0,1357.6333333333334,96.93918581836266,1528.0,1183.0,1245.3959810874705
2023-04-28,1375,103787.33,1,111.6675,101.9425,2023,4,28,4,2,118,0,0,0,0.8660254037844387,-0.4999999999999998,-0.433883739117558,-0.9009688679024191,1241.0,1425.0,1441.0,1343.0,1354.857142857143,105.19415156656774,1494.0,1225.0,1360.9285714285713,87.52007618977825,1494.0,1225.0,1359.5666666666666,93.86589235247838,1528.0,1206.0,1245.3907910271546
2023-04-29,1375,110638.48,1,113.24,103.9625,2023,4,29,5,2,119,1,0,0,0.8660254037844387,-0.4999999999999998,-0.9749279121818236,-0.2225209339563146,1375.0,1454.0,1323.0,1395.0,1347.7142857142858,101.26156606484616,1494.0,1225.0,1356.2142857142858,84.60421754483896,1494.0,1225.0,1360.6333333333334,93.85296032049374,1528.0,1206.0,1245.5436320754718
2023-04-30,1380,127344.48000000001,0,112.98750000000001,97.6475,2023,4,30,6,2,120,1,0,1,0.8660254037844387,-0.4999999999999998,-0.7818314824680299,0.6234898018587334,1375.0,1494.0,1411.0,1206.0,1336.4285714285713,91.35983279110901,1494.0,1225.0,1359.9285714285713,84.17423713823038,1494.0,1225.0,1359.9666666666667,93.67128266124536,1528.0,1206.0,1245.696113074205
2023-05-01,1326,120191.59,0,116.88750000000002,100.5275,2023,5,1,0,2,121,0,1,0,0.49999999999999994,-0.8660254037844387,0.0,1.0,1380.0,1336.0,1280.0,1528.0,1320.142857142857,64.92669859523436,1380.0,1225.0,1357.7142857142858,83.12865707067841,1494.0,1225.0,1365.7666666666667,89.08372014797636,1528.0,1207.0,1245.8541176470587
2023-05-02,1456,125123.07,1,105.4425,102.68,2023,5,2,1,2,122,0,0,0,0.49999999999999994,-0.8660254037844387,0.7818314824680298,0.6234898018587336,1326.0,1309.0,1285.0,1353.0,1318.7142857142858,64.62897772597805,1380.0,1225.0,1361.0,80.69410425513946,1494.0,1225.0,1359.0333333333333,83.88065550421449,1513.0,1207.0,1245.948296122209
2023-05-03,1256,116999.76000000001,0,114.92,101.5875,2023,5,3,2,2,123,0,0,0,0.49999999999999994,-0.8660254037844387,0.9749279121818236,-0.22252093395631434,1456.0,1225.0,1462.0,1271.0,1339.7142857142858,82.38874171818102,1456.0,1225.0,1373.2142857142858,81.24528726823281,1494.0,1225.0,1362.4666666666667,85.71312752365127,1513.0,1207.0,1246.194835680751
2023-05-04,1396,120364.72,0,111.38499999999999,99.72,2023,5,4,3,2,124,0,0,0,0.49999999999999994,-0.8660254037844387,0.43388373911755823,-0.900968867902419,1256.0,1241.0,1367.0,1467.0,1344.142857142857,75.76153063270263,1456.0,1241.0,1358.5,82.5718801082803,1494.0,1225.0,1361.9666666666667,86.30678373998693,1513.0,1207.0,1246.2063305978897
2023-05-05,1260,99003.12999999999,0,113.1275,101.4125,2023,5,5,4,2,125,0,0,0,0.49999999999999994,-0.8660254037844387,-0.433883739117558,-0.9009688679024191,1396.0,1375.0,1425.0,1231.0,1366.2857142857142,61.99116680548423,1456.0,1256.0,1360.5714285714287,83.16315223769925,1494.0,1225.0,1359.6,84.27688356512063,1513.0,1207.0,1246.3817330210773
2023-05-06,1453,109744.68000000001,1,111.64250000000001,96.8375,2023,5,6,5,2,126,1,0,0,0.49999999999999994,-0.8660254037844387,-0.9749279121818236,-0.2225209339563146,1260.0,1375.0,1454.0,1364.0,1349.857142857143,73.4720549402514,1456.0,1256.0,1348.7857142857142,85.00151905559679,1494.0,1225.0,1360.5666666666666,82.90613027262965,1513.0,1207.0,1246.3976608187133
2023-05-07,1502,131329.37,1,104.52749999999999,92.71,2023,5,7,6,2,127,1,0,0,0.49999999999999994,-0.8660254037844387,-0.7818314824680299,0.6234898018587334,1453.0,1380.0,1494.0,1424.0,1361.0,83.19254774317567,1456.0,1256.0,1348.7142857142858,84.90667145250481,1494.0,1225.0,1363.5333333333333,84.60811623794721,1513.0,1207.0,1246.6390186915887
2023-05-08,1432,118127.61,0,112.7225,105.42,2023,5,8,0,2,128,0,0,0,0.49999999999999994,-0.8660254037844387,0.0,1.0,1502.0,1326.0,1336.0,1439.0,1378.4285714285713,99.0956728669476,1502.0,1256.0,1349.2857142857142,85.97980851646633,1502.0,1225.0,1366.1333333333334,87.67327015032147,1513.0,1207.0,1246.9369894982497
2023-05-09,1545,129248.94,1,106.4125,99.495,2023,5,9,1,2,129,0,0,0,0.49999999999999994,-0.8660254037844387,0.7818314824680298,0.6234898018587336,1432.0,1456.0,1309.0,1513.0,1393.5714285714287,97.83976209915828,1502.0,1256.0,1356.142857142857,88.62614403546065,1502.0,1225.0,1365.9,87.48176164601584,1513.0,1207.0,1247.1526806526806
2023-05-10,1544,124180.48,1,113.5075,97.925,2023,5,10,2,2,130,0,0,0,0.49999999999999994,-0.8660254037844387,0.9749279121818236,-0.22252093395631434,1545.0,1256.0,1225.0,1267.0,1406.2857142857142,112.05462103473933,1545.0,1256.0,1373.0,100.60432778579526,1545.0,1225.0,1366.9666666666667,89.50880647613559,1545.0,1207.0,1247.499417927823
2023-05-11,1511,107947.42,1,111.6525,102.10249999999999,2023,5,11,3,2,131,0,0,0,0.49999999999999994,-0.8660254037844387,0.43388373911755823,-0.900968867902419,1544.0,1396.0,1241.0,1380.0,1447.4285714285713,99.88970107550475,1545.0,1260.0,1395.7857142857142,100.630457670579,1545.0,1241.0,1376.2,93.0577870150515,1545.0,1207.0,1247.8441860465116
2023-05-12,1338,113270.39,0,110.87,103.27499999999999,2023,5,12,4,2,132,0,0,0,0.49999999999999994,-0.8660254037844387,-0.433883739117558,-0.9009688679024191,1511.0,1260.0,1375.0,1346.0,1463.857142857143,99.47768354666778,1545.0,1260.0,1415.0714285714287,94.36138738155978,1545.0,1256.0,1380.5666666666666,96.26066741901809,1545.0,1207.0,1248.1498257839721
2023-05-13,1395,106423.01000000001,0,114.69,103.4225,2023,5,13,5,2,133,1,0,0,0.49999999999999994,-0.8660254037844387,-0.9749279121818236,-0.2225209339563146,1338.0,1453.0,1375.0,1207.0,1475.0,73.9233837609468,1545.0,1338.0,1412.4285714285713,96.07266023150072,1545.0,1256.0,1380.3,96.37074602624989,1545.0,1207.0,1248.254060324826
2023-05-14,1503,129376.07,1,115.4825,101.4725,2023,5,14,6,2,134,1,0,0,0.49999999999999994,-0.8660254037844387,-0.7818314824680299,0.6234898018587334,1395.0,1502.0,1380.0,1441.0,1466.7142857142858,79.81585950531952,1545.0,1338.0,1413.857142857143,95.62093200426351,1545.0,1256.0,1386.5666666666666,90.65610781992743,1545.0,1225.0,1248.4241019698725
2023-05-15,1623,109218.59,1,109.51000000000002,96.5,2023,5,15,0,2,135,0,0,0,0.49999999999999994,-0.8660254037844387,0.0,1.0,1503.0,1432.0,1326.0,1323.0,1466.857142857143,79.89040111601436,1545.0,1338.0,1422.642857142857,97.89445426491535,1545.0,1256.0,1388.6333333333334,92.62511885918966,1545.0,1225.0,1248.71875
2023-05-16,1467,116586.97,0,112.5225,96.4175,2023,5,16,1,2,136,0,0,0,0.49999999999999994,-0.8660254037844387,0.7818314824680298,0.6234898018587336,1623.0,1545.0,1456.0,1411.0,1494.142857142857,96.82360003537998,1623.0,1338.0,1443.857142857143,107.08936393560981,1623.0,1256.0,1398.6333333333334,101.10134326108793,1623.0,1225.0,1249.1514450867053
2023-05-17,1341,109477.70999999999,0,113.89500000000001,101.22749999999999,2023,5,17,2,2,137,0,0,0,0.49999999999999994,-0.8660254037844387,0.9749279121818236,-0.22252093395631434,1467.0,1544.0,1256.0,1280.0,1483.0,94.45457462012246,1623.0,1338.0,1444.642857142857,107.22557612727387,1623.0,1256.0,1400.5,101.85173470329264,1623.0,1225.0,1249.4030023094688
2023-05-18,1542,126722.23,1,111.05250000000001,103.455,2023,5,18,3,2,138,0,0,0,0.49999999999999994,-0.8660254037844387,0.43388373911755823,-0.900968867902419,1341.0,1511.0,1396.0,1285.0,1454.0,103.34892355511678,1623.0,1338.0,1450.7142857142858,97.70633281691191,1623.0,1260.0,1402.5333333333333,99.95438039886245,1623.0,1225.0,1249.508650519031
2023-05-19,1442,120740.01,0,111.025,105.135,2023,5,19,4,2,139,0,0,0,0.49999999999999994,-0.8660254037844387,-0.433883739117558,-0.9009688679024191,1542.0,1338.0,1260.0,1462.0,1458.4285714285713,106.80489555393576,1623.0,1338.0,1461.142857142857,99.19743881841734,1623.0,1260.0,1411.1,100.54518627343451,1623.0,1225.0,1249.8456221198157
2023-05-20,1519,122476.56999999999,0,113.5575,98.36,2023,5,20,5,2,140,1,0,0,0.49999999999999994,-0.8660254037844387,-0.9749279121818236,-0.2225209339563146,1442.0,1395.0,1453.0,1367.0,1473.2857142857142,93.68869424094333,1623.0,1341.0,1474.142857142857,81.08102039400941,1623.0,1338.0,1410.4333333333334,100.26196147862481,1623.0,1225.0,1250.066743383199
2023-05-21,1500,132379.79,0,111.7725,101.6175,2023,5,21,6,2,141,1,0,0,0.49999999999999994,-0.8660254037844387,-0.7818314824680299,0.6234898018587334,1519.0,1503.0,1502.0,1425.0,1491.0,87.96779713812909,1623.0,1341.0,1478.857142857143,81.67370082588002,1623.0,1338.0,1415.5,101.81990524180097,1623.0,1225.0,1250.3758620689655
2023-05-22,1337,105365.1,0,114.20750000000001,95.9525,2023,5,22,0,2,142,0,0,0,0.49999999999999994,-0.8660254037844387,0.0,1.0,1500.0,1623.0,1432.0,1454.0,1490.5714285714287,87.90687713495879,1623.0,1341.0,1478.7142857142858,81.63184575740149,1623.0,1338.0,1418.0,102.97539043132504,1623.0,1225.0,1250.6624569460391
2023-05-23,1397,117600.7,0,115.04,99.2125,2023,5,23,1,2,143,0,0,0,0.49999999999999994,-0.8660254037844387,0.7818314824680298,0.6234898018587336,1337.0,1467.0,1545.0,1494.0,1449.7142857142858,82.38874171818674,1542.0,1337.0,1471.9285714285713,89.39322318638162,1623.0,1337.0,1414.1,103.77739771194454,1623.0,1225.0,1250.7614678899083
2023-05-24,1489,112488.13,1,110.1875,102.44500000000001,2023,5,24,2,2,144,0,0,0,0.49999999999999994,-0.8660254037844387,0.9749279121818236,-0.22252093395631434,1397.0,1341.0,1544.0,1336.0,1439.7142857142858,84.16989621338891,1542.0,1337.0,1461.357142857143,88.83658908603678,1623.0,1337.0,1410.8666666666666,102.7077317484938,1623.0,1225.0,1250.9289805269186
2023-05-25,1325,111028.53,0,111.84,103.1625,2023,5,25,3,2,145,0,0,0,0.49999999999999994,-0.8660254037844387,0.43388373911755823,-0.900968867902419,1489.0,1542.0,1511.0,1309.0,1460.857142857143,73.1013647192099,1542.0,1337.0,1457.4285714285713,86.0739523591605,1623.0,1337.0,1415.9666666666667,102.66063387261688,1623.0,1225.0,1251.2013729977116
2023-05-26,1336,102711.93000000001,0,111.875,98.6125,2023,5,26,4,2,146,0,0,0,0.49999999999999994,-0.8660254037844387,-0.433883739117558,-0.9009688679024191,1325.0,1442.0,1338.0,1225.0,1429.857142857143,78.74945200112403,1519.0,1325.0,1444.142857142857,91.36137640656878,1623.0,1325.0,1416.5,102.12593645373727,1623.0,1225.0,1251.2857142857142
2023-05-27,1571,147400.13999999998,1,105.43,97.06,2023,5,27,5,2,147,1,0,0,0.49999999999999994,-0.8660254037844387,-0.9749279121818236,-0.2225209339563146,1336.0,1519.0,1395.0,1241.0,1414.7142857142858,85.89279031777022,1519.0,1325.0,1444.0,91.54149962638692,1623.0,1325.0,1420.2,96.8216989073804,1623.0,1241.0,1251.382420091324
2023-05-28,1574,140544.42,1,104.44999999999999,103.035,2023,5,28,6,2,148,1,0,0,0.49999999999999994,-0.8660254037844387,-0.7818314824680299,0.6234898018587334,1571.0,1500.0,1503.0,1375.0,1422.142857142857,97.83392147142659,1571.0,1325.0,1456.5714285714287,96.25823783786039,1623.0,1325.0,1431.2,94.47802152736529,1623.0,1256.0,1251.7468643101483
2023-05-29,1394,116758.61,0,111.85,95.3925,2023,5,29,0,2,149,0,0,0,0.49999999999999994,-0.8660254037844387,0.0,1.0,1574.0,1337.0,1623.0,1375.0,1432.7142857142858,110.78916054939336,1574.0,1325.0,1461.642857142857,100.66212116463882,1623.0,1325.0,1437.8333333333333,97.33875555673873,1623.0,1256.0,1252.1138952164008
2023-05-30,1310,113834.3,0,112.5675,97.15,2023,5,30,1,2,150,0,0,0,0.49999999999999994,-0.8660254037844387,0.7818314824680298,0.6234898018587336,1394.0,1397.0,1467.0,1380.0,1440.857142857143,104.49789243717193,1574.0,1325.0,1445.2857142857142,90.52023026878433,1574.0,1325.0,1438.4666666666667,96.97697321186376,1623.0,1256.0,1252.2753128555175
2023-05-31,1426,117009.77,0,113.6125,100.6325,2023,5,31,2,2,151,0,0,1,0.49999999999999994,-0.8660254037844387,0.9749279121818236,-0.22252093395631434,1310.0,1489.0,1341.0,1326.0,1428.4285714285713,115.20829996555588,1574.0,1310.0,1434.0714285714287,97.10855486811133,1574.0,1310.0,1436.1333333333334,99.24776843955271,1623.0,1256.0,1252.340909090909
2023-06-01,1354,122689.33,0,114.78,101.41,2023,6,1,3,2,152,0,1,0,1.2246467991473532e-16,-1.0,0.43388373911755823,-0.900968867902419,1426.0,1325.0,1542.0,1456.0,1419.4285714285713,112.10687927577604,1574.0,1310.0,1440.142857142857,93.4294115632575,1574.0,1310.0,1439.4666666666667,97.07683886323954,1623.0,1256.0,1252.5380249716231
2023-06-02,1419,118506.32999999999,1,109.625,102.7925,2023,6,2,4,2,153,0,0,0,1.2246467991473532e-16,-1.0,-0.433883739117558,-0.9009688679024191,1354.0,1336.0,1442.0,1256.0,1423.5714285714287,108.5139885650085,1574.0,1310.0,1426.7142857142858,91.14606077942095,1574.0,1310.0,1436.0666666666666,98.25685317271,1623.0,1256.0,1252.6530612244899
2023-06-03,1577,126567.93,1,113.67999999999999,94.705,2023,6,3,5,2,154,1,0,0,1.2246467991473532e-16,-1.0,-0.9749279121818236,-0.2225209339563146,1419.0,1571.0,1519.0,1396.0,1435.4285714285713,101.66916468438318,1574.0,1310.0,1425.0714285714287,91.0565878879924,1574.0,1310.0,1441.5,92.28133520700399,1623.0,1260.0,1252.841449603624
2023-06-04,1457,116593.89,1,114.495,99.24,2023,6,4,6,2,155,1,0,0,1.2246467991473532e-16,-1.0,-0.7818314824680299,0.6234898018587334,1577.0,1574.0,1500.0,1260.0,1436.2857142857142,103.0189534110396,1577.0,1310.0,1429.2142857142858,96.7973128770696,1577.0,1310.0,1447.5333333333333,95.07845520242444,1623.0,1260.0,1253.20814479638
2023-06-05,1624,126270.1,1,111.7725,101.3225,2023,6,5,0,2,156,0,0,0,1.2246467991473532e-16,-1.0,0.0,1.0,1457.0,1394.0,1337.0,1453.0,1419.5714285714287,84.8387826858689,1577.0,1310.0,1426.142857142857,95.04481302795003,1577.0,1310.0,1454.1,88.23649647592622,1623.0,1310.0,1253.438418079096
2023-06-06,1486,131496.82,1,104.405,103.105,2023,6,6,1,2,157,0,0,0,1.2246467991473532e-16,-1.0,0.7818314824680298,0.6234898018587336,1624.0,1310.0,1397.0,1502.0,1452.4285714285713,113.11182835710439,1624.0,1310.0,1446.642857142857,104.79034537359902,1624.0,1310.0,1459.8,93.52757292132131,1624.0,1310.0,1253.8566591422123
2023-06-07,1348,113025.9,0,114.22000000000001,103.2675,2023,6,7,2,2,158,0,0,0,1.2246467991473532e-16,-1.0,0.9749279121818236,-0.22252093395631434,1486.0,1426.0,1489.0,1432.0,1477.5714285714287,94.14679520631913,1624.0,1354.0,1453.0,104.24527290519538,1624.0,1310.0,1459.2666666666667,93.32403073509538,1624.0,1310.0,1254.1183765501692
2023-06-08,1388,120166.33,1,102.7125,96.015,2023,6,8,3,2,159,0,0,0,1.2246467991473532e-16,-1.0,0.43388373911755823,-0.900968867902419,1348.0,1354.0,1325.0,1545.0,1466.4285714285713,105.23126459194765,1624.0,1348.0,1442.9285714285713,107.26707451369651,1624.0,1310.0,1456.4666666666667,95.40719749229962,1624.0,1310.0,1254.224099099099
2023-06-09,1483,126728.45,1,110.85749999999999,100.755,2023,6,9,4,2,160,0,0,0,1.2246467991473532e-16,-1.0,-0.433883739117558,-0.9009688679024191,1388.0,1419.0,1336.0,1544.0,1471.2857142857142,99.82269996635495,1624.0,1348.0,1447.4285714285713,103.18296988712314,1624.0,1310.0,1451.2333333333333,94.68666414980194,1624.0,1310.0,1254.3745781777277
2023-06-10,1525,134473.19,0,113.47999999999999,102.525,2023,6,10,5,2,161,1,0,0,1.2246467991473532e-16,-1.0,-0.9749279121818236,-0.2225209339563146,1483.0,1577.0,1571.0,1511.0,1480.4285714285713,97.13025128294112,1624.0,1348.0,1457.9285714285713,98.33730357665425,1624.0,1310.0,1449.2,93.27024140118735,1624.0,1310.0,1254.6314606741573
2023-06-11,1449,133303.16,0,115.845,95.36,2023,6,11,6,2,162,1,0,0,1.2246467991473532e-16,-1.0,-0.7818314824680299,0.6234898018587334,1525.0,1457.0,1574.0,1338.0,1473.0,90.25888691241529,1624.0,1348.0,1454.642857142857,94.97984170165837,1624.0,1310.0,1449.6666666666667,93.62446384298465,1624.0,1310.0,1254.9349046015714
2023-06-12,1338,108361.42000000001,0,111.69500000000001,97.2475,2023,6,12,0,2,163,0,0,0,1.2246467991473532e-16,-1.0,0.0,1.0,1449.0,1624.0,1394.0,1395.0,1471.857142857143,90.54543715990157,1624.0,1348.0,1445.7142857142858,88.55457124233487,1624.0,1310.0,1453.3666666666666,91.22177724468796,1624.0,1310.0,1255.152466367713
2023-06-13,1628,125267.89,1,112.4875,99.67999999999999,2023,6,13,1,2,164,0,0,0,1.2246467991473532e-16,-1.0,0.7818314824680298,0.6234898018587336,1338.0,1486.0,1310.0,1503.0,1431.0,73.34393862709078,1525.0,1338.0,1441.7142857142858,92.25752299651334,1624.0,1310.0,1451.4666666666667,93.05457550808451,1624.0,1310.0,1255.2452407614783
2023-06-14,1464,118324.26999999999,1,110.7825,103.8075,2023,6,14,2,2,165,0,0,0,1.2246467991473532e-16,-1.0,0.9749279121818236,-0.22252093395631434,1628.0,1348.0,1426.0,1623.0,1451.2857142857142,104.22685879963664,1628.0,1338.0,1464.4285714285713,96.38840840436733,1628.0,1338.0,1455.6333333333334,98.10321212828039,1628.0,1310.0,1255.662192393736
2023-06-15,1406,117554.54000000001,0,110.4825,102.63,2023,6,15,3,2,166,0,0,0,1.2246467991473532e-16,-1.0,0.43388373911755823,-0.900968867902419,1464.0,1388.0,1354.0,1467.0,1467.857142857143,93.76464964906,1628.0,1338.0,1467.142857142857,95.75598566779337,1628.0,1338.0,1450.3333333333333,92.90682515790124,1628.0,1310.0,1255.8949720670391
2023-06-16,1334,99294.14,0,111.9325,95.15,2023,6,16,4,2,167,0,0,0,1.2246467991473532e-16,-1.0,-0.433883739117558,-0.9009688679024191,1406.0,1483.0,1419.0,1341.0,1470.4285714285713,91.42730653887736,1628.0,1338.0,1470.857142857143,91.96308385004649,1628.0,1338.0,1448.3,93.19654796034783,1628.0,1310.0,1256.0625
2023-06-17,1458,120830.01999999999,0,111.41,98.04,2023,6,17,5,2,168,1,0,0,1.2246467991473532e-16,-1.0,-0.9749279121818236,-0.2225209339563146,1334.0,1525.0,1577.0,1542.0,1449.142857142857,104.43247989559636,1628.0,1334.0,1464.7857142857142,98.24160059727207,1628.0,1334.0,1448.0666666666666,93.48277854802319,1628.0,1310.0,1256.149386845039
2023-06-18,1581,123805.02000000002,1,115.44,103.8125,2023,6,18,6,2,169,1,0,0,1.2246467991473532e-16,-1.0,-0.7818314824680299,0.6234898018587334,1458.0,1449.0,1457.0,1442.0,1439.5714285714287,99.26371801563205,1628.0,1334.0,1456.2857142857142,92.78215061383972,1628.0,1334.0,1445.2666666666667,91.81538197827936,1628.0,1310.0,1256.3741648106904
2023-06-19,1492,109355.28,1,112.52499999999999,98.6925,2023,6,19,0,2,170,0,0,0,1.2246467991473532e-16,-1.0,0.0,1.0,1581.0,1338.0,1624.0,1519.0,1458.4285714285713,112.94815498398846,1628.0,1334.0,1465.142857142857,98.59228955877533,1628.0,1334.0,1449.9,95.09354740791817,1628.0,1310.0,1256.7352614015572
2023-06-20,1394,121635.22,0,112.30499999999999,100.5725,2023,6,20,1,2,171,0,0,0,1.2246467991473532e-16,-1.0,0.7818314824680298,0.6234898018587336,1492.0,1628.0,1486.0,1500.0,1480.4285714285713,99.81625976907404,1628.0,1334.0,1455.7142857142858,87.97152386420717,1628.0,1334.0,1449.0,94.54318480517108,1628.0,1310.0,1256.9966666666667
2023-06-21,1367,118251.46,0,111.9675,97.265,2023,6,21,2,2,172,0,0,0,1.2246467991473532e-16,-1.0,0.9749279121818236,-0.22252093395631434,1394.0,1464.0,1348.0,1337.0,1447.0,79.21489758878224,1581.0,1334.0,1449.142857142857,88.96572991271867,1628.0,1334.0,1445.4666666666667,94.55220536947375,1628.0,1310.0,1257.1487236403996
2023-06-22,1411,120678.06,0,113.42,100.0575,2023,6,22,3,2,173,0,0,0,1.2246467991473532e-16,-1.0,0.43388373911755823,-0.900968867902419,1367.0,1406.0,1388.0,1397.0,1433.142857142857,84.08017715536359,1581.0,1334.0,1450.5,87.4359105947904,1628.0,1334.0,1446.4666666666667,93.51847810527981,1628.0,1310.0,1257.270509977827
2023-06-23,1416,116780.20999999999,1,115.125,101.8375,2023,6,23,4,2,174,0,0,0,1.2246467991473532e-16,-1.0,-0.433883739117558,-0.9009688679024191,1411.0,1334.0,1483.0,1489.0,1433.857142857143,83.83203160970552,1581.0,1334.0,1452.142857142857,86.38096045814761,1628.0,1334.0,1446.9333333333334,93.29779290487427,1628.0,1310.0,1257.440753045404
2023-06-24,1549,128882.06999999999,1,110.505,99.3675,2023,6,24,5,2,175,1,0,0,1.2246467991473532e-16,-1.0,-0.9749279121818236,-0.2225209339563146,1416.0,1458.0,1525.0,1325.0,1445.5714285714287,72.51863471517943,1581.0,1367.0,1447.357142857143,86.39587520679993,1628.0,1334.0,1444.5,93.11459384118122,1628.0,1310.0,1257.6161504424779
2023-06-25,1450,131899.76,1,104.89999999999999,99.07249999999999,2023,6,25,6,2,176,1,0,0,1.2246467991473532e-16,-1.0,-0.7818314824680299,0.6234898018587334,1549.0,1581.0,1449.0,1336.0,1458.5714285714287,82.57694824195035,1581.0,1367.0,1449.0714285714287,88.27271055412956,1628.0,1334.0,1451.9666666666667,92.1780448589809,1628.0,1310.0,1257.9381215469614
2023-06-26,1383,113706.22,1,110.47,102.8875,2023,6,26,0,2,177,0,0,0,1.2246467991473532e-16,-1.0,0.0,1.0,1450.0,1492.0,1338.0,1571.0,1439.857142857143,62.64563983612412,1549.0,1367.0,1449.142857142857,88.27305289913551,1628.0,1334.0,1455.7666666666667,89.5447040476981,1628.0,1310.0,1258.150110375276
2023-06-27,1340,110946.74,0,111.31,95.965,2023,6,27,1,2,178,0,0,0,1.2246467991473532e-16,-1.0,0.7818314824680298,0.6234898018587336,1383.0,1394.0,1628.0,1574.0,1424.2857142857142,61.05111051601879,1549.0,1367.0,1452.357142857143,84.66005064861413,1628.0,1334.0,1449.5,87.76290552510319,1628.0,1310.0,1258.2877618522602
2023-06-28,1497,127581.45,1,116.155,97.8175,2023,6,28,2,2,179,0,0,0,1.2246467991473532e-16,-1.0,0.9749279121818236,-0.22252093395631434,1340.0,1367.0,1464.0,1394.0,1416.5714285714287,68.47592555747862,1549.0,1340.0,1431.7857142857142,72.86676837947121,1581.0,1334.0,1441.7,86.70844925620008,1628.0,1310.0,1258.3777533039647
2023-06-29,1524,137430.4,0,113.945,102.06,2023,6,29,3,2,180,0,0,0,1.2246467991473532e-16,-1.0,0.43388373911755823,-0.900968867902419,1497.0,1411.0,1406.0,1310.0,1435.142857142857,70.39277560335294,1549.0,1340.0,1434.142857142857,74.50436966314585,1581.0,1334.0,1445.1333333333334,86.79374414662479,1628.0,1310.0,1258.6402640264027
2023-06-30,1332,115906.59,1,108.625,105.12,2023,6,30,4,2,181,0,0,1,1.2246467991473532e-16,-1.0,-0.433883739117558,-0.9009688679024191,1524.0,1416.0,1334.0,1426.0,1451.2857142857142,76.61530370563085,1549.0,1340.0,1442.5714285714287,77.6825040055551,1581.0,1334.0,1452.2666666666667,84.05537310087769,1628.0,1334.0,1258.9318681318682
2023-07-01,1605,131720.59,0,111.78249999999998,99.6075,2023,7,1,5,3,182,1,1,0,-0.4999999999999997,-0.8660254037844388,-0.9749279121818236,-0.2225209339563146,1332.0,1549.0,1458.0,1354.0,1439.2857142857142,88.68993608017733,1549.0,1332.0,1442.4285714285713,77.89906120272177,1581.0,1332.0,1449.1333333333334,86.77626138657493,1628.0,1332.0,1259.0120746432492
2023-07-02,1453,127446.62999999999,0,113.72,99.2425,2023,7,2,6,3,183,1,0,0,-0.4999999999999997,-0.8660254037844388,-0.7818314824680299,0.6234898018587334,1605.0,1450.0,1581.0,1419.0,1447.2857142857142,101.79344164486243,1605.0,1332.0,1452.9285714285713,89.24078429966492,1605.0,1332.0,1457.5,89.34966182905717,1628.0,1332.0,1259.391447368421
2023-07-03,1360,113421.94,0,114.585,98.765,2023,7,3,0,3,184,0,0,0,-0.4999999999999997,-0.8660254037844388,0.0,1.0,1453.0,1383.0,1492.0,1577.0,1447.7142857142858,101.8130873802873,1605.0,1332.0,1443.7857142857142,81.31532031962355,1605.0,1332.0,1458.6333333333334,89.05964035538912,1628.0,1332.0,1259.6035049288062
2023-07-04,1579,131178.83000000002,1,101.9025,95.43,2023,7,4,1,3,185,0,0,0,-0.4999999999999997,-0.8660254037844388,0.7818314824680298,0.6234898018587336,1360.0,1340.0,1394.0,1457.0,1444.4285714285713,104.5830724716972,1605.0,1332.0,1434.357142857143,82.93148900226896,1605.0,1332.0,1451.4,87.91947726618902,1628.0,1332.0,1259.7133479212255
2023-07-05,1418,132411.0,0,113.5025,98.03999999999999,2023,7,5,2,3,186,0,0,0,-0.4999999999999997,-0.8660254037844388,0.9749279121818236,-0.22252093395631434,1579.0,1497.0,1367.0,1624.0,1478.5714285714287,103.81852298259338,1605.0,1332.0,1447.5714285714287,90.4082316586828,1605.0,1332.0,1455.4666666666667,90.95650090825067,1628.0,1332.0,1260.0622950819672
2023-07-06,1308,105389.0,0,112.02250000000001,98.6225,2023,7,6,3,3,187,0,0,0,-0.4999999999999997,-0.8660254037844388,0.43388373911755823,-0.900968867902419,1418.0,1524.0,1411.0,1486.0,1467.2857142857142,105.75713417341106,1605.0,1332.0,1451.2142857142858,87.90482490603104,1605.0,1332.0,1448.6,85.40071872427056,1628.0,1332.0,1260.2347161572052
2023-07-07,1440,126494.40999999999,0,112.07750000000001,105.095,2023,7,7,4,3,188,0,0,0,-0.4999999999999997,-0.8660254037844388,-0.433883739117558,-0.9009688679024191,1308.0,1332.0,1416.0,1348.0,1436.4285714285713,117.32981596459972,1605.0,1308.0,1443.857142857143,95.51065759530393,1605.0,1308.0,1442.6666666666667,88.82735417975678,1628.0,1308.0,1260.2868047982552
2023-07-08,1404,125233.76,0,111.8175,100.9,2023,7,8,5,3,189,1,0,0,-0.4999999999999997,-0.8660254037844388,-0.9749279121818236,-0.2225209339563146,1440.0,1605.0,1549.0,1388.0,1451.857142857143,108.04231975084642,1605.0,1308.0,1445.5714285714287,95.18703393095677,1605.0,1308.0,1445.7333333333333,87.01602441934699,1628.0,1308.0,1260.4825708061003
2023-07-09,1347,116594.8,0,112.2025,97.6075,2023,7,9,6,3,190,1,0,0,-0.4999999999999997,-0.8660254037844388,-0.7818314824680299,0.6234898018587334,1404.0,1453.0,1450.0,1483.0,1423.142857142857,84.75932312816006,1579.0,1308.0,1435.2142857142858,90.85760505101375,1605.0,1308.0,1446.2666666666667,86.69842035444067,1628.0,1308.0,1260.638737758433
2023-07-10,1375,120970.03,0,111.97749999999999,99.645,2023,7,10,0,3,191,0,0,0,-0.4999999999999997,-0.8660254037844388,0.0,1.0,1347.0,1360.0,1383.0,1525.0,1408.0,87.94505860669018,1579.0,1308.0,1427.857142857143,93.69414819824637,1605.0,1308.0,1441.7333333333333,88.25313644259481,1628.0,1308.0,1260.732608695652
2023-07-11,1561,115953.96,1,110.3825,93.7675,2023,7,11,1,3,192,0,0,0,-0.4999999999999997,-0.8660254037844388,0.7818314824680298,0.6234898018587336,1375.0,1579.0,1340.0,1449.0,1410.142857142857,86.75526606769786,1579.0,1308.0,1427.2857142857142,94.01262482440947,1605.0,1308.0,1436.7333333333333,87.61984239663062,1628.0,1308.0,1260.8566775244299
2023-07-12,1450,126273.4,1,104.9325,102.13,2023,7,12,2,3,193,0,0,0,-0.4999999999999997,-0.8660254037844388,0.9749279121818236,-0.22252093395631434,1561.0,1418.0,1497.0,1338.0,1407.5714285714287,80.99147515399306,1561.0,1308.0,1443.0714285714287,96.74348659110781,1605.0,1308.0,1440.4666666666667,90.49927922492591,1628.0,1308.0,1261.1822125813449
2023-07-13,1339,115376.84,0,113.765,101.285,2023,7,13,3,3,194,0,0,0,-0.4999999999999997,-0.8660254037844388,0.43388373911755823,-0.900968867902419,1450.0,1308.0,1524.0,1628.0,1412.142857142857,82.56599092328347,1561.0,1308.0,1439.7142857142858,95.5360814412256,1605.0,1308.0,1444.2,88.41259077132511,1628.0,1308.0,1261.3867822318527
2023-07-14,1310,114136.51999999999,0,113.7025,99.4875,2023,7,14,4,3,195,0,0,0,-0.4999999999999997,-0.8660254037844388,-0.433883739117558,-0.9009688679024191,1339.0,1440.0,1332.0,1464.0,1416.5714285714287,76.66997922450892,1561.0,1339.0,1426.5,95.77517744899329,1605.0,1308.0,1434.5666666666666,83.29162864478056,1605.0,1308.0,1261.4707792207791
2023-07-15,1446,129542.38,0,112.0025,100.0375,2023,7,15,5,3,196,1,0,0,-0.4999999999999997,-0.8660254037844388,-0.9749279121818236,-0.2225209339563146,1310.0,1404.0,1605.0,1406.0,1398.0,85.30728769181489,1561.0,1310.0,1424.9285714285713,97.60790028375636,1605.0,1308.0,1429.4333333333334,86.11287033180781,1605.0,1308.0,1261.5232432432433
2023-07-16,1497,136899.15,0,111.145,94.475,2023,7,16,6,3,197,1,0,0,-0.4999999999999997,-0.8660254037844388,-0.7818314824680299,0.6234898018587334,1446.0,1347.0,1453.0,1334.0,1404.0,87.25441727118536,1561.0,1310.0,1413.5714285714287,83.23619246616929,1579.0,1308.0,1430.7666666666667,86.04717364303822,1605.0,1308.0,1261.7224622030237
2023-07-17,1442,128535.75,1,105.66499999999999,102.0875,2023,7,17,0,3,198,0,0,0,-0.4999999999999997,-0.8660254037844388,0.0,1.0,1497.0,1375.0,1360.0,1458.0,1425.4285714285713,89.31751814521074,1561.0,1310.0,1416.7142857142858,85.63556824971744,1579.0,1308.0,1436.2,84.86435424069899,1605.0,1308.0,1261.9762675296656
2023-07-18,1370,101117.13,0,111.70500000000001,96.84,2023,7,18,1,3,199,0,0,0,-0.4999999999999997,-0.8660254037844388,0.7818314824680298,0.6234898018587336,1442.0,1561.0,1579.0,1581.0,1435.0,86.5601910041086,1561.0,1310.0,1422.5714285714287,84.2511942720413,1579.0,1308.0,1435.6666666666667,84.772854037188,1605.0,1308.0,1262.1702586206898
2023-07-19,1424,107375.71,1,112.14500000000001,99.6075,2023,7,19,2,3,200,0,0,0,-0.4999999999999997,-0.8660254037844388,0.9749279121818236,-0.22252093395631434,1370.0,1450.0,1418.0,1492.0,1407.7142857142858,68.4268813788772,1497.0,1310.0,1407.642857142857,72.0316246176382,1561.0,1308.0,1428.6333333333334,80.96678047342017,1605.0,1308.0,1262.286329386437
2023-07-20,1365,115234.82999999999,0,113.47,98.22749999999999,2023,7,20,3,3,201,0,0,0,-0.4999999999999997,-0.8660254037844388,0.43388373911755823,-0.900968867902419,1424.0,1339.0,1308.0,1394.0,1404.0,66.42539674954253,1497.0,1310.0,1408.0714285714287,72.1157875446716,1561.0,1308.0,1426.3666666666666,80.07861797928568,1605.0,1308.0,1262.4602150537635
2023-07-21,1449,120606.63,0,111.5375,101.325,2023,7,21,4,3,202,0,0,0,-0.4999999999999997,-0.8660254037844388,-0.433883739117558,-0.9009688679024191,1365.0,1310.0,1440.0,1367.0,1407.7142857142858,62.81378374666076,1497.0,1310.0,1412.142857142857,67.49228690161728,1561.0,1310.0,1425.4,80.655760638277,1605.0,1308.0,1262.5703544575724
2023-07-22,1455,119883.41,0,114.9375,94.255,2023,7,22,5,3,203,1,0,0,-0.4999999999999997,-0.8660254037844388,-0.9749279121818236,-0.2225209339563146,1449.0,1446.0,1404.0,1411.0,1427.5714285714287,46.67210852625739,1497.0,1365.0,1412.7857142857142,67.82009977924957,1561.0,1310.0,1428.1333333333334,79.99514353075988,1605.0,1308.0,1262.7703862660944
2023-07-23,1636,151286.0,1,104.66499999999999,98.7225,2023,7,23,6,3,204,1,0,0,-0.4999999999999997,-0.8660254037844388,-0.7818314824680299,0.6234898018587334,1455.0,1497.0,1347.0,1416.0,1428.857142857143,47.38293846041952,1497.0,1365.0,1416.4285714285713,68.67617914837022,1561.0,1310.0,1429.6,80.07350071804353,1605.0,1308.0,1262.9764201500536
2023-07-24,1538,127254.46,0,115.60000000000001,99.875,2023,7,24,0,3,205,0,0,0,-0.4999999999999997,-0.8660254037844388,0.0,1.0,1636.0,1442.0,1375.0,1549.0,1448.7142857142858,90.34695030034312,1636.0,1365.0,1437.0714285714287,87.151030962369,1636.0,1310.0,1436.9333333333334,88.42371866750292,1636.0,1308.0,1263.3758029978587
2023-07-25,1419,114808.98000000001,0,114.93,96.465,2023,7,25,1,3,206,0,0,0,-0.4999999999999997,-0.8660254037844388,0.7818314824680298,0.6234898018587336,1538.0,1370.0,1561.0,1450.0,1462.4285714285713,96.25115954775346,1636.0,1365.0,1448.7142857142858,89.08719028305451,1636.0,1310.0,1436.5666666666666,87.96460233735506,1636.0,1308.0,1263.6695187165776
2023-07-26,1465,117783.62999999999,1,113.2525,102.345,2023,7,26,2,3,207,0,0,0,-0.4999999999999997,-0.8660254037844388,0.9749279121818236,-0.22252093395631434,1419.0,1424.0,1450.0,1383.0,1469.4285714285713,89.98677151459815,1636.0,1365.0,1438.5714285714287,83.20938767833718,1636.0,1310.0,1435.5333333333333,87.98343626770014,1636.0,1308.0,1263.83547008547
2023-07-27,1470,127994.09,1,113.0475,103.07,2023,7,27,3,3,208,0,0,0,-0.4999999999999997,-0.8660254037844388,0.43388373911755823,-0.900968867902419,1465.0,1365.0,1339.0,1340.0,1475.2857142857142,87.84591488456515,1636.0,1365.0,1439.642857142857,83.46404766573974,1636.0,1310.0,1438.2666666666667,87.56787843344466,1636.0,1308.0,1264.0501600853788
2023-07-28,1370,113134.79999999999,0,114.0875,100.885,2023,7,28,4,3,209,0,0,0,-0.4999999999999997,-0.8660254037844388,-0.433883739117558,-0.9009688679024191,1470.0,1449.0,1310.0,1497.0,1490.2857142857142,73.70145698632028,1636.0,1419.0,1449.0,78.50918613572551,1636.0,1310.0,1442.6,85.73479557574647,1636.0,1308.0,1264.269722814499
2023-07-29,1429,121951.03,1,112.3675,95.86,2023,7,29,5,3,210,1,0,0,-0.4999999999999997,-0.8660254037844388,-0.9749279121818236,-0.2225209339563146,1370.0,1455.0,1446.0,1524.0,1479.0,86.08522908529784,1636.0,1370.0,1453.2857142857142,71.6781573546639,1636.0,1365.0,1438.3666666666666,86.09076338511058,1636.0,1308.0,1264.3823216187434
2023-07-30,1559,132415.04,1,101.69500000000001,101.0675,2023,7,30,6,3,211,1,0,0,-0.4999999999999997,-0.8660254037844388,-0.7818314824680299,0.6234898018587334,1429.0,1636.0,1497.0,1332.0,1475.2857142857142,87.83642806512341,1636.0,1370.0,1452.0714285714287,71.95454151030185,1636.0,1365.0,1435.2,84.56599137095782,1636.0,1308.0,1264.5574468085106
2023-07-31,1411,116621.78,0,114.38999999999999,93.66499999999999,2023,7,31,0,3,212,0,0,1,-0.4999999999999997,-0.8660254037844388,0.0,1.0,1559.0,1538.0,1442.0,1605.0,1464.2857142857142,66.61259712126144,1559.0,1370.0,1456.5,76.68491978921712,1636.0,1365.0,1442.7666666666667,85.16705018246701,1636.0,1308.0,1264.8703506907545
2023-08-01,1324,97701.26000000001,0,110.5075,98.89500000000001,2023,8,1,1,3,213,0,1,0,-0.8660254037844385,-0.5000000000000004,0.7818314824680298,0.6234898018587336,1411.0,1419.0,1370.0,1453.0,1446.142857142857,60.173162820403036,1559.0,1370.0,1454.2857142857142,77.57817751388177,1636.0,1365.0,1436.3,79.60772358994828,1636.0,1308.0,1265.0254777070063
2023-08-02,1379,115720.62,0,114.01750000000001,104.2975,2023,8,2,2,3,214,0,0,0,-0.8660254037844385,-0.5000000000000004,0.9749279121818236,-0.22252093395631434,1324.0,1465.0,1424.0,1360.0,1432.5714285714287,75.9580084495382,1559.0,1324.0,1451.0,82.25569889072551,1636.0,1324.0,1432.0,82.11892133595322,1636.0,1308.0,1265.0880169671261
2023-08-03,1362,121821.45,1,111.77749999999999,96.75999999999999,2023,8,3,3,3,215,0,0,0,-0.8660254037844385,-0.5000000000000004,0.43388373911755823,-0.900968867902419,1379.0,1470.0,1365.0,1579.0,1420.2857142857142,76.78913613638566,1559.0,1324.0,1447.7857142857142,84.24705296962982,1636.0,1324.0,1432.6333333333334,81.61621007574172,1636.0,1308.0,1265.2086864406779
2023-08-04,1486,125853.41,0,110.21499999999999,104.03999999999999,2023,8,4,4,3,216,0,0,0,-0.8660254037844385,-0.5000000000000004,-0.433883739117558,-0.9009688679024191,1362.0,1370.0,1449.0,1418.0,1404.857142857143,75.98120068242963,1559.0,1324.0,1447.5714285714287,84.47731992919319,1636.0,1324.0,1425.4,77.71992155745954,1636.0,1308.0,1265.3111111111111
2023-08-05,1666,158631.01,1,105.9,101.8075,2023,8,5,5,3,217,1,0,0,-0.8660254037844385,-0.5000000000000004,-0.9749279121818236,-0.2225209339563146,1486.0,1429.0,1455.0,1308.0,1421.4285714285713,79.6719464279617,1559.0,1324.0,1450.2142857142858,85.10191046525843,1636.0,1324.0,1427.6666666666667,78.48449586991786,1636.0,1308.0,1265.544397463002
2023-08-06,1482,132252.38,0,112.735,97.465,2023,8,6,6,3,218,1,0,0,-0.8660254037844385,-0.5000000000000004,-0.7818314824680299,0.6234898018587334,1666.0,1559.0,1636.0,1440.0,1455.2857142857142,122.35156215556074,1666.0,1324.0,1465.2857142857142,102.8482291620038,1666.0,1324.0,1439.6,86.47208040550655,1666.0,1310.0,1265.9672650475184
2023-08-07,1603,135293.75999999998,1,105.10499999999999,97.3575,2023,8,7,0,3,219,0,0,0,-0.8660254037844385,-0.5000000000000004,0.0,1.0,1482.0,1411.0,1538.0,1404.0,1444.2857142857142,114.69483319620782,1666.0,1324.0,1454.2857142857142,90.70359892057527,1666.0,1324.0,1441.0,86.8180817016021,1666.0,1310.0,1266.195147679325
2023-08-08,1338,107371.73999999999,0,113.4825,98.14,2023,8,8,1,3,220,0,0,0,-0.8660254037844385,-0.5000000000000004,0.7818314824680298,0.6234898018587336,1603.0,1324.0,1419.0,1347.0,1471.7142857142858,127.63582867637992,1666.0,1324.0,1458.9285714285713,96.7784657275222,1666.0,1324.0,1447.6333333333334,91.37625260553841,1666.0,1310.0,1266.550052687039
2023-08-09,1402,100438.9,1,113.92749999999998,98.6125,2023,8,9,2,3,221,0,0,0,-0.8660254037844385,-0.5000000000000004,0.9749279121818236,-0.22252093395631434,1338.0,1379.0,1465.0,1375.0,1473.7142857142858,125.01828437701779,1666.0,1338.0,1453.142857142857,101.64785149862946,1666.0,1324.0,1447.3333333333333,91.73211874363678,1666.0,1310.0,1266.6252631578948
2023-08-10,1364,107730.82,0,114.97,98.3475,2023,8,10,3,3,222,0,0,0,-0.8660254037844385,-0.5000000000000004,0.43388373911755823,-0.900968867902419,1402.0,1362.0,1470.0,1561.0,1477.0,122.38872497089548,1666.0,1338.0,1448.642857142857,102.47371681247985,1666.0,1324.0,1448.2333333333333,91.1284365827938,1666.0,1310.0,1266.7676130389063
2023-08-11,1414,100994.42,0,114.44999999999999,101.82249999999999,2023,8,11,4,3,223,0,0,0,-0.8660254037844385,-0.5000000000000004,-0.433883739117558,-0.9009688679024191,1364.0,1486.0,1370.0,1450.0,1477.2857142857142,122.07745394587101,1666.0,1338.0,1441.0714285714287,104.66684456717881,1666.0,1324.0,1441.6666666666667,89.81065651129457,1666.0,1310.0,1266.8697478991596
2023-08-12,1490,118102.5,1,111.09,99.53,2023,8,12,5,3,224,1,0,0,-0.8660254037844385,-0.5000000000000004,-0.9749279121818236,-0.2225209339563146,1414.0,1666.0,1429.0,1339.0,1467.0,124.23499238674555,1666.0,1338.0,1444.2142857142858,103.0161888483398,1666.0,1324.0,1440.4666666666667,89.93589032092424,1666.0,1310.0,1267.0241343126968
2023-08-13,1458,126409.34000000001,0,111.45750000000001,102.22,2023,8,13,6,3,225,1,0,0,-0.8660254037844385,-0.5000000000000004,-0.7818314824680299,0.6234898018587334,1490.0,1482.0,1559.0,1310.0,1441.857142857143,90.46993712726157,1603.0,1338.0,1448.5714285714287,103.61148903158536,1666.0,1324.0,1445.5,88.27142701682956,1666.0,1310.0,1267.25786163522
2023-08-14,1534,115503.1,1,113.1225,98.19749999999999,2023,8,14,0,3,226,0,0,0,-0.8660254037844385,-0.5000000000000004,0.0,1.0,1458.0,1603.0,1411.0,1446.0,1438.4285714285713,89.14007169030931,1603.0,1338.0,1441.357142857143,98.73243340764486,1666.0,1324.0,1450.4333333333334,84.49226993140981,1666.0,1324.0,1267.4575916230367
2023-08-15,1383,111824.15999999999,0,113.0725,101.41,2023,8,15,1,3,227,0,0,0,-0.8660254037844385,-0.5000000000000004,0.7818314824680298,0.6234898018587336,1534.0,1338.0,1324.0,1497.0,1428.5714285714287,69.57695294386919,1534.0,1338.0,1450.142857142857,101.26344707883196,1666.0,1324.0,1453.3666666666666,85.84970159743794,1666.0,1324.0,1267.73640167364
2023-08-16,1352,124942.15,0,113.465,100.38,2023,8,16,2,3,228,0,0,0,-0.8660254037844385,-0.5000000000000004,0.9749279121818236,-0.22252093395631434,1383.0,1402.0,1379.0,1442.0,1435.0,61.413896364485254,1534.0,1364.0,1454.357142857143,96.73644380708484,1666.0,1338.0,1449.5666666666666,86.37316127424675,1666.0,1324.0,1267.8568443051201
2023-08-17,1221,101382.7,0,111.6375,101.5375,2023,8,17,3,3,229,0,0,0,-0.8660254037844385,-0.5000000000000004,0.43388373911755823,-0.900968867902419,1352.0,1364.0,1362.0,1370.0,1427.857142857143,68.4018239801434,1534.0,1352.0,1452.4285714285713,98.60544085918725,1666.0,1338.0,1446.5666666666666,88.18893641352297,1666.0,1324.0,1267.9446764091858
2023-08-18,1463,132828.0,1,107.175,100.99,2023,8,18,4,3,230,0,0,0,-0.8660254037844385,-0.5000000000000004,-0.433883739117558,-0.9009688679024191,1221.0,1414.0,1486.0,1424.0,1407.4285714285713,103.16953223191999,1534.0,1221.0,1442.357142857143,114.47580002433013,1666.0,1221.0,1441.6,96.45781640089525,1666.0,1221.0,1267.895724713243
2023-08-19,1461,110247.32,0,111.97999999999999,99.975,2023,8,19,5,3,231,1,0,0,-0.8660254037844385,-0.5000000000000004,-0.9749279121818236,-0.2225209339563146,1463.0,1490.0,1666.0,1365.0,1414.4285714285713,105.32941523756115,1534.0,1221.0,1440.7142857142858,113.96519615245504,1666.0,1221.0,1442.9,96.4752424915032,1666.0,1221.0,1268.0989583333333
2023-08-20,1572,136351.85,0,112.0625,95.63,2023,8,20,6,3,232,1,0,0,-0.8660254037844385,-0.5000000000000004,-0.7818314824680299,0.6234898018587334,1461.0,1458.0,1482.0,1449.0,1410.2857142857142,102.39094081951579,1534.0,1221.0,1426.0714285714287,94.25861665221021,1603.0,1221.0,1446.1,95.38826285060672,1666.0,1221.0,1268.299687825182
2023-08-21,1342,107570.07999999999,0,111.57750000000001,96.03999999999999,2023,8,21,0,3,233,0,0,0,-0.8660254037844385,-0.5000000000000004,0.0,1.0,1572.0,1534.0,1603.0,1455.0,1426.5714285714287,118.96898355294135,1572.0,1221.0,1432.5,101.1812919771012,1603.0,1221.0,1450.2,98.12145886428958,1666.0,1221.0,1268.6153846153845
2023-08-22,1519,118327.41,1,110.1925,98.4475,2023,8,22,1,3,234,0,0,0,-0.8660254037844385,-0.5000000000000004,0.7818314824680298,0.6234898018587336,1342.0,1383.0,1338.0,1636.0,1399.142857142857,112.00212583016852,1572.0,1221.0,1413.857142857143,90.86918504757374,1572.0,1221.0,1446.4333333333334,100.0802034692079,1666.0,1221.0,1268.6915887850466
2023-08-23,1321,108869.02,0,114.8175,100.53,2023,8,23,2,3,235,0,0,0,-0.8660254037844385,-0.5000000000000004,0.9749279121818236,-0.22252093395631434,1519.0,1352.0,1402.0,1538.0,1418.5714285714287,120.22875022619708,1572.0,1221.0,1426.7857142857142,92.11379130972769,1572.0,1221.0,1442.5333333333333,94.56606278092738,1666.0,1221.0,1268.951244813278
2023-08-24,1327,105428.32,0,113.3525,98.17,2023,8,24,3,3,236,0,0,0,-0.8660254037844385,-0.5000000000000004,0.43388373911755823,-0.900968867902419,1321.0,1221.0,1364.0,1419.0,1414.142857142857,123.61287496512537,1572.0,1221.0,1421.0,96.24168295734964,1572.0,1221.0,1435.3,95.30826573410391,1666.0,1221.0,1269.0051813471503
2023-08-25,1334,105988.6,0,111.78500000000001,98.3675,2023,8,25,4,3,237,0,0,0,-0.8660254037844385,-0.5000000000000004,-0.433883739117558,-0.9009688679024191,1327.0,1463.0,1414.0,1465.0,1429.2857142857142,100.30406154242095,1572.0,1321.0,1418.357142857143,98.41091804881323,1572.0,1221.0,1432.2333333333333,97.3099149122588,1666.0,1221.0,1269.0652173913043
2023-08-26,1392,125280.23999999999,0,114.4875,97.6725,2023,8,26,5,3,238,1,0,0,-0.8660254037844385,-0.5000000000000004,-0.9749279121818236,-0.2225209339563146,1334.0,1461.0,1490.0,1470.0,1410.857142857143,104.82593281472393,1572.0,1321.0,1412.642857142857,100.9726597747104,1572.0,1221.0,1427.8666666666666,98.71789598906004,1666.0,1221.0,1269.132368148914
2023-08-27,1406,132506.12,0,114.64000000000001,103.8625,2023,8,27,6,3,239,1,0,0,-0.8660254037844385,-0.5000000000000004,-0.7818314824680299,0.6234898018587334,1392.0,1572.0,1458.0,1370.0,1401.0,102.5442993702432,1572.0,1321.0,1405.642857142857,98.56556360956735,1572.0,1221.0,1425.2666666666667,98.59703196671178,1666.0,1221.0,1269.2592975206612
2023-08-28,1344,122547.82999999999,0,114.785,101.2775,2023,8,28,0,3,240,0,0,0,-0.8660254037844385,-0.5000000000000004,0.0,1.0,1406.0,1342.0,1534.0,1429.0,1377.2857142857142,70.63925793710783,1519.0,1321.0,1401.9285714285713,97.41383907822005,1572.0,1221.0,1426.4666666666667,98.11911597411255,1666.0,1221.0,1269.4004127966975
2023-08-29,1339,114783.68,0,114.03999999999999,100.0575,2023,8,29,1,3,241,0,0,0,-0.8660254037844385,-0.5000000000000004,0.7818314824680298,0.6234898018587336,1344.0,1519.0,1383.0,1559.0,1377.5714285714287,70.47660875037101,1519.0,1321.0,1388.357142857143,90.59513244087239,1572.0,1221.0,1423.6333333333334,99.26400998429396,1666.0,1221.0,1269.477319587629
2023-08-30,1338,121301.71,0,115.7825,95.4825,2023,8,30,2,3,242,0,0,0,-0.8660254037844385,-0.5000000000000004,0.9749279121818236,-0.22252093395631434,1339.0,1321.0,1352.0,1411.0,1351.857142857143,33.313803802774416,1406.0,1321.0,1385.2142857142858,91.5534132216196,1572.0,1221.0,1416.3,97.01978113269232,1666.0,1221.0,1269.5489186405766
2023-08-31,1498,120348.68,1,113.1275,103.73,2023,8,31,3,3,243,0,0,1,-0.8660254037844385,-0.5000000000000004,0.43388373911755823,-0.900968867902419,1338.0,1327.0,1221.0,1324.0,1354.2857142857142,31.24480909268521,1406.0,1327.0,1384.2142857142858,92.01937803564577,1572.0,1221.0,1413.8666666666666,98.06708939797043,1666.0,1221.0,1269.619341563786
2023-09-01,1378,119972.65,1,111.475,98.82000000000001,2023,9,1,4,3,244,0,1,0,-1.0,-1.8369701987210297e-16,-0.433883739117558,-0.9009688679024191,1498.0,1334.0,1463.0,1379.0,1378.7142857142858,59.98531566340708,1498.0,1334.0,1404.0,83.62277937721608,1572.0,1321.0,1419.6666666666667,97.71363273867965,1666.0,1221.0,1269.8540596094554
2023-09-02,1480,120346.68,0,110.92500000000001,101.84,2023,9,2,5,3,245,1,0,0,-1.0,-1.8369701987210297e-16,-0.9749279121818236,-0.2225209339563146,1378.0,1392.0,1461.0,1362.0,1385.0,56.73623181002204,1498.0,1338.0,1397.9285714285713,82.08107088606647,1572.0,1321.0,1419.6333333333334,97.7281533337454,1666.0,1221.0,1269.965092402464
2023-09-03,1497,127353.27,1,113.4625,100.88,2023,9,3,6,3,246,1,0,0,-1.0,-1.8369701987210297e-16,-0.7818314824680299,0.6234898018587334,1480.0,1406.0,1572.0,1486.0,1397.5714285714287,67.30987332939895,1498.0,1338.0,1399.2857142857142,83.35136801187987,1572.0,1321.0,1423.5666666666666,97.70316880942701,1666.0,1221.0,1270.1805128205128
2023-09-04,1414,127442.14,0,114.61749999999999,101.3475,2023,9,4,0,3,247,0,0,0,-1.0,-1.8369701987210297e-16,0.0,1.0,1497.0,1344.0,1342.0,1666.0,1410.5714285714287,77.2611526854637,1498.0,1338.0,1393.9285714285713,73.18728797325636,1519.0,1321.0,1423.9333333333334,97.96583969490351,1666.0,1221.0,1270.4129098360656
2023-09-05,1452,112598.76,1,111.88,101.435,2023,9,5,1,3,248,0,0,0,-1.0,-1.8369701987210297e-16,0.7818314824680298,0.6234898018587336,1414.0,1339.0,1519.0,1482.0,1420.5714285714287,71.5258860899556,1498.0,1338.0,1399.0714285714287,71.7736444940434,1519.0,1321.0,1415.5333333333333,86.64383430452244,1603.0,1221.0,1270.5598771750256
2023-09-06,1387,125417.97,0,112.705,99.62,2023,9,6,2,3,249,0,0,0,-1.0,-1.8369701987210297e-16,0.9749279121818236,-0.22252093395631434,1452.0,1338.0,1321.0,1603.0,1436.7142857142858,62.189801644421735,1498.0,1338.0,1394.2857142857142,65.08388500937329,1498.0,1321.0,1414.5333333333333,86.02114148051176,1603.0,1221.0,1270.7453987730062
2023-09-07,1543,117939.40999999999,1,110.68249999999999,96.6275,2023,9,7,3,3,250,0,0,0,-1.0,-1.8369701987210297e-16,0.43388373911755823,-0.900968867902419,1387.0,1498.0,1327.0,1338.0,1443.7142857142858,50.97291531038086,1498.0,1378.0,1399.0,61.66784475660193,1498.0,1327.0,1407.3333333333333,78.40493181767525,1572.0,1221.0,1270.8641470888663
2023-09-08,1412,133164.4,1,104.51999999999998,97.2125,2023,9,8,4,3,251,0,0,0,-1.0,-1.8369701987210297e-16,-0.433883739117558,-0.9009688679024191,1543.0,1378.0,1334.0,1402.0,1450.142857142857,60.84249767893123,1543.0,1378.0,1414.4285714285713,68.86856409771111,1543.0,1334.0,1414.1666666666667,81.0428083275143,1572.0,1221.0,1271.141836734694
2023-09-09,1468,105442.64,1,114.16499999999999,101.86749999999999,2023,9,9,5,3,252,1,0,0,-1.0,-1.8369701987210297e-16,-0.9749279121818236,-0.2225209339563146,1412.0,1480.0,1392.0,1364.0,1455.0,55.22076903968843,1543.0,1387.0,1420.0,64.90229342873154,1543.0,1338.0,1414.5,81.01159985055136,1572.0,1221.0,1271.2854230377166
2023-09-10,1417,105766.92000000001,0,114.69999999999999,100.80250000000001,2023,9,10,6,3,253,1,0,0,-1.0,-1.8369701987210297e-16,-0.7818314824680299,0.6234898018587334,1468.0,1497.0,1406.0,1414.0,1453.2857142857142,54.49683258599553,1543.0,1387.0,1425.4285714285713,65.55527824283897,1543.0,1338.0,1417.9666666666667,81.00127003404016,1572.0,1221.0,1271.4857433808554
2023-09-11,1409,106479.70999999999,1,114.2625,102.2125,2023,9,11,0,3,254,0,0,0,-1.0,-1.8369701987210297e-16,0.0,1.0,1417.0,1414.0,1344.0,1490.0,1441.857142857143,52.13900833807004,1543.0,1387.0,1426.2142857142858,65.37016323797717,1543.0,1338.0,1418.0666666666666,80.99805588699225,1572.0,1221.0,1271.6337741607324
2023-09-12,1559,141459.63,1,106.88749999999999,102.0675,2023,9,12,1,3,255,0,0,0,-1.0,-1.8369701987210297e-16,0.7818314824680298,0.6234898018587336,1409.0,1452.0,1339.0,1458.0,1441.142857142857,52.61631106869171,1543.0,1387.0,1430.857142857143,61.26092636340626,1543.0,1338.0,1415.3666666666666,79.85956783450358,1572.0,1221.0,1271.77337398374
2023-09-13,1366,111698.33999999998,0,110.965,97.58,2023,9,13,2,3,256,0,0,0,-1.0,-1.8369701987210297e-16,0.9749279121818236,-0.22252093395631434,1559.0,1387.0,1338.0,1534.0,1456.4285714285713,69.21911379299081,1559.0,1387.0,1446.5714285714287,64.03930798372755,1559.0,1338.0,1418.7333333333333,83.752893242191,1572.0,1221.0,1272.0649746192894
2023-09-14,1509,135475.19,1,101.84,102.03,2023,9,14,3,3,257,0,0,0,-1.0,-1.8369701987210297e-16,0.43388373911755823,-0.900968867902419,1366.0,1543.0,1498.0,1383.0,1453.4285714285713,73.07725853018145,1559.0,1366.0,1448.5714285714287,60.73994286581462,1559.0,1366.0,1413.1333333333334,81.36242178156901,1572.0,1221.0,1272.1602434077079
2023-09-15,1509,144892.42,1,106.05250000000001,100.2,2023,9,15,4,3,258,0,0,0,-1.0,-1.8369701987210297e-16,-0.433883739117558,-0.9009688679024191,1509.0,1412.0,1378.0,1352.0,1448.5714285714287,67.00959419580848,1559.0,1366.0,1449.357142857143,61.494974332327686,1559.0,1366.0,1417.3333333333333,82.98912821749545,1572.0,1221.0,1272.4002026342453
2023-09-16,1343,122518.93,0,112.8325,99.22,2023,9,16,5,3,259,1,0,0,-1.0,-1.8369701987210297e-16,-0.9749279121818236,-0.2225209339563146,1509.0,1468.0,1480.0,1221.0,1462.4285714285713,68.20522253430259,1559.0,1366.0,1458.7142857142858,59.74359131570993,1559.0,1366.0,1422.5666666666666,83.67452680943406,1572.0,1221.0,1272.6396761133603
2023-09-17,1463,113308.89,1,109.0525,97.5825,2023,9,17,6,3,260,1,0,0,-1.0,-1.8369701987210297e-16,-0.7818314824680299,0.6234898018587334,1343.0,1417.0,1497.0,1463.0,1444.5714285714287,81.55950208868096,1559.0,1343.0,1448.9285714285713,66.79298015363565,1559.0,1343.0,1426.6333333333334,76.16836311902078,1572.0,1321.0,1272.7108190091
2023-09-18,1275,91493.97,0,112.36500000000001,95.3675,2023,9,18,0,3,261,0,0,0,-1.0,-1.8369701987210297e-16,0.0,1.0,1463.0,1409.0,1414.0,1461.0,1451.142857142857,80.81754877795683,1559.0,1343.0,1446.5,65.51658627343784,1559.0,1343.0,1426.6333333333334,76.16836311902078,1572.0,1321.0,1272.9030303030304
2023-09-19,1367,104265.3,0,109.75,103.16,2023,9,19,1,3,262,0,0,0,-1.0,-1.8369701987210297e-16,0.7818314824680298,0.6234898018587336,1275.0,1559.0,1452.0,1572.0,1432.0,104.7807234180078,1559.0,1275.0,1436.5714285714287,79.79658204143928,1559.0,1275.0,1420.4333333333334,80.70921980121364,1572.0,1275.0,1272.9051463168516
2023-09-20,1314,111764.90000000001,0,113.44,95.6075,2023,9,20,2,3,263,0,0,0,-1.0,-1.8369701987210297e-16,0.9749279121818236,-0.22252093395631434,1367.0,1366.0,1387.0,1342.0,1404.5714285714287,90.09598056676269,1509.0,1275.0,1430.5,81.74232497494351,1559.0,1275.0,1413.6,75.97349810160203,1559.0,1275.0,1273.0
2023-09-21,1315,117032.79,0,113.84499999999998,100.08250000000001,2023,9,21,3,3,264,0,0,0,-1.0,-1.8369701987210297e-16,0.43388373911755823,-0.900968867902419,1314.0,1509.0,1543.0,1519.0,1397.142857142857,95.77130497776223,1509.0,1275.0,1425.2857142857142,86.89642691728206,1559.0,1275.0,1412.6666666666667,77.04782810756558,1559.0,1275.0,1273.041289023162
2023-09-22,1700,147012.74,1,102.19749999999999,98.82000000000001,2023,9,22,4,3,265,0,0,0,-1.0,-1.8369701987210297e-16,-0.433883739117558,-0.9009688679024191,1315.0,1509.0,1412.0,1321.0,1369.4285714285713,85.5294435518325,1509.0,1275.0,1409.0,84.4693845311915,1559.0,1275.0,1405.8666666666666,76.33850808139312,1559.0,1275.0,1273.0835010060362
2023-09-23,1397,117164.06,0,108.8175,101.46,2023,9,23,5,3,266,1,0,0,-1.0,-1.8369701987210297e-16,-0.9749279121818236,-0.2225209339563146,1700.0,1343.0,1468.0,1327.0,1396.7142857142858,146.3314893039275,1700.0,1275.0,1429.5714285714287,114.85891967354122,1700.0,1275.0,1418.5,91.63712167547921,1700.0,1275.0,1273.5125628140704
2023-09-24,1539,125053.6,1,108.81,101.685,2023,9,24,6,3,267,1,0,0,-1.0,-1.8369701987210297e-16,-0.7818314824680299,0.6234898018587334,1397.0,1463.0,1417.0,1334.0,1404.4285714285713,144.4389803606347,1700.0,1275.0,1424.5,114.59879849015056,1700.0,1275.0,1420.8333333333333,90.10533427255513,1700.0,1275.0,1273.636546184739
2023-09-25,1232,100583.38,0,111.02,101.0625,2023,9,25,0,3,268,0,0,0,-1.0,-1.8369701987210297e-16,0.0,1.0,1539.0,1275.0,1409.0,1392.0,1415.2857142857142,152.2221121538271,1700.0,1275.0,1433.2142857142858,118.5548743905532,1700.0,1275.0,1427.6666666666667,91.06130308501719,1700.0,1275.0,1273.902708124373
2023-09-26,1364,111023.87,1,109.39,104.4725,2023,9,26,1,3,269,0,0,0,-1.0,-1.8369701987210297e-16,0.7818314824680298,0.6234898018587336,1232.0,1367.0,1559.0,1406.0,1409.142857142857,159.5195166444439,1700.0,1232.0,1420.5714285714287,130.20145000121565,1700.0,1232.0,1422.3333333333333,97.66809853409382,1700.0,1232.0,1273.8607214428857
2023-09-27,1460,113872.18,1,111.2675,100.4225,2023,9,27,2,3,270,0,0,0,-1.0,-1.8369701987210297e-16,0.9749279121818236,-0.22252093395631434,1364.0,1314.0,1366.0,1344.0,1408.7142857142858,159.65558168102228,1700.0,1232.0,1406.642857142857,124.56175925272252,1700.0,1232.0,1420.9333333333334,98.20981527369368,1700.0,1232.0,1273.950950950951
2023-09-28,1376,121344.38,0,113.92500000000001,100.8625,2023,9,28,3,3,271,0,0,0,-1.0,-1.8369701987210297e-16,0.43388373911755823,-0.900968867902419,1460.0,1315.0,1509.0,1339.0,1429.5714285714287,154.6790840663989,1700.0,1232.0,1413.357142857143,124.73578669939869,1700.0,1232.0,1424.8,97.35622467392484,1700.0,1232.0,1274.137
2023-09-29,1265,95968.17,0,112.08250000000001,97.96000000000001,2023,9,29,4,3,272,0,0,0,-1.0,-1.8369701987210297e-16,-0.433883739117558,-0.9009688679024191,1376.0,1700.0,1509.0,1338.0,1438.2857142857142,148.75339131788752,1700.0,1232.0,1403.857142857143,121.92422435069166,1700.0,1232.0,1426.0333333333333,96.4620644868157,1700.0,1232.0,1274.2387612387613
2023-09-30,1462,118453.67000000001,0,113.67500000000001,101.06,2023,9,30,5,3,273,1,0,1,-1.0,-1.8369701987210297e-16,-0.9749279121818236,-0.2225209339563146,1265.0,1397.0,1343.0,1498.0,1376.142857142857,105.8826844065796,1539.0,1232.0,1386.4285714285713,123.17137172731314,1700.0,1232.0,1423.6,99.62813617268208,1700.0,1232.0,1274.2295409181636
2023-10-01,1432,115106.63,1,112.1275,101.4,2023,10,1,6,4,274,1,1,0,-0.8660254037844386,0.5000000000000001,-0.7818314824680299,0.6234898018587334,1462.0,1539.0,1463.0,1378.0,1385.4285714285713,110.75476986396399,1539.0,1232.0,1394.9285714285713,124.04680523943821,1700.0,1232.0,1422.4,98.91535915045328,1700.0,1232.0,1274.4167497507478
2023-10-02,1223,106374.63,0,113.16999999999999,103.1925,2023,10,2,0,4,275,0,0,0,-0.8660254037844386,0.5000000000000001,0.0,1.0,1432.0,1232.0,1275.0,1480.0,1370.142857142857,91.78676115764156,1462.0,1232.0,1392.7142857142858,123.01058651841961,1700.0,1232.0,1424.2,98.57026200495385,1700.0,1232.0,1274.5737051792828
2023-10-03,1268,102021.42,0,112.44250000000001,102.695,2023,10,3,1,4,276,0,0,0,-0.8660254037844386,0.5000000000000001,0.7818314824680298,0.6234898018587336,1223.0,1364.0,1367.0,1497.0,1368.857142857143,94.0787410832539,1462.0,1223.0,1389.0,127.54003896213418,1700.0,1223.0,1415.6333333333334,104.54053275407956,1700.0,1223.0,1274.5223880597016
2023-10-04,1341,115475.26000000001,0,111.7925,104.5925,2023,10,4,2,4,277,0,0,0,-0.8660254037844386,0.5000000000000001,0.9749279121818236,-0.22252093395631434,1268.0,1460.0,1314.0,1414.0,1355.142857142857,101.6012279640841,1462.0,1223.0,1381.9285714285713,131.5355841212217,1700.0,1223.0,1408.0,106.73202020917623,1700.0,1223.0,1274.5159045725645
2023-10-05,1534,116714.84000000001,1,108.53,98.44,2023,10,5,3,4,278,0,0,0,-0.8660254037844386,0.5000000000000001,0.43388373911755823,-0.900968867902419,1341.0,1376.0,1315.0,1452.0,1338.142857142857,90.47914782134212,1462.0,1223.0,1383.857142857143,130.65801346843446,1700.0,1223.0,1405.5666666666666,107.42043834724187,1700.0,1223.0,1274.5819265143991
2023-10-06,1217,107306.23999999999,0,115.9075,101.94749999999999,2023,10,6,4,4,279,0,0,0,-0.8660254037844386,0.5000000000000001,-0.433883739117558,-0.9009688679024191,1534.0,1265.0,1700.0,1387.0,1360.7142857142858,117.24577360643642,1534.0,1223.0,1399.5,134.8233887493094,1700.0,1223.0,1408.3,109.66253878966178,1700.0,1223.0,1274.8392857142858
2023-10-07,1536,117778.63,1,108.70499999999998,102.7175,2023,10,7,5,4,280,1,0,0,-0.8660254037844386,0.5000000000000001,-0.9749279121818236,-0.2225209339563146,1217.0,1462.0,1397.0,1543.0,1353.857142857143,124.928551008739,1534.0,1217.0,1365.0,111.85430083544203,1539.0,1217.0,1402.6333333333334,115.06054877784302,1700.0,1217.0,1274.7819623389494
2023-10-08,1460,111300.09,1,111.4375,96.28,2023,10,8,6,4,281,1,0,0,-0.8660254037844386,0.5000000000000001,-0.7818314824680299,0.6234898018587334,1536.0,1432.0,1539.0,1412.0,1364.4285714285713,138.0469209397759,1536.0,1217.0,1374.9285714285713,120.73012770748144,1539.0,1217.0,1402.4,114.77281908187548,1700.0,1217.0,1275.040594059406
2023-10-09,1308,107536.18,0,113.075,101.77000000000001,2023,10,9,0,4,282,0,0,0,-0.8660254037844386,0.5000000000000001,0.0,1.0,1460.0,1223.0,1232.0,1468.0,1368.4285714285713,140.71111913285122,1536.0,1217.0,1369.2857142857142,114.1378576522774,1536.0,1217.0,1404.0,115.24486674184564,1700.0,1217.0,1275.2235410484668
2023-10-10,1375,104910.95999999999,0,114.1625,103.8925,2023,10,10,1,4,283,0,0,0,-0.8660254037844386,0.5000000000000001,0.7818314824680298,0.6234898018587336,1308.0,1268.0,1364.0,1417.0,1380.5714285714287,129.27213819801327,1536.0,1217.0,1374.7142857142858,108.7880285915514,1536.0,1217.0,1398.6666666666667,115.88142969055622,1700.0,1217.0,1275.255928853755
2023-10-11,1526,122276.05,1,108.1775,97.855,2023,10,11,2,4,284,0,0,0,-0.8660254037844386,0.5000000000000001,0.9749279121818236,-0.22252093395631434,1375.0,1341.0,1460.0,1409.0,1395.857142857143,119.7155358498228,1536.0,1217.0,1375.5,108.74440746009518,1536.0,1217.0,1397.2666666666667,115.9060063105077,1700.0,1217.0,1275.354392892399
2023-10-12,1476,125481.46,1,111.53750000000001,101.21000000000001,2023,10,12,3,4,285,0,0,0,-0.8660254037844386,0.5000000000000001,0.43388373911755823,-0.900968867902419,1526.0,1534.0,1376.0,1559.0,1422.2857142857142,125.85006195961547,1536.0,1217.0,1380.2142857142858,113.99337266258114,1536.0,1217.0,1401.1666666666667,118.25894537378748,1700.0,1217.0,1275.6015779092702
2023-10-13,1348,111390.72,1,111.885,102.3225,2023,10,13,4,4,286,0,0,0,-0.8660254037844386,0.5000000000000001,-0.433883739117558,-0.9009688679024191,1476.0,1217.0,1265.0,1366.0,1414.0,118.99159634193028,1536.0,1217.0,1387.357142857143,116.80727528900209,1536.0,1217.0,1398.4,115.37483141542968,1700.0,1217.0,1275.799014778325
2023-10-14,1487,120943.93,0,113.26750000000001,98.78,2023,10,14,5,4,287,1,0,0,-0.8660254037844386,0.5000000000000001,-0.9749279121818236,-0.2225209339563146,1348.0,1536.0,1462.0,1509.0,1432.7142857142858,89.48875960275211,1536.0,1308.0,1393.2857142857142,112.13208459493477,1536.0,1217.0,1397.8,115.59572835444217,1700.0,1217.0,1275.8700787401574
2023-10-15,1477,136692.17,1,104.95499999999998,98.595,2023,10,15,6,4,288,1,0,0,-0.8660254037844386,0.5000000000000001,-0.7818314824680299,0.6234898018587334,1487.0,1460.0,1432.0,1509.0,1425.7142857142858,81.63478483611682,1526.0,1308.0,1395.0714285714287,113.50124654396618,1536.0,1217.0,1397.0666666666666,114.93384403972576,1700.0,1217.0,1276.0776794493609
2023-10-16,1240,89607.23999999999,0,115.8025,99.32,2023,10,16,0,4,289,0,0,0,-0.8660254037844386,0.5000000000000001,0.0,1.0,1477.0,1308.0,1223.0,1343.0,1428.142857142857,83.06509208934004,1526.0,1308.0,1398.2857142857142,115.25118292163609,1536.0,1217.0,1396.0,114.00393217659207,1700.0,1217.0,1276.2750491159136
2023-10-17,1517,129909.03000000001,1,105.745,98.7025,2023,10,17,1,4,290,0,0,0,-0.8660254037844386,0.5000000000000001,0.7818314824680298,0.6234898018587336,1240.0,1375.0,1268.0,1463.0,1418.4285714285713,101.40818037821192,1526.0,1240.0,1399.5,113.33595396669024,1536.0,1217.0,1392.5666666666666,117.16233457762354,1700.0,1217.0,1276.2394504416095
2023-10-18,1298,112580.28,0,112.95499999999998,99.2475,2023,10,18,2,4,291,0,0,0,-0.8660254037844386,0.5000000000000001,0.9749279121818236,-0.22252093395631434,1517.0,1526.0,1341.0,1275.0,1438.7142857142858,105.39720787844693,1526.0,1240.0,1417.2857142857142,110.61744790141022,1536.0,1217.0,1394.3666666666666,118.68662979440808,1700.0,1217.0,1276.4754901960785
2023-10-19,1347,106451.01000000001,1,111.145,103.02,2023,10,19,3,4,292,0,0,0,-0.8660254037844386,0.5000000000000001,0.43388373911755823,-0.900968867902419,1298.0,1476.0,1534.0,1367.0,1406.142857142857,109.09235929772373,1517.0,1240.0,1414.2142857142858,113.45902586155033,1536.0,1217.0,1395.1333333333334,117.96104948415456,1700.0,1217.0,1276.4965719882468
2023-10-20,1231,89864.48,0,111.88250000000001,96.76,2023,10,20,4,4,293,0,0,0,-0.8660254037844386,0.5000000000000001,-0.433883739117558,-0.9009688679024191,1347.0,1348.0,1217.0,1314.0,1387.7142857142858,106.1817848247619,1517.0,1240.0,1400.857142857143,109.19978666002366,1536.0,1217.0,1394.4666666666667,118.18183924122029,1700.0,1217.0,1276.5655577299412
2023-10-21,1399,113101.15,0,112.165,107.22,2023,10,21,5,4,294,1,0,0,-0.8660254037844386,0.5000000000000001,-0.9749279121818236,-0.2225209339563146,1231.0,1487.0,1536.0,1315.0,1371.0,121.56891049935608,1517.0,1231.0,1401.857142857143,107.43646218390984,1536.0,1231.0,1391.7,121.06685243542726,1700.0,1217.0,1276.5210166177908
2023-10-22,1374,121458.56,0,112.36,101.4625,2023,10,22,6,4,295,1,0,0,-0.8660254037844386,0.5000000000000001,-0.7818314824680299,0.6234898018587334,1399.0,1477.0,1460.0,1700.0,1358.4285714285713,111.72564185369166,1517.0,1231.0,1392.0714285714287,100.27919815404776,1526.0,1231.0,1394.5,120.20004876928621,1700.0,1217.0,1276.640625
2023-10-23,1316,98226.33,1,110.02749999999999,93.985,2023,10,23,0,4,296,0,0,0,-0.8660254037844386,0.5000000000000001,0.0,1.0,1374.0,1240.0,1308.0,1397.0,1343.7142857142858,99.63552627069467,1517.0,1231.0,1385.9285714285713,98.4147145703181,1526.0,1231.0,1383.6333333333334,105.46137823322498,1539.0,1217.0,1276.7356097560976
2023-10-24,1487,99712.94,1,110.98750000000001,100.3575,2023,10,24,1,4,297,0,0,0,-0.8660254037844386,0.5000000000000001,0.7818314824680298,0.6234898018587336,1316.0,1517.0,1375.0,1539.0,1354.5714285714287,90.13851774326376,1517.0,1231.0,1386.5,97.94955530586408,1526.0,1231.0,1380.9333333333334,106.14204319370376,1539.0,1217.0,1276.7738791423003
2023-10-25,1228,105420.42,0,112.935,99.5775,2023,10,25,2,4,298,0,0,0,-0.8660254037844386,0.5000000000000001,0.9749279121818236,-0.22252093395631434,1487.0,1298.0,1526.0,1232.0,1350.2857142857142,81.42013323029107,1487.0,1231.0,1394.5,101.4493052635786,1526.0,1231.0,1379.2,103.8720698578422,1536.0,1217.0,1276.9785783836417
2023-10-26,1255,103890.37,0,111.57500000000002,99.25,2023,10,26,3,4,299,0,0,0,-0.8660254037844386,0.5000000000000001,0.43388373911755823,-0.900968867902419,1228.0,1347.0,1476.0,1364.0,1340.2857142857142,92.46209004364036,1487.0,1228.0,1373.2142857142858,102.98706309452747,1517.0,1228.0,1379.0666666666666,104.06991460762089,1536.0,1217.0,1276.93093385214
2023-10-27,1255,103245.52,0,110.61999999999999,97.42750000000001,2023,10,27,4,4,300,0,0,0,-0.8660254037844386,0.5000000000000001,-0.433883739117558,-0.9009688679024191,1255.0,1231.0,1348.0,1460.0,1327.142857142857,97.73676989995234,1487.0,1228.0,1357.4285714285713,102.95758221842922,1517.0,1228.0,1375.4333333333334,106.48868592430723,1536.0,1217.0,1276.9096209912536
2023-10-28,1325,110620.38,0,114.58250000000001,102.08500000000001,2023,10,28,5,4,301,1,0,0,-0.8660254037844386,0.5000000000000001,-0.9749279121818236,-0.2225209339563146,1255.0,1399.0,1487.0,1376.0,1330.5714285714287,94.15741631767048,1487.0,1228.0,1350.7857142857142,106.55022547818172,1517.0,1228.0,1368.6,107.44801469580348,1536.0,1217.0,1276.888349514563
2023-10-29,1417,120185.31999999999,0,114.67,98.7025,2023,10,29,6,4,302,1,0,0,-0.8660254037844386,0.5000000000000001,-0.7818314824680299,0.6234898018587334,1325.0,1374.0,1477.0,1265.0,1320.0,89.21883209278171,1487.0,1228.0,1339.2142857142858,99.15968362768999,1517.0,1228.0,1366.9,107.72997853830053,1536.0,1217.0,1276.9350145489816
2023-10-30,1361,124531.73999999999,1,103.77250000000001,98.52000000000001,2023,10,30,0,4,303,0,0,0,-0.8660254037844386,0.5000000000000001,0.0,1.0,1417.0,1316.0,1240.0,1462.0,1326.142857142857,94.85854129778136,1487.0,1228.0,1334.9285714285713,93.90376766891868,1517.0,1228.0,1371.9666666666667,106.33761566702438,1536.0,1217.0,1277.0707364341085
2023-10-31,1303,108407.54000000001,0,113.05,99.73,2023,10,31,1,4,304,0,0,1,-0.8660254037844386,0.5000000000000001,0.7818314824680298,0.6234898018587336,1361.0,1487.0,1517.0,1432.0,1332.5714285714287,95.57868859890164,1487.0,1228.0,1343.5714285714287,89.98095036490882,1517.0,1228.0,1368.6,104.97901268086356,1536.0,1217.0,1277.1519845111327
2023-11-01,1515,137920.27000000002,1,105.535,104.71000000000001,2023,11,1,2,4,305,0,1,0,-0.5000000000000004,0.8660254037844384,0.9749279121818236,-0.22252093395631434,1303.0,1228.0,1298.0,1223.0,1306.2857142857142,67.08381395864382,1417.0,1228.0,1328.2857142857142,75.21909390515614,1487.0,1228.0,1364.3,104.9345115971792,1536.0,1217.0,1277.1769825918761
2023-11-02,1496,129372.75,0,113.7075,103.485,2023,11,2,3,4,306,0,0,0,-0.5000000000000004,0.8660254037844384,0.43388373911755823,-0.900968867902419,1515.0,1255.0,1347.0,1268.0,1347.2857142857142,93.69047316512496,1515.0,1255.0,1343.7857142857142,89.50047577994164,1515.0,1228.0,1374.0333333333333,104.91851791890471,1536.0,1217.0,1277.4067632850242
2023-11-03,1576,152066.22,1,105.955,100.1325,2023,11,3,4,4,307,0,0,0,-0.5000000000000004,0.8660254037844384,-0.433883739117558,-0.9009688679024191,1496.0,1255.0,1231.0,1341.0,1381.7142857142858,98.29329289718605,1515.0,1255.0,1354.4285714285713,98.33515240138215,1515.0,1228.0,1381.6333333333334,105.23028387151152,1536.0,1217.0,1277.6177606177607
2023-11-04,1630,147055.87,1,105.32249999999999,97.8075,2023,11,4,5,4,308,1,0,0,-0.5000000000000004,0.8660254037844384,-0.9749279121818236,-0.2225209339563146,1576.0,1325.0,1399.0,1534.0,1427.5714285714287,104.03502157584597,1576.0,1303.0,1379.0714285714287,107.79786232054981,1576.0,1228.0,1389.4666666666667,110.70549104325056,1576.0,1217.0,1277.9054966248796
2023-11-05,1653,150525.6,1,103.1725,100.22,2023,11,5,6,4,309,1,0,0,-0.5000000000000004,0.8660254037844384,-0.7818314824680299,0.6234898018587334,1630.0,1417.0,1374.0,1217.0,1471.142857142857,116.98066588320329,1630.0,1303.0,1395.5714285714287,127.04373219530014,1630.0,1228.0,1392.6666666666667,116.27474399866396,1630.0,1217.0,1278.2447013487476
2023-11-06,1402,114150.94,0,111.5025,101.0425,2023,11,6,0,4,310,0,0,0,-0.5000000000000004,0.8660254037844384,0.0,1.0,1653.0,1361.0,1316.0,1536.0,1504.857142857143,131.84009073044243,1653.0,1303.0,1415.5,144.1328180213329,1653.0,1228.0,1407.2,120.72379418639701,1653.0,1228.0,1278.6053897978825
2023-11-07,1531,137120.01,0,115.27499999999999,99.6225,2023,11,7,1,4,311,0,0,0,-0.5000000000000004,0.8660254037844384,0.7818314824680298,0.6234898018587336,1402.0,1303.0,1487.0,1460.0,1510.7142857142858,125.12355798132732,1653.0,1303.0,1421.642857142857,141.37218045497815,1653.0,1228.0,1402.7333333333333,118.24752919583746,1653.0,1228.0,1278.7240384615384
2023-11-08,1471,116079.45999999999,0,116.345,98.7925,2023,11,8,2,4,312,0,0,0,-0.5000000000000004,0.8660254037844384,0.9749279121818236,-0.22252093395631434,1531.0,1515.0,1228.0,1308.0,1543.2857142857142,85.41606852288919,1653.0,1402.0,1424.7857142857142,143.41128513230132,1653.0,1228.0,1405.1,120.12876711952089,1653.0,1228.0,1278.9663784822287
2023-11-09,1366,119670.26,0,112.985,101.58500000000001,2023,11,9,3,4,313,0,0,0,-0.5000000000000004,0.8660254037844384,0.43388373911755823,-0.900968867902419,1471.0,1496.0,1255.0,1375.0,1537.0,89.37188223001357,1653.0,1402.0,1442.142857142857,132.01448471976803,1653.0,1255.0,1410.5333333333333,119.26867187973114,1653.0,1228.0,1279.1506717850289
2023-11-10,1412,128541.62000000001,0,115.28999999999999,98.24000000000001,2023,11,10,4,4,314,0,0,0,-0.5000000000000004,0.8660254037844384,-0.433883739117558,-0.9009688679024191,1366.0,1576.0,1255.0,1526.0,1518.4285714285713,110.35527044182174,1653.0,1366.0,1450.0714285714287,122.93116540801684,1653.0,1255.0,1410.2333333333333,119.37240579115745,1653.0,1228.0,1279.233940556088
2023-11-11,1580,138141.25,1,113.435,100.70750000000001,2023,11,11,5,4,315,1,0,0,-0.5000000000000004,0.8660254037844384,-0.9749279121818236,-0.2225209339563146,1412.0,1630.0,1325.0,1476.0,1495.0,113.46071273059678,1653.0,1366.0,1461.2857142857142,110.27687432544906,1653.0,1303.0,1406.4333333333334,117.35759773924887,1653.0,1228.0,1279.361111111111
2023-11-12,1592,133758.84,1,110.77749999999999,98.23,2023,11,12,6,4,316,1,0,0,-0.5000000000000004,0.8660254037844384,-0.7818314824680299,0.6234898018587334,1580.0,1653.0,1417.0,1348.0,1487.857142857143,104.78776737042257,1653.0,1366.0,1479.5,107.04689842092807,1653.0,1303.0,1409.9,120.96404424456443,1653.0,1228.0,1279.6488038277512
2023-11-13,1426,116298.25,0,113.2625,101.63,2023,11,13,0,4,317,0,0,0,-0.5000000000000004,0.8660254037844384,0.0,1.0,1592.0,1402.0,1361.0,1487.0,1479.142857142857,90.30029267474376,1592.0,1366.0,1492.0,109.37936804465592,1653.0,1303.0,1418.0333333333333,124.80066404922466,1653.0,1228.0,1279.9474187380497
2023-11-14,1519,134386.89,1,109.52000000000001,99.55250000000001,2023,11,14,1,4,318,0,0,0,-0.5000000000000004,0.8660254037844384,0.7818314824680298,0.6234898018587336,1426.0,1531.0,1303.0,1477.0,1482.5714285714287,87.28851994556486,1592.0,1366.0,1496.642857142857,104.66915432988867,1653.0,1303.0,1416.0,124.13340987935862,1653.0,1228.0,1280.0869149952246
2023-11-15,1494,118346.29999999999,1,114.39999999999999,101.67,2023,11,15,2,4,319,0,0,0,-0.5000000000000004,0.8660254037844384,0.9749279121818236,-0.22252093395631434,1519.0,1471.0,1515.0,1240.0,1480.857142857143,86.29103578671656,1592.0,1366.0,1512.0714285714287,88.61885915427095,1653.0,1366.0,1417.4,125.07834786024827,1653.0,1228.0,1280.3148854961833
2023-11-16,1537,117478.11,1,111.0275,102.5175,2023,11,16,3,4,320,0,0,0,-0.5000000000000004,0.8660254037844384,0.43388373911755823,-0.900968867902419,1494.0,1366.0,1496.0,1517.0,1484.142857142857,86.29103578671675,1592.0,1366.0,1510.5714285714287,88.74311612369132,1653.0,1366.0,1425.8666666666666,121.19227622292195,1653.0,1228.0,1280.5185891325073
2023-11-17,1493,129973.04000000001,0,115.12750000000001,97.64750000000001,2023,11,17,4,4,321,0,0,0,-0.5000000000000004,0.8660254037844384,-0.433883739117558,-0.9009688679024191,1537.0,1412.0,1576.0,1298.0,1508.5714285714287,69.92342750671989,1592.0,1412.0,1513.5,88.90163103117021,1653.0,1366.0,1426.5333333333333,121.76453629383079,1653.0,1228.0,1280.7628571428572
2023-11-18,1450,130957.1,0,114.48500000000001,98.24000000000001,2023,11,18,5,4,322,1,0,0,-0.5000000000000004,0.8660254037844384,-0.9749279121818236,-0.2225209339563146,1493.0,1580.0,1630.0,1347.0,1520.142857142857,56.73749075474488,1592.0,1426.0,1507.5714285714287,87.16360768977373,1653.0,1366.0,1433.0333333333333,119.85637477712129,1653.0,1228.0,1280.964795432921
2023-11-19,1541,126938.18,0,112.0675,95.845,2023,11,19,6,4,323,1,0,0,-0.5000000000000004,0.8660254037844384,-0.7818314824680299,0.6234898018587334,1450.0,1592.0,1653.0,1231.0,1501.5714285714287,55.13274025133139,1592.0,1426.0,1494.7142857142858,80.75549857101196,1653.0,1366.0,1436.4666666666667,118.77731506779307,1653.0,1228.0,1281.1254752851712
2023-11-20,1489,119143.34,1,110.75,101.4225,2023,11,20,0,4,324,0,0,0,-0.5000000000000004,0.8660254037844384,0.0,1.0,1541.0,1426.0,1402.0,1399.0,1494.2857142857142,43.28862162169665,1541.0,1426.0,1486.7142857142858,68.48405605736293,1592.0,1366.0,1446.8,113.66023172536333,1653.0,1228.0,1281.372269705603
2023-11-21,1449,116051.34,1,105.1225,101.3725,2023,11,21,1,4,325,0,0,0,-0.5000000000000004,0.8660254037844384,0.7818314824680298,0.6234898018587336,1489.0,1519.0,1531.0,1374.0,1503.2857142857142,31.731762666238797,1541.0,1450.0,1492.9285714285713,64.00656731416557,1592.0,1366.0,1449.8,113.54276119899014,1653.0,1228.0,1281.5692599620493
2023-11-22,1312,115651.84000000001,0,112.23,98.765,2023,11,22,2,4,326,0,0,0,-0.5000000000000004,0.8660254037844384,0.9749279121818236,-0.22252093395631434,1449.0,1494.0,1471.0,1316.0,1493.2857142857142,36.609262424142706,1541.0,1449.0,1487.0714285714287,64.00656731416518,1592.0,1366.0,1452.3,112.63831344251244,1653.0,1228.0,1281.727962085308
2023-11-23,1384,120361.15000000001,0,114.795,100.86,2023,11,23,3,4,327,0,0,0,-0.5000000000000004,0.8660254037844384,0.43388373911755823,-0.900968867902419,1312.0,1537.0,1366.0,1487.0,1467.2857142857142,77.64602218984673,1541.0,1312.0,1475.7142857142858,79.34581426742209,1592.0,1312.0,1452.1666666666667,112.8074598087689,1653.0,1228.0,1281.7566287878788
2023-11-24,1739,155230.00999999998,0,115.1375,105.215,2023,11,24,4,4,328,0,0,0,-0.5000000000000004,0.8660254037844384,-0.433883739117558,-0.9009688679024191,1384.0,1493.0,1412.0,1228.0,1445.4285714285713,76.27331805828467,1541.0,1312.0,1477.0,77.55692698320979,1592.0,1312.0,1448.7333333333333,113.27718013894555,1653.0,1228.0,1281.8533585619678
2023-11-25,1751,165127.90999999997,1,104.965,97.44,2023,11,25,5,4,329,1,0,0,-0.5000000000000004,0.8660254037844384,-0.9749279121818236,-0.2225209339563146,1739.0,1450.0,1580.0,1255.0,1480.5714285714287,135.51243133978733,1739.0,1312.0,1500.357142857143,101.8963327964498,1739.0,1312.0,1465.7666666666667,117.28941020879851,1739.0,1255.0,1282.2854442344046
2023-11-26,1609,150684.39,0,115.11500000000001,101.53999999999999,2023,11,26,6,4,330,1,0,0,-0.5000000000000004,0.8660254037844384,-0.7818314824680299,0.6234898018587334,1751.0,1541.0,1592.0,1255.0,1523.5714285714287,168.045487039336,1751.0,1312.0,1512.5714285714287,120.6926894005084,1751.0,1312.0,1482.3,121.43996672118651,1751.0,1255.0,1282.728045325779
2023-11-27,1460,135537.29,1,102.5025,99.9975,2023,11,27,0,4,331,0,0,0,-0.5000000000000004,0.8660254037844384,0.0,1.0,1609.0,1489.0,1426.0,1325.0,1533.2857142857142,171.15754368974444,1751.0,1312.0,1513.7857142857142,121.63512813166565,1751.0,1312.0,1494.1,115.65297378290447,1751.0,1303.0,1283.0358490566039
2023-11-28,1445,127939.76000000001,1,111.3125,102.2125,2023,11,28,1,4,332,0,0,0,-0.5000000000000004,0.8660254037844384,0.7818314824680298,0.6234898018587336,1460.0,1449.0,1519.0,1417.0,1529.142857142857,172.75167975202103,1751.0,1312.0,1516.2142857142858,120.07701283339523,1751.0,1312.0,1498.6,111.39448386021813,1751.0,1303.0,1283.2026390197927
2023-11-29,1624,125183.87,1,108.47749999999999,97.1625,2023,11,29,2,4,333,0,0,0,-0.5000000000000004,0.8660254037844384,0.9749279121818236,-0.22252093395631434,1445.0,1312.0,1494.0,1361.0,1528.5714285714287,173.06728666702926,1751.0,1312.0,1510.9285714285713,121.56445854944565,1751.0,1312.0,1499.5333333333333,110.8029419917388,1751.0,1303.0,1283.3549905838042
2023-11-30,1356,117063.01,0,111.0625,98.9175,2023,11,30,3,4,334,0,0,1,-0.5000000000000004,0.8660254037844384,0.43388373911755823,-0.900968867902419,1624.0,1384.0,1537.0,1303.0,1573.142857142857,146.065543018007,1751.0,1384.0,1520.2142857142858,125.08592651050473,1751.0,1312.0,1508.3,109.86454041855829,1751.0,1303.0,1283.675446848542
2023-12-01,1456,144482.80000000002,1,104.77999999999999,98.71,2023,12,1,4,4,335,0,1,0,-2.4492935982947064e-16,1.0,-0.433883739117558,-0.9009688679024191,1356.0,1739.0,1493.0,1515.0,1569.142857142857,152.35641171436976,1751.0,1356.0,1507.2857142857142,132.35989897678652,1751.0,1312.0,1510.0666666666666,106.83371976189282,1751.0,1312.0,1283.7434210526317
2023-12-02,1616,137318.4,1,112.4175,96.2525,2023,12,2,5,4,336,1,0,0,-2.4492935982947064e-16,1.0,-0.9749279121818236,-0.2225209339563146,1456.0,1751.0,1450.0,1496.0,1528.7142857142858,136.493851248228,1751.0,1356.0,1504.642857142857,133.03475956587252,1751.0,1312.0,1508.1,107.28188779229035,1751.0,1312.0,1283.9051643192488
2023-12-03,1767,158042.1,1,107.785,99.705,2023,12,3,6,4,337,1,0,0,-2.4492935982947064e-16,1.0,-0.7818314824680299,0.6234898018587334,1616.0,1609.0,1541.0,1576.0,1509.4285714285713,105.97776047023963,1624.0,1356.0,1516.5,135.17040527253297,1751.0,1312.0,1512.1,109.0379086246757,1751.0,1312.0,1284.21669793621
2023-12-04,1547,113587.64,1,114.5475,101.8875,2023,12,4,0,4,338,0,0,0,-2.4492935982947064e-16,1.0,0.0,1.0,1767.0,1460.0,1489.0,1630.0,1532.0,141.5685935038865,1767.0,1356.0,1532.642857142857,150.90119393057432,1767.0,1312.0,1518.4666666666667,118.09748554459499,1767.0,1312.0,1284.6691658856607
2023-12-05,1300,108377.02000000002,0,111.1125,102.3725,2023,12,5,1,4,339,0,0,0,-2.4492935982947064e-16,1.0,0.7818314824680298,0.6234898018587336,1547.0,1445.0,1449.0,1653.0,1544.4285714285713,137.96721487713842,1767.0,1356.0,1536.7857142857142,150.4062082246939,1767.0,1312.0,1515.7,116.35384497893091,1767.0,1312.0,1284.9147940074906
2023-12-06,1377,111149.02,1,110.42249999999999,105.29,2023,12,6,2,4,340,0,0,0,-2.4492935982947064e-16,1.0,0.9749279121818236,-0.22252093395631434,1300.0,1624.0,1312.0,1402.0,1523.7142857142858,163.8421133141293,1767.0,1300.0,1526.142857142857,161.92631616922029,1767.0,1300.0,1503.9333333333334,119.78858771656053,1767.0,1300.0,1284.9289055191769
2023-12-07,1512,116357.81,1,113.33749999999999,100.8925,2023,12,7,3,4,341,0,0,0,-2.4492935982947064e-16,1.0,0.43388373911755823,-0.900968867902419,1377.0,1356.0,1384.0,1531.0,1488.4285714285713,165.2360504882452,1767.0,1300.0,1530.7857142857142,156.14252787434776,1767.0,1300.0,1503.1,120.60632739163489,1767.0,1300.0,1285.014953271028
2023-12-08,1487,147126.69,1,105.1025,101.125,2023,12,8,4,4,342,0,0,0,-2.4492935982947064e-16,1.0,-0.433883739117558,-0.9009688679024191,1512.0,1456.0,1739.0,1471.0,1510.7142857142858,154.5743772274042,1767.0,1300.0,1539.9285714285713,150.53313679960237,1767.0,1300.0,1502.4666666666667,120.50460953648991,1767.0,1300.0,1285.2268907563025
2023-12-09,1522,122237.94,1,109.035,100.80250000000001,2023,12,9,5,4,343,1,0,0,-2.4492935982947064e-16,1.0,-0.9749279121818236,-0.2225209339563146,1487.0,1616.0,1751.0,1366.0,1515.142857142857,153.18336351296333,1767.0,1300.0,1521.9285714285713,139.56496380138358,1767.0,1300.0,1503.0,120.39589865852896,1767.0,1300.0,1285.4151119402984
2023-12-10,1596,140744.39,0,113.98999999999998,100.4225,2023,12,10,6,4,344,1,0,0,-2.4492935982947064e-16,1.0,-0.7818314824680299,0.6234898018587334,1522.0,1767.0,1609.0,1412.0,1501.7142857142858,146.85788400777048,1767.0,1300.0,1505.5714285714287,123.10078065473205,1767.0,1300.0,1508.2,117.61139986970676,1767.0,1300.0,1285.6356011183598
2023-12-11,1482,114187.81,1,109.0625,101.91499999999999,2023,12,11,0,4,345,0,0,0,-2.4492935982947064e-16,1.0,0.0,1.0,1596.0,1547.0,1460.0,1580.0,1477.2857142857142,103.06909379265703,1596.0,1300.0,1504.642857142857,122.30705819174432,1767.0,1300.0,1514.3333333333333,117.21872668246844,1767.0,1300.0,1285.9245810055866
2023-12-12,1380,120554.12000000001,0,112.95500000000001,97.0625,2023,12,12,1,4,346,0,0,0,-2.4492935982947064e-16,1.0,0.7818314824680298,0.6234898018587336,1482.0,1300.0,1445.0,1592.0,1468.0,98.57146307798557,1596.0,1300.0,1506.2142857142858,121.82975421050176,1767.0,1300.0,1511.0666666666666,116.68996154956312,1767.0,1300.0,1286.106976744186
2023-12-13,1349,103802.26000000001,0,112.20750000000001,98.515,2023,12,13,2,4,347,0,0,0,-2.4492935982947064e-16,1.0,0.9749279121818236,-0.22252093395631434,1380.0,1377.0,1624.0,1426.0,1479.4285714285713,78.42588251094472,1596.0,1377.0,1501.5714285714287,125.52456963646522,1767.0,1300.0,1504.0,118.0312641224625,1767.0,1300.0,1286.1942379182155
2023-12-14,1405,120361.33,1,113.58749999999999,99.1575,2023,12,14,3,4,348,0,0,0,-2.4492935982947064e-16,1.0,0.43388373911755823,-0.900968867902419,1349.0,1512.0,1356.0,1519.0,1475.4285714285713,84.96245669482765,1596.0,1349.0,1481.9285714285713,126.40622202658791,1767.0,1300.0,1501.4333333333334,120.59527163297713,1767.0,1300.0,1286.2525533890437
2023-12-15,1592,154238.38,1,107.79,97.9975,2023,12,15,4,4,349,0,0,0,-2.4492935982947064e-16,1.0,-0.433883739117558,-0.9009688679024191,1405.0,1487.0,1456.0,1494.0,1460.142857142857,86.88963991069816,1596.0,1349.0,1485.4285714285713,123.29122140171769,1767.0,1300.0,1497.6333333333334,121.8125986727314,1767.0,1300.0,1286.3627087198515
2023-12-16,1505,124146.9,0,114.69,100.265,2023,12,16,5,4,350,1,0,0,-2.4492935982947064e-16,1.0,-0.9749279121818236,-0.2225209339563146,1592.0,1522.0,1616.0,1537.0,1475.142857142857,100.32352427925834,1596.0,1349.0,1495.142857142857,126.11951422414391,1767.0,1300.0,1500.9,123.01986102617009,1767.0,1300.0,1286.645968489342
2023-12-17,1568,117094.44,1,114.27000000000001,95.22749999999999,2023,12,17,6,4,351,1,0,0,-2.4492935982947064e-16,1.0,-0.7818314824680299,0.6234898018587334,1505.0,1596.0,1767.0,1493.0,1472.7142857142858,99.1996543772851,1596.0,1349.0,1487.2142857142858,121.33563023628828,1767.0,1300.0,1499.8333333333333,122.83464728941215,1767.0,1300.0,1286.848148148148
2023-12-18,1458,139184.9,1,101.88749999999999,103.0675,2023,12,18,0,4,352,0,0,0,-2.4492935982947064e-16,1.0,0.0,1.0,1568.0,1482.0,1547.0,1450.0,1468.7142857142858,93.81846706222667,1592.0,1349.0,1473.0,94.7904571633283,1596.0,1300.0,1502.3333333333333,123.4524432610716,1767.0,1300.0,1287.108233117484
2023-12-19,1437,125979.51000000001,0,111.44,98.8675,2023,12,19,1,4,353,0,0,0,-2.4492935982947064e-16,1.0,0.7818314824680298,0.6234898018587336,1458.0,1380.0,1300.0,1541.0,1465.2857142857142,93.69047316513071,1592.0,1349.0,1466.642857142857,92.40013914647355,1596.0,1300.0,1502.6,123.34409396984942,1767.0,1300.0,1287.2661737523106
2023-12-20,1486,127180.16,0,112.0025,100.6925,2023,12,20,2,4,354,0,0,0,-2.4492935982947064e-16,1.0,0.9749279121818236,-0.22252093395631434,1437.0,1349.0,1377.0,1489.0,1473.4285714285713,87.30188455938651,1592.0,1349.0,1476.4285714285713,79.78790566315122,1596.0,1349.0,1499.1333333333334,123.68863391969845,1767.0,1300.0,1287.404432132964
2023-12-21,1582,123539.67,1,113.30749999999999,100.905,2023,12,21,3,4,355,0,0,0,-2.4492935982947064e-16,1.0,0.43388373911755823,-0.900968867902419,1486.0,1405.0,1512.0,1449.0,1493.0,67.97548577736137,1592.0,1405.0,1484.2142857142858,74.48095117487539,1596.0,1349.0,1499.0333333333333,123.69832138167969,1767.0,1300.0,1287.5876383763837
2023-12-22,1578,147146.97999999998,1,106.24000000000001,104.295,2023,12,22,4,4,356,0,0,0,-2.4492935982947064e-16,1.0,-0.433883739117558,-0.9009688679024191,1582.0,1592.0,1487.0,1312.0,1518.2857142857142,62.483902688932176,1592.0,1437.0,1489.2142857142858,78.71875797511656,1596.0,1349.0,1503.4666666666667,124.22552720434346,1767.0,1300.0,1287.8589861751152
2023-12-23,1500,133022.22,0,112.04750000000001,102.83,2023,12,23,5,4,357,1,0,0,-2.4492935982947064e-16,1.0,-0.9749279121818236,-0.2225209339563146,1578.0,1505.0,1522.0,1384.0,1516.2857142857142,59.90190393668573,1582.0,1437.0,1495.7142857142858,82.20184217610347,1596.0,1349.0,1512.3333333333333,119.4909701777701,1767.0,1300.0,1288.1261510128913
2023-12-24,1730,154797.78,1,103.795,101.7875,2023,12,24,6,4,358,1,0,0,-2.4492935982947064e-16,1.0,-0.7818314824680299,0.6234898018587334,1500.0,1568.0,1596.0,1739.0,1515.5714285714287,60.08842690253148,1582.0,1437.0,1494.142857142857,81.87030751590841,1596.0,1349.0,1516.2,117.0468223434171,1767.0,1300.0,1288.3210671573138
2023-12-25,1488,125611.04,1,107.7325,98.995,2023,12,25,0,4,359,0,0,0,-2.4492935982947064e-16,1.0,0.0,1.0,1730.0,1458.0,1482.0,1751.0,1538.7142857142858,100.95001120310403,1730.0,1437.0,1503.7142857142858,100.42481195971983,1730.0,1349.0,1515.9,116.46617090605766,1767.0,1300.0,1288.7270220588234
2023-12-26,1339,117112.5,0,113.75500000000001,99.83500000000001,2023,12,26,1,4,360,0,0,0,-2.4492935982947064e-16,1.0,0.7818314824680298,0.6234898018587336,1488.0,1437.0,1380.0,1609.0,1543.0,97.53119159189764,1730.0,1437.0,1504.142857142857,100.3377811677763,1730.0,1349.0,1507.1333333333334,107.73010123751573,1767.0,1300.0,1288.9100091827365
2023-12-27,1535,128828.6,0,110.64250000000001,97.8675,2023,12,27,2,4,361,0,0,0,-2.4492935982947064e-16,1.0,0.9749279121818236,-0.22252093395631434,1339.0,1486.0,1349.0,1460.0,1529.0,119.77896309453497,1730.0,1339.0,1501.2142857142858,104.741571037,1730.0,1339.0,1498.1333333333334,110.17689016503601,1767.0,1300.0,1288.9559633027523
2023-12-28,1392,121420.73,0,113.22749999999999,103.9825,2023,12,28,3,4,362,0,0,0,-2.4492935982947064e-16,1.0,0.43388373911755823,-0.900968867902419,1535.0,1582.0,1405.0,1445.0,1536.0,118.2694663328989,1730.0,1339.0,1514.5,95.3219241873114,1730.0,1339.0,1500.6333333333334,110.13267338591253,1767.0,1300.0,1289.1814848762604
2023-12-29,1501,130782.67,1,105.58749999999999,101.525,2023,12,29,4,4,363,0,0,0,-2.4492935982947064e-16,1.0,-0.433883739117558,-0.9009688679024191,1392.0,1578.0,1592.0,1624.0,1508.857142857143,127.40281076364822,1730.0,1339.0,1513.5714285714287,96.5263728695063,1730.0,1339.0,1498.8666666666666,111.47281509744319,1767.0,1300.0,1289.275641025641
2023-12-30,1585,136946.38,1,110.61250000000001,101.84,2023,12,30,5,4,364,1,0,0,-2.4492935982947064e-16,1.0,-0.9749279121818236,-0.2225209339563146,1501.0,1500.0,1505.0,1356.0,1497.857142857143,123.70856689741086,1730.0,1339.0,1507.0714285714287,93.86607832088713,1730.0,1339.0,1494.7666666666667,108.94499824994149,1767.0,1300.0,1289.4693504117108
2023-12-31,1520,137584.88,1,103.9,102.59,2023,12,31,6,4,365,1,0,1,-2.4492935982947064e-16,1.0,-0.7818314824680299,0.6234898018587334,1585.0,1730.0,1568.0,1456.0,1510.0,128.04946960713443,1730.0,1339.0,1512.7857142857142,96.13786460594655,1730.0,1339.0,1502.4,106.8900821179125,1767.0,1300.0,1289.7394881170019
